author_id,community,degree
https://openalex.org/A5086173064,0,171
https://openalex.org/A5055710645,0,139
https://openalex.org/A5071422618,0,100
https://openalex.org/A5000679279,0,77
https://openalex.org/A5079517520,0,61
https://openalex.org/A5074129504,0,53
https://openalex.org/A5054707908,0,46
https://openalex.org/A5081429241,0,46
https://openalex.org/A5101446790,0,44
https://openalex.org/A5044130443,0,41
https://openalex.org/A5101866798,0,41
https://openalex.org/A5014647140,0,37
https://openalex.org/A5064158757,0,37
https://openalex.org/A5011195481,0,34
https://openalex.org/A5086827245,0,33
https://openalex.org/A5025977681,0,28
https://openalex.org/A5027036879,0,27
https://openalex.org/A5079458476,0,26
https://openalex.org/A5072263832,0,24
https://openalex.org/A5076202690,0,22
https://openalex.org/A5086653394,0,22
https://openalex.org/A5027079032,0,19
https://openalex.org/A5058284930,0,19
https://openalex.org/A5020965594,0,18
https://openalex.org/A5031039880,0,18
https://openalex.org/A5043896474,0,18
https://openalex.org/A5034703281,0,17
https://openalex.org/A5052541789,0,17
https://openalex.org/A5017222566,0,16
https://openalex.org/A5051257652,0,16
https://openalex.org/A5074825066,0,16
https://openalex.org/A5011168888,0,15
https://openalex.org/A5029418921,0,15
https://openalex.org/A5030588092,0,15
https://openalex.org/A5032539868,0,15
https://openalex.org/A5041089506,0,15
https://openalex.org/A5048789742,0,15
https://openalex.org/A5052223634,0,14
https://openalex.org/A5072149108,0,14
https://openalex.org/A5074698656,0,14
https://openalex.org/A5112395873,0,14
https://openalex.org/A5055446394,0,13
https://openalex.org/A5056662128,0,13
https://openalex.org/A5065218859,0,13
https://openalex.org/A5078491738,0,13
https://openalex.org/A5078651528,0,13
https://openalex.org/A5081744093,0,13
https://openalex.org/A5085205626,0,13
https://openalex.org/A5089831843,0,13
https://openalex.org/A5110188892,0,13
https://openalex.org/A5006354562,0,12
https://openalex.org/A5017596078,0,12
https://openalex.org/A5030987696,0,12
https://openalex.org/A5058815871,0,12
https://openalex.org/A5006931655,0,11
https://openalex.org/A5007065406,0,11
https://openalex.org/A5013414457,0,11
https://openalex.org/A5036398088,0,11
https://openalex.org/A5040052580,0,11
https://openalex.org/A5042396378,0,11
https://openalex.org/A5045325634,0,11
https://openalex.org/A5064217008,0,11
https://openalex.org/A5078682514,0,11
https://openalex.org/A5078829915,0,11
https://openalex.org/A5080732494,0,11
https://openalex.org/A5103163280,0,11
https://openalex.org/A5114488878,0,11
https://openalex.org/A5018646665,0,10
https://openalex.org/A5025175846,0,10
https://openalex.org/A5026721037,0,10
https://openalex.org/A5027117465,0,10
https://openalex.org/A5040821463,0,10
https://openalex.org/A5047197460,0,10
https://openalex.org/A5058550942,0,10
https://openalex.org/A5062989871,0,10
https://openalex.org/A5069498415,0,10
https://openalex.org/A5072647467,0,10
https://openalex.org/A5090064001,0,10
https://openalex.org/A5108655124,0,10
https://openalex.org/A5112446832,0,10
https://openalex.org/A5112613441,0,10
https://openalex.org/A5018708584,0,9
https://openalex.org/A5022598524,0,9
https://openalex.org/A5024390954,0,9
https://openalex.org/A5024925085,0,9
https://openalex.org/A5025992076,0,9
https://openalex.org/A5031192635,0,9
https://openalex.org/A5039428882,0,9
https://openalex.org/A5052372722,0,9
https://openalex.org/A5054225034,0,9
https://openalex.org/A5059731779,0,9
https://openalex.org/A5067778879,0,9
https://openalex.org/A5073672615,0,9
https://openalex.org/A5079756254,0,9
https://openalex.org/A5080482016,0,9
https://openalex.org/A5085753634,0,9
https://openalex.org/A5002765890,0,8
https://openalex.org/A5014455800,0,8
https://openalex.org/A5014659992,0,8
https://openalex.org/A5020174433,0,8
https://openalex.org/A5020824659,0,8
https://openalex.org/A5024032496,0,8
https://openalex.org/A5024476138,0,8
https://openalex.org/A5027778611,0,8
https://openalex.org/A5030556471,0,8
https://openalex.org/A5031187446,0,8
https://openalex.org/A5032254007,0,8
https://openalex.org/A5035704151,0,8
https://openalex.org/A5037525426,0,8
https://openalex.org/A5037553376,0,8
https://openalex.org/A5040067447,0,8
https://openalex.org/A5041638381,0,8
https://openalex.org/A5041869459,0,8
https://openalex.org/A5042172804,0,8
https://openalex.org/A5043730003,0,8
https://openalex.org/A5048132210,0,8
https://openalex.org/A5048167453,0,8
https://openalex.org/A5048759955,0,8
https://openalex.org/A5050525772,0,8
https://openalex.org/A5051908691,0,8
https://openalex.org/A5055048537,0,8
https://openalex.org/A5057257639,0,8
https://openalex.org/A5059587110,0,8
https://openalex.org/A5059599749,0,8
https://openalex.org/A5061980190,0,8
https://openalex.org/A5064470161,0,8
https://openalex.org/A5065406908,0,8
https://openalex.org/A5065733917,0,8
https://openalex.org/A5067020194,0,8
https://openalex.org/A5069927301,0,8
https://openalex.org/A5070124702,0,8
https://openalex.org/A5071586190,0,8
https://openalex.org/A5072223860,0,8
https://openalex.org/A5072989920,0,8
https://openalex.org/A5076828903,0,8
https://openalex.org/A5076876084,0,8
https://openalex.org/A5082088330,0,8
https://openalex.org/A5082366335,0,8
https://openalex.org/A5083279481,0,8
https://openalex.org/A5090307961,0,8
https://openalex.org/A5091194637,0,8
https://openalex.org/A5091578080,0,8
https://openalex.org/A5101676626,0,8
https://openalex.org/A5106235930,0,8
https://openalex.org/A5110160484,0,8
https://openalex.org/A5110467021,0,8
https://openalex.org/A5111847228,0,8
https://openalex.org/A5002092845,0,7
https://openalex.org/A5002384334,0,7
https://openalex.org/A5016245996,0,7
https://openalex.org/A5020340631,0,7
https://openalex.org/A5021838614,0,7
https://openalex.org/A5037430586,0,7
https://openalex.org/A5039915143,0,7
https://openalex.org/A5040526518,0,7
https://openalex.org/A5041496321,0,7
https://openalex.org/A5041567023,0,7
https://openalex.org/A5043502440,0,7
https://openalex.org/A5045162648,0,7
https://openalex.org/A5053700545,0,7
https://openalex.org/A5054519023,0,7
https://openalex.org/A5059397663,0,7
https://openalex.org/A5060975667,0,7
https://openalex.org/A5066182501,0,7
https://openalex.org/A5067654814,0,7
https://openalex.org/A5068021191,0,7
https://openalex.org/A5071725999,0,7
https://openalex.org/A5074024654,0,7
https://openalex.org/A5074199492,0,7
https://openalex.org/A5075149019,0,7
https://openalex.org/A5076259865,0,7
https://openalex.org/A5076921494,0,7
https://openalex.org/A5077421690,0,7
https://openalex.org/A5083173795,0,7
https://openalex.org/A5084532918,0,7
https://openalex.org/A5084955075,0,7
https://openalex.org/A5100349166,0,7
https://openalex.org/A5100711158,0,7
https://openalex.org/A5100761643,0,7
https://openalex.org/A5101434141,0,7
https://openalex.org/A5101519422,0,7
https://openalex.org/A5103376920,0,7
https://openalex.org/A5103993595,0,7
https://openalex.org/A5104023644,0,7
https://openalex.org/A5105178801,0,7
https://openalex.org/A5110498351,0,7
https://openalex.org/A5111705381,0,7
https://openalex.org/A5112167589,0,7
https://openalex.org/A5006381131,0,6
https://openalex.org/A5009128820,0,6
https://openalex.org/A5013420619,0,6
https://openalex.org/A5013750306,0,6
https://openalex.org/A5015588148,0,6
https://openalex.org/A5018777562,0,6
https://openalex.org/A5020218455,0,6
https://openalex.org/A5022275521,0,6
https://openalex.org/A5023571961,0,6
https://openalex.org/A5025801291,0,6
https://openalex.org/A5027041171,0,6
https://openalex.org/A5030500341,0,6
https://openalex.org/A5033543507,0,6
https://openalex.org/A5034011439,0,6
https://openalex.org/A5036934218,0,6
https://openalex.org/A5037186646,0,6
https://openalex.org/A5038316787,0,6
https://openalex.org/A5038481659,0,6
https://openalex.org/A5038907218,0,6
https://openalex.org/A5039637818,0,6
https://openalex.org/A5040337779,0,6
https://openalex.org/A5042324278,0,6
https://openalex.org/A5042805137,0,6
https://openalex.org/A5042883048,0,6
https://openalex.org/A5048284926,0,6
https://openalex.org/A5050245571,0,6
https://openalex.org/A5051308191,0,6
https://openalex.org/A5051690097,0,6
https://openalex.org/A5052585993,0,6
https://openalex.org/A5054304362,0,6
https://openalex.org/A5054744757,0,6
https://openalex.org/A5057096489,0,6
https://openalex.org/A5057338010,0,6
https://openalex.org/A5058337147,0,6
https://openalex.org/A5058684689,0,6
https://openalex.org/A5062937829,0,6
https://openalex.org/A5067542675,0,6
https://openalex.org/A5069037107,0,6
https://openalex.org/A5072619282,0,6
https://openalex.org/A5073107985,0,6
https://openalex.org/A5075125669,0,6
https://openalex.org/A5075790566,0,6
https://openalex.org/A5076398343,0,6
https://openalex.org/A5076826749,0,6
https://openalex.org/A5082953212,0,6
https://openalex.org/A5083645580,0,6
https://openalex.org/A5083949367,0,6
https://openalex.org/A5084891661,0,6
https://openalex.org/A5091625866,0,6
https://openalex.org/A5092142329,0,6
https://openalex.org/A5100355722,0,6
https://openalex.org/A5101803962,0,6
https://openalex.org/A5101967425,0,6
https://openalex.org/A5101979342,0,6
https://openalex.org/A5103031482,0,6
https://openalex.org/A5103216912,0,6
https://openalex.org/A5105407916,0,6
https://openalex.org/A5110862612,0,6
https://openalex.org/A5111383811,0,6
https://openalex.org/A5114406750,0,6
https://openalex.org/A5001125856,0,5
https://openalex.org/A5006695988,0,5
https://openalex.org/A5007807125,0,5
https://openalex.org/A5010287399,0,5
https://openalex.org/A5010436269,0,5
https://openalex.org/A5011419489,0,5
https://openalex.org/A5011588754,0,5
https://openalex.org/A5012794147,0,5
https://openalex.org/A5017669758,0,5
https://openalex.org/A5017807232,0,5
https://openalex.org/A5020087789,0,5
https://openalex.org/A5021039480,0,5
https://openalex.org/A5021537631,0,5
https://openalex.org/A5021644216,0,5
https://openalex.org/A5022886322,0,5
https://openalex.org/A5024435233,0,5
https://openalex.org/A5026432396,0,5
https://openalex.org/A5026626448,0,5
https://openalex.org/A5027826222,0,5
https://openalex.org/A5031849940,0,5
https://openalex.org/A5034008095,0,5
https://openalex.org/A5034327826,0,5
https://openalex.org/A5035174955,0,5
https://openalex.org/A5035604081,0,5
https://openalex.org/A5038842358,0,5
https://openalex.org/A5040802807,0,5
https://openalex.org/A5041421492,0,5
https://openalex.org/A5041652507,0,5
https://openalex.org/A5041706388,0,5
https://openalex.org/A5043178787,0,5
https://openalex.org/A5044369270,0,5
https://openalex.org/A5045620226,0,5
https://openalex.org/A5046243153,0,5
https://openalex.org/A5046719770,0,5
https://openalex.org/A5047584056,0,5
https://openalex.org/A5048028100,0,5
https://openalex.org/A5048181040,0,5
https://openalex.org/A5048901866,0,5
https://openalex.org/A5049812527,0,5
https://openalex.org/A5051885478,0,5
https://openalex.org/A5051915569,0,5
https://openalex.org/A5053102850,0,5
https://openalex.org/A5055962146,0,5
https://openalex.org/A5056160104,0,5
https://openalex.org/A5057281816,0,5
https://openalex.org/A5058010593,0,5
https://openalex.org/A5060468929,0,5
https://openalex.org/A5060733666,0,5
https://openalex.org/A5060898370,0,5
https://openalex.org/A5061449196,0,5
https://openalex.org/A5061755779,0,5
https://openalex.org/A5063325475,0,5
https://openalex.org/A5063460883,0,5
https://openalex.org/A5065432681,0,5
https://openalex.org/A5068388812,0,5
https://openalex.org/A5069767266,0,5
https://openalex.org/A5070972440,0,5
https://openalex.org/A5073145391,0,5
https://openalex.org/A5073612307,0,5
https://openalex.org/A5074093929,0,5
https://openalex.org/A5074640940,0,5
https://openalex.org/A5076059277,0,5
https://openalex.org/A5076818856,0,5
https://openalex.org/A5077160360,0,5
https://openalex.org/A5077482746,0,5
https://openalex.org/A5079270249,0,5
https://openalex.org/A5082615315,0,5
https://openalex.org/A5088993890,0,5
https://openalex.org/A5092810091,0,5
https://openalex.org/A5100738421,0,5
https://openalex.org/A5103073442,0,5
https://openalex.org/A5103177535,0,5
https://openalex.org/A5103835895,0,5
https://openalex.org/A5109593357,0,5
https://openalex.org/A5109803327,0,5
https://openalex.org/A5110224532,0,5
https://openalex.org/A5110761464,0,5
https://openalex.org/A5111936847,0,5
https://openalex.org/A5112224258,0,5
https://openalex.org/A5000522111,0,4
https://openalex.org/A5002044670,0,4
https://openalex.org/A5004918186,0,4
https://openalex.org/A5007649650,0,4
https://openalex.org/A5007755189,0,4
https://openalex.org/A5007848139,0,4
https://openalex.org/A5007861811,0,4
https://openalex.org/A5008145540,0,4
https://openalex.org/A5008417409,0,4
https://openalex.org/A5008569720,0,4
https://openalex.org/A5008904693,0,4
https://openalex.org/A5010422300,0,4
https://openalex.org/A5012129582,0,4
https://openalex.org/A5012492256,0,4
https://openalex.org/A5012939002,0,4
https://openalex.org/A5013836248,0,4
https://openalex.org/A5014398832,0,4
https://openalex.org/A5014796446,0,4
https://openalex.org/A5015444233,0,4
https://openalex.org/A5015520086,0,4
https://openalex.org/A5015737731,0,4
https://openalex.org/A5016952117,0,4
https://openalex.org/A5017471254,0,4
https://openalex.org/A5017768355,0,4
https://openalex.org/A5018298110,0,4
https://openalex.org/A5020555387,0,4
https://openalex.org/A5023048192,0,4
https://openalex.org/A5024312485,0,4
https://openalex.org/A5024633466,0,4
https://openalex.org/A5025808053,0,4
https://openalex.org/A5026829784,0,4
https://openalex.org/A5027824085,0,4
https://openalex.org/A5029554720,0,4
https://openalex.org/A5030578187,0,4
https://openalex.org/A5031071944,0,4
https://openalex.org/A5032650806,0,4
https://openalex.org/A5032749005,0,4
https://openalex.org/A5032862939,0,4
https://openalex.org/A5034217753,0,4
https://openalex.org/A5036669088,0,4
https://openalex.org/A5036936081,0,4
https://openalex.org/A5037154191,0,4
https://openalex.org/A5038697749,0,4
https://openalex.org/A5039012338,0,4
https://openalex.org/A5040437487,0,4
https://openalex.org/A5041020727,0,4
https://openalex.org/A5041136131,0,4
https://openalex.org/A5041330046,0,4
https://openalex.org/A5041448254,0,4
https://openalex.org/A5042165238,0,4
https://openalex.org/A5043155699,0,4
https://openalex.org/A5043354448,0,4
https://openalex.org/A5046703626,0,4
https://openalex.org/A5047182302,0,4
https://openalex.org/A5047236098,0,4
https://openalex.org/A5047384824,0,4
https://openalex.org/A5047553225,0,4
https://openalex.org/A5048404778,0,4
https://openalex.org/A5049055278,0,4
https://openalex.org/A5050910936,0,4
https://openalex.org/A5053751744,0,4
https://openalex.org/A5054775817,0,4
https://openalex.org/A5056551357,0,4
https://openalex.org/A5058419902,0,4
https://openalex.org/A5060287971,0,4
https://openalex.org/A5062807811,0,4
https://openalex.org/A5062949033,0,4
https://openalex.org/A5064274071,0,4
https://openalex.org/A5064475993,0,4
https://openalex.org/A5064986566,0,4
https://openalex.org/A5065203625,0,4
https://openalex.org/A5065743725,0,4
https://openalex.org/A5066696247,0,4
https://openalex.org/A5067319603,0,4
https://openalex.org/A5071310175,0,4
https://openalex.org/A5071634649,0,4
https://openalex.org/A5073688320,0,4
https://openalex.org/A5074301405,0,4
https://openalex.org/A5074393700,0,4
https://openalex.org/A5075527094,0,4
https://openalex.org/A5076701535,0,4
https://openalex.org/A5078381067,0,4
https://openalex.org/A5078401676,0,4
https://openalex.org/A5079144308,0,4
https://openalex.org/A5079349226,0,4
https://openalex.org/A5079649288,0,4
https://openalex.org/A5080592530,0,4
https://openalex.org/A5081880854,0,4
https://openalex.org/A5082080991,0,4
https://openalex.org/A5082183505,0,4
https://openalex.org/A5082913931,0,4
https://openalex.org/A5084817430,0,4
https://openalex.org/A5085368888,0,4
https://openalex.org/A5089082846,0,4
https://openalex.org/A5089372170,0,4
https://openalex.org/A5090925242,0,4
https://openalex.org/A5100349154,0,4
https://openalex.org/A5100607328,0,4
https://openalex.org/A5100674281,0,4
https://openalex.org/A5100738419,0,4
https://openalex.org/A5100748195,0,4
https://openalex.org/A5100765267,0,4
https://openalex.org/A5101537420,0,4
https://openalex.org/A5101998685,0,4
https://openalex.org/A5102775579,0,4
https://openalex.org/A5102841535,0,4
https://openalex.org/A5103244761,0,4
https://openalex.org/A5103285429,0,4
https://openalex.org/A5103329632,0,4
https://openalex.org/A5108126300,0,4
https://openalex.org/A5108521073,0,4
https://openalex.org/A5109412901,0,4
https://openalex.org/A5110332958,0,4
https://openalex.org/A5113108496,0,4
https://openalex.org/A5000038347,0,3
https://openalex.org/A5000331865,0,3
https://openalex.org/A5000547643,0,3
https://openalex.org/A5001220322,0,3
https://openalex.org/A5001260567,0,3
https://openalex.org/A5001809253,0,3
https://openalex.org/A5001893057,0,3
https://openalex.org/A5001969602,0,3
https://openalex.org/A5002329799,0,3
https://openalex.org/A5002371544,0,3
https://openalex.org/A5002658393,0,3
https://openalex.org/A5003319171,0,3
https://openalex.org/A5003475239,0,3
https://openalex.org/A5003816851,0,3
https://openalex.org/A5004100817,0,3
https://openalex.org/A5005193721,0,3
https://openalex.org/A5006017733,0,3
https://openalex.org/A5006488129,0,3
https://openalex.org/A5007618576,0,3
https://openalex.org/A5008727361,0,3
https://openalex.org/A5008862123,0,3
https://openalex.org/A5008894601,0,3
https://openalex.org/A5009111822,0,3
https://openalex.org/A5009504829,0,3
https://openalex.org/A5010084304,0,3
https://openalex.org/A5017065451,0,3
https://openalex.org/A5017396293,0,3
https://openalex.org/A5017569760,0,3
https://openalex.org/A5018049608,0,3
https://openalex.org/A5018098888,0,3
https://openalex.org/A5018309070,0,3
https://openalex.org/A5018384415,0,3
https://openalex.org/A5018565911,0,3
https://openalex.org/A5018665643,0,3
https://openalex.org/A5018777906,0,3
https://openalex.org/A5018937306,0,3
https://openalex.org/A5019027303,0,3
https://openalex.org/A5019800917,0,3
https://openalex.org/A5020124095,0,3
https://openalex.org/A5020756820,0,3
https://openalex.org/A5021045285,0,3
https://openalex.org/A5023473667,0,3
https://openalex.org/A5027411355,0,3
https://openalex.org/A5027814433,0,3
https://openalex.org/A5029857170,0,3
https://openalex.org/A5031220186,0,3
https://openalex.org/A5032482329,0,3
https://openalex.org/A5032779977,0,3
https://openalex.org/A5032784376,0,3
https://openalex.org/A5033593347,0,3
https://openalex.org/A5033629846,0,3
https://openalex.org/A5033935340,0,3
https://openalex.org/A5034153476,0,3
https://openalex.org/A5035001911,0,3
https://openalex.org/A5035586856,0,3
https://openalex.org/A5035721794,0,3
https://openalex.org/A5036321054,0,3
https://openalex.org/A5036731944,0,3
https://openalex.org/A5036739622,0,3
https://openalex.org/A5037371592,0,3
https://openalex.org/A5037611969,0,3
https://openalex.org/A5038356922,0,3
https://openalex.org/A5039019367,0,3
https://openalex.org/A5039110976,0,3
https://openalex.org/A5039201046,0,3
https://openalex.org/A5039292004,0,3
https://openalex.org/A5041660049,0,3
https://openalex.org/A5042176198,0,3
https://openalex.org/A5042918872,0,3
https://openalex.org/A5046684979,0,3
https://openalex.org/A5046785760,0,3
https://openalex.org/A5047154233,0,3
https://openalex.org/A5047370430,0,3
https://openalex.org/A5047720824,0,3
https://openalex.org/A5049969151,0,3
https://openalex.org/A5051039292,0,3
https://openalex.org/A5054164320,0,3
https://openalex.org/A5054316864,0,3
https://openalex.org/A5054395332,0,3
https://openalex.org/A5057693522,0,3
https://openalex.org/A5058437817,0,3
https://openalex.org/A5059945353,0,3
https://openalex.org/A5062059992,0,3
https://openalex.org/A5062253481,0,3
https://openalex.org/A5063648924,0,3
https://openalex.org/A5065693795,0,3
https://openalex.org/A5065695849,0,3
https://openalex.org/A5065798117,0,3
https://openalex.org/A5066926540,0,3
https://openalex.org/A5068071252,0,3
https://openalex.org/A5068511908,0,3
https://openalex.org/A5070795618,0,3
https://openalex.org/A5071133681,0,3
https://openalex.org/A5071294124,0,3
https://openalex.org/A5073662865,0,3
https://openalex.org/A5074416333,0,3
https://openalex.org/A5074716096,0,3
https://openalex.org/A5074859879,0,3
https://openalex.org/A5075264974,0,3
https://openalex.org/A5075276537,0,3
https://openalex.org/A5075312264,0,3
https://openalex.org/A5077451185,0,3
https://openalex.org/A5079100556,0,3
https://openalex.org/A5079845832,0,3
https://openalex.org/A5080298742,0,3
https://openalex.org/A5080833581,0,3
https://openalex.org/A5085763758,0,3
https://openalex.org/A5088349098,0,3
https://openalex.org/A5088553895,0,3
https://openalex.org/A5089831647,0,3
https://openalex.org/A5097259249,0,3
https://openalex.org/A5100368048,0,3
https://openalex.org/A5100400986,0,3
https://openalex.org/A5100738428,0,3
https://openalex.org/A5100841019,0,3
https://openalex.org/A5101056045,0,3
https://openalex.org/A5101400522,0,3
https://openalex.org/A5101587259,0,3
https://openalex.org/A5101799604,0,3
https://openalex.org/A5101950342,0,3
https://openalex.org/A5101961985,0,3
https://openalex.org/A5102023198,0,3
https://openalex.org/A5102964654,0,3
https://openalex.org/A5102989133,0,3
https://openalex.org/A5103096610,0,3
https://openalex.org/A5103485800,0,3
https://openalex.org/A5103493257,0,3
https://openalex.org/A5103531540,0,3
https://openalex.org/A5109938167,0,3
https://openalex.org/A5110021473,0,3
https://openalex.org/A5110849557,0,3
https://openalex.org/A5111311082,0,3
https://openalex.org/A5111414629,0,3
https://openalex.org/A5111433522,0,3
https://openalex.org/A5111811662,0,3
https://openalex.org/A5112011973,0,3
https://openalex.org/A5112141456,0,3
https://openalex.org/A5113970167,0,3
https://openalex.org/A5001160996,0,2
https://openalex.org/A5009092137,0,2
https://openalex.org/A5009319874,0,2
https://openalex.org/A5009417234,0,2
https://openalex.org/A5010637429,0,2
https://openalex.org/A5011820318,0,2
https://openalex.org/A5015084109,0,2
https://openalex.org/A5015129790,0,2
https://openalex.org/A5016078883,0,2
https://openalex.org/A5016643591,0,2
https://openalex.org/A5018729691,0,2
https://openalex.org/A5019303003,0,2
https://openalex.org/A5019994476,0,2
https://openalex.org/A5020180369,0,2
https://openalex.org/A5020837990,0,2
https://openalex.org/A5020846103,0,2
https://openalex.org/A5021197130,0,2
https://openalex.org/A5022487338,0,2
https://openalex.org/A5022698469,0,2
https://openalex.org/A5023537206,0,2
https://openalex.org/A5023765219,0,2
https://openalex.org/A5024265841,0,2
https://openalex.org/A5024803432,0,2
https://openalex.org/A5025090995,0,2
https://openalex.org/A5027937806,0,2
https://openalex.org/A5034550283,0,2
https://openalex.org/A5036948699,0,2
https://openalex.org/A5038141358,0,2
https://openalex.org/A5039749384,0,2
https://openalex.org/A5040225125,0,2
https://openalex.org/A5043376121,0,2
https://openalex.org/A5043614405,0,2
https://openalex.org/A5044078921,0,2
https://openalex.org/A5045648666,0,2
https://openalex.org/A5046315164,0,2
https://openalex.org/A5050028246,0,2
https://openalex.org/A5050162385,0,2
https://openalex.org/A5053094139,0,2
https://openalex.org/A5053740228,0,2
https://openalex.org/A5054178937,0,2
https://openalex.org/A5054501621,0,2
https://openalex.org/A5054751297,0,2
https://openalex.org/A5056428879,0,2
https://openalex.org/A5057573097,0,2
https://openalex.org/A5057821503,0,2
https://openalex.org/A5057936833,0,2
https://openalex.org/A5058603769,0,2
https://openalex.org/A5059306610,0,2
https://openalex.org/A5060513804,0,2
https://openalex.org/A5060775327,0,2
https://openalex.org/A5061127138,0,2
https://openalex.org/A5061734145,0,2
https://openalex.org/A5061825460,0,2
https://openalex.org/A5063633119,0,2
https://openalex.org/A5064451587,0,2
https://openalex.org/A5065795662,0,2
https://openalex.org/A5066136171,0,2
https://openalex.org/A5068862395,0,2
https://openalex.org/A5069948947,0,2
https://openalex.org/A5071220716,0,2
https://openalex.org/A5072294897,0,2
https://openalex.org/A5072397842,0,2
https://openalex.org/A5073163418,0,2
https://openalex.org/A5073178123,0,2
https://openalex.org/A5073697071,0,2
https://openalex.org/A5076574157,0,2
https://openalex.org/A5079827300,0,2
https://openalex.org/A5080992296,0,2
https://openalex.org/A5081572800,0,2
https://openalex.org/A5082381994,0,2
https://openalex.org/A5086904495,0,2
https://openalex.org/A5087128242,0,2
https://openalex.org/A5087136352,0,2
https://openalex.org/A5089631680,0,2
https://openalex.org/A5089639500,0,2
https://openalex.org/A5090717977,0,2
https://openalex.org/A5090739892,0,2
https://openalex.org/A5091010876,0,2
https://openalex.org/A5091031461,0,2
https://openalex.org/A5100378605,0,2
https://openalex.org/A5100738429,0,2
https://openalex.org/A5101480173,0,2
https://openalex.org/A5101851026,0,2
https://openalex.org/A5101857793,0,2
https://openalex.org/A5102832863,0,2
https://openalex.org/A5102922371,0,2
https://openalex.org/A5103117754,0,2
https://openalex.org/A5103200572,0,2
https://openalex.org/A5104056982,0,2
https://openalex.org/A5108850538,0,2
https://openalex.org/A5109041721,0,2
https://openalex.org/A5109869596,0,2
https://openalex.org/A5113572159,0,2
https://openalex.org/A5114053165,0,2
https://openalex.org/A5002102744,0,1
https://openalex.org/A5002338764,0,1
https://openalex.org/A5002619444,0,1
https://openalex.org/A5002743983,0,1
https://openalex.org/A5006409583,0,1
https://openalex.org/A5009587995,0,1
https://openalex.org/A5011256345,0,1
https://openalex.org/A5023749345,0,1
https://openalex.org/A5033090175,0,1
https://openalex.org/A5036325834,0,1
https://openalex.org/A5037488679,0,1
https://openalex.org/A5037550522,0,1
https://openalex.org/A5040644463,0,1
https://openalex.org/A5046490531,0,1
https://openalex.org/A5050329866,0,1
https://openalex.org/A5050455801,0,1
https://openalex.org/A5050481354,0,1
https://openalex.org/A5057880103,0,1
https://openalex.org/A5062118866,0,1
https://openalex.org/A5064413029,0,1
https://openalex.org/A5065222438,0,1
https://openalex.org/A5067156343,0,1
https://openalex.org/A5069288700,0,1
https://openalex.org/A5069574615,0,1
https://openalex.org/A5071177661,0,1
https://openalex.org/A5073628260,0,1
https://openalex.org/A5076173089,0,1
https://openalex.org/A5079596685,0,1
https://openalex.org/A5080692642,0,1
https://openalex.org/A5084413160,0,1
https://openalex.org/A5085016300,0,1
https://openalex.org/A5087025582,0,1
https://openalex.org/A5101599193,0,1
https://openalex.org/A5102143229,0,1
https://openalex.org/A5110118358,0,1
https://openalex.org/A5110342355,0,1
https://openalex.org/A5110544572,0,1
https://openalex.org/A5112864313,0,1
https://openalex.org/A5113603483,0,1
https://openalex.org/A5113797420,0,1
https://openalex.org/A5007176508,1,265
https://openalex.org/A5048877432,1,132
https://openalex.org/A5009232244,1,126
https://openalex.org/A5088539840,1,78
https://openalex.org/A5064297795,1,67
https://openalex.org/A5014640639,1,46
https://openalex.org/A5039448366,1,44
https://openalex.org/A5017095669,1,43
https://openalex.org/A5015080044,1,41
https://openalex.org/A5110228068,1,39
https://openalex.org/A5027171279,1,37
https://openalex.org/A5081236916,1,37
https://openalex.org/A5071093940,1,36
https://openalex.org/A5064296964,1,33
https://openalex.org/A5033716467,1,29
https://openalex.org/A5082391569,1,25
https://openalex.org/A5007282319,1,24
https://openalex.org/A5012787401,1,24
https://openalex.org/A5036583884,1,24
https://openalex.org/A5079937813,1,24
https://openalex.org/A5085139454,1,24
https://openalex.org/A5069671758,1,23
https://openalex.org/A5071796852,1,23
https://openalex.org/A5075956753,1,23
https://openalex.org/A5084282503,1,23
https://openalex.org/A5029258117,1,22
https://openalex.org/A5112523317,1,21
https://openalex.org/A5074719388,1,20
https://openalex.org/A5034524266,1,19
https://openalex.org/A5036868218,1,19
https://openalex.org/A5078253058,1,19
https://openalex.org/A5084485442,1,19
https://openalex.org/A5101579932,1,19
https://openalex.org/A5007875216,1,18
https://openalex.org/A5013727792,1,18
https://openalex.org/A5015781386,1,18
https://openalex.org/A5000868394,1,17
https://openalex.org/A5012965551,1,17
https://openalex.org/A5033574079,1,17
https://openalex.org/A5057243118,1,17
https://openalex.org/A5076633756,1,17
https://openalex.org/A5077590992,1,17
https://openalex.org/A5029104172,1,16
https://openalex.org/A5063502960,1,16
https://openalex.org/A5071006314,1,16
https://openalex.org/A5073692224,1,16
https://openalex.org/A5001227032,1,15
https://openalex.org/A5002205400,1,15
https://openalex.org/A5017040952,1,15
https://openalex.org/A5040369194,1,15
https://openalex.org/A5051006703,1,15
https://openalex.org/A5077814535,1,15
https://openalex.org/A5103033624,1,15
https://openalex.org/A5066060283,1,14
https://openalex.org/A5081479937,1,14
https://openalex.org/A5083742002,1,14
https://openalex.org/A5028276052,1,13
https://openalex.org/A5047982506,1,13
https://openalex.org/A5058732791,1,13
https://openalex.org/A5059662321,1,13
https://openalex.org/A5062793472,1,13
https://openalex.org/A5075717967,1,13
https://openalex.org/A5102756489,1,13
https://openalex.org/A5001176231,1,12
https://openalex.org/A5011229206,1,12
https://openalex.org/A5018235085,1,12
https://openalex.org/A5020152678,1,12
https://openalex.org/A5023495279,1,12
https://openalex.org/A5023814050,1,12
https://openalex.org/A5034550995,1,12
https://openalex.org/A5035769053,1,12
https://openalex.org/A5048232579,1,12
https://openalex.org/A5065144500,1,12
https://openalex.org/A5066187890,1,12
https://openalex.org/A5072930694,1,12
https://openalex.org/A5073189960,1,12
https://openalex.org/A5083811312,1,12
https://openalex.org/A5087214548,1,12
https://openalex.org/A5100375513,1,12
https://openalex.org/A5106500038,1,12
https://openalex.org/A5007138994,1,11
https://openalex.org/A5019813501,1,11
https://openalex.org/A5027019842,1,11
https://openalex.org/A5038895553,1,11
https://openalex.org/A5054642987,1,11
https://openalex.org/A5088248579,1,11
https://openalex.org/A5100721253,1,11
https://openalex.org/A5115598991,1,11
https://openalex.org/A5001174680,1,10
https://openalex.org/A5001826570,1,10
https://openalex.org/A5003031572,1,10
https://openalex.org/A5009041563,1,10
https://openalex.org/A5014881285,1,10
https://openalex.org/A5029105520,1,10
https://openalex.org/A5047724274,1,10
https://openalex.org/A5048207460,1,10
https://openalex.org/A5055086883,1,10
https://openalex.org/A5070039186,1,10
https://openalex.org/A5074995400,1,10
https://openalex.org/A5100721259,1,10
https://openalex.org/A5023172399,1,9
https://openalex.org/A5029121256,1,9
https://openalex.org/A5035791917,1,9
https://openalex.org/A5036586721,1,9
https://openalex.org/A5055785355,1,9
https://openalex.org/A5057136388,1,9
https://openalex.org/A5064735018,1,9
https://openalex.org/A5065665426,1,9
https://openalex.org/A5067748867,1,9
https://openalex.org/A5071122166,1,9
https://openalex.org/A5086292276,1,9
https://openalex.org/A5087912116,1,9
https://openalex.org/A5090439638,1,9
https://openalex.org/A5103339501,1,9
https://openalex.org/A5105769246,1,9
https://openalex.org/A5000640231,1,8
https://openalex.org/A5001117119,1,8
https://openalex.org/A5005342121,1,8
https://openalex.org/A5010170517,1,8
https://openalex.org/A5012784204,1,8
https://openalex.org/A5013559230,1,8
https://openalex.org/A5019186384,1,8
https://openalex.org/A5020734965,1,8
https://openalex.org/A5021663592,1,8
https://openalex.org/A5023509726,1,8
https://openalex.org/A5024183744,1,8
https://openalex.org/A5026931667,1,8
https://openalex.org/A5031592048,1,8
https://openalex.org/A5031935884,1,8
https://openalex.org/A5032058863,1,8
https://openalex.org/A5033527598,1,8
https://openalex.org/A5034827139,1,8
https://openalex.org/A5037087050,1,8
https://openalex.org/A5038431397,1,8
https://openalex.org/A5039092283,1,8
https://openalex.org/A5043267585,1,8
https://openalex.org/A5043347770,1,8
https://openalex.org/A5044677118,1,8
https://openalex.org/A5049079205,1,8
https://openalex.org/A5050342343,1,8
https://openalex.org/A5050551131,1,8
https://openalex.org/A5052097132,1,8
https://openalex.org/A5052308997,1,8
https://openalex.org/A5058941074,1,8
https://openalex.org/A5062723487,1,8
https://openalex.org/A5066359113,1,8
https://openalex.org/A5071338636,1,8
https://openalex.org/A5075562557,1,8
https://openalex.org/A5081866454,1,8
https://openalex.org/A5084477147,1,8
https://openalex.org/A5085176949,1,8
https://openalex.org/A5086923749,1,8
https://openalex.org/A5100392006,1,8
https://openalex.org/A5100632601,1,8
https://openalex.org/A5103051685,1,8
https://openalex.org/A5103165279,1,8
https://openalex.org/A5109833231,1,8
https://openalex.org/A5112046034,1,8
https://openalex.org/A5002723139,1,7
https://openalex.org/A5003013177,1,7
https://openalex.org/A5006392683,1,7
https://openalex.org/A5006540958,1,7
https://openalex.org/A5012708140,1,7
https://openalex.org/A5013879943,1,7
https://openalex.org/A5015381412,1,7
https://openalex.org/A5015978876,1,7
https://openalex.org/A5021950100,1,7
https://openalex.org/A5022473839,1,7
https://openalex.org/A5023053939,1,7
https://openalex.org/A5026132686,1,7
https://openalex.org/A5028021158,1,7
https://openalex.org/A5028614951,1,7
https://openalex.org/A5030027972,1,7
https://openalex.org/A5034266052,1,7
https://openalex.org/A5037134358,1,7
https://openalex.org/A5037761875,1,7
https://openalex.org/A5040173866,1,7
https://openalex.org/A5041817889,1,7
https://openalex.org/A5042096756,1,7
https://openalex.org/A5048315841,1,7
https://openalex.org/A5048358958,1,7
https://openalex.org/A5050472952,1,7
https://openalex.org/A5051194803,1,7
https://openalex.org/A5051454433,1,7
https://openalex.org/A5052583897,1,7
https://openalex.org/A5052775086,1,7
https://openalex.org/A5054802934,1,7
https://openalex.org/A5054893699,1,7
https://openalex.org/A5057372216,1,7
https://openalex.org/A5058724999,1,7
https://openalex.org/A5060102759,1,7
https://openalex.org/A5064592115,1,7
https://openalex.org/A5066621495,1,7
https://openalex.org/A5066841265,1,7
https://openalex.org/A5066864733,1,7
https://openalex.org/A5067087157,1,7
https://openalex.org/A5067958090,1,7
https://openalex.org/A5068077704,1,7
https://openalex.org/A5069577694,1,7
https://openalex.org/A5070107485,1,7
https://openalex.org/A5070818381,1,7
https://openalex.org/A5071755875,1,7
https://openalex.org/A5072690374,1,7
https://openalex.org/A5072925533,1,7
https://openalex.org/A5073090677,1,7
https://openalex.org/A5079574630,1,7
https://openalex.org/A5082386943,1,7
https://openalex.org/A5087635409,1,7
https://openalex.org/A5088337479,1,7
https://openalex.org/A5089691952,1,7
https://openalex.org/A5100341866,1,7
https://openalex.org/A5109846707,1,7
https://openalex.org/A5112008655,1,7
https://openalex.org/A5000072934,1,6
https://openalex.org/A5001214979,1,6
https://openalex.org/A5001933830,1,6
https://openalex.org/A5002202464,1,6
https://openalex.org/A5009235115,1,6
https://openalex.org/A5009434750,1,6
https://openalex.org/A5011370879,1,6
https://openalex.org/A5014193631,1,6
https://openalex.org/A5015101188,1,6
https://openalex.org/A5016033078,1,6
https://openalex.org/A5020224649,1,6
https://openalex.org/A5021253678,1,6
https://openalex.org/A5023755957,1,6
https://openalex.org/A5024300858,1,6
https://openalex.org/A5026022014,1,6
https://openalex.org/A5027312194,1,6
https://openalex.org/A5027973208,1,6
https://openalex.org/A5029347945,1,6
https://openalex.org/A5030147396,1,6
https://openalex.org/A5030303835,1,6
https://openalex.org/A5032052125,1,6
https://openalex.org/A5033806050,1,6
https://openalex.org/A5034057987,1,6
https://openalex.org/A5034730892,1,6
https://openalex.org/A5035332763,1,6
https://openalex.org/A5036010787,1,6
https://openalex.org/A5036472423,1,6
https://openalex.org/A5037071816,1,6
https://openalex.org/A5037526935,1,6
https://openalex.org/A5038897083,1,6
https://openalex.org/A5039276197,1,6
https://openalex.org/A5039587200,1,6
https://openalex.org/A5039839630,1,6
https://openalex.org/A5039967363,1,6
https://openalex.org/A5040419676,1,6
https://openalex.org/A5040729827,1,6
https://openalex.org/A5040869025,1,6
https://openalex.org/A5042580769,1,6
https://openalex.org/A5043683970,1,6
https://openalex.org/A5045564983,1,6
https://openalex.org/A5047103408,1,6
https://openalex.org/A5048027174,1,6
https://openalex.org/A5048847549,1,6
https://openalex.org/A5049739048,1,6
https://openalex.org/A5052387000,1,6
https://openalex.org/A5052776631,1,6
https://openalex.org/A5053209283,1,6
https://openalex.org/A5055168551,1,6
https://openalex.org/A5055348060,1,6
https://openalex.org/A5055389084,1,6
https://openalex.org/A5060121586,1,6
https://openalex.org/A5061528283,1,6
https://openalex.org/A5063166187,1,6
https://openalex.org/A5064709762,1,6
https://openalex.org/A5065527041,1,6
https://openalex.org/A5067877443,1,6
https://openalex.org/A5069479167,1,6
https://openalex.org/A5070487234,1,6
https://openalex.org/A5070579118,1,6
https://openalex.org/A5073706887,1,6
https://openalex.org/A5074074791,1,6
https://openalex.org/A5075095008,1,6
https://openalex.org/A5075533617,1,6
https://openalex.org/A5077596059,1,6
https://openalex.org/A5079215275,1,6
https://openalex.org/A5081302896,1,6
https://openalex.org/A5087893605,1,6
https://openalex.org/A5089401391,1,6
https://openalex.org/A5090329397,1,6
https://openalex.org/A5101425369,1,6
https://openalex.org/A5102023207,1,6
https://openalex.org/A5102851268,1,6
https://openalex.org/A5111385261,1,6
https://openalex.org/A5111666319,1,6
https://openalex.org/A5113890882,1,6
https://openalex.org/A5000597416,1,5
https://openalex.org/A5001375811,1,5
https://openalex.org/A5002034958,1,5
https://openalex.org/A5002469541,1,5
https://openalex.org/A5003390539,1,5
https://openalex.org/A5003674994,1,5
https://openalex.org/A5004265472,1,5
https://openalex.org/A5006789564,1,5
https://openalex.org/A5008057010,1,5
https://openalex.org/A5008766039,1,5
https://openalex.org/A5009075370,1,5
https://openalex.org/A5010397486,1,5
https://openalex.org/A5011107678,1,5
https://openalex.org/A5011274467,1,5
https://openalex.org/A5015431548,1,5
https://openalex.org/A5016020782,1,5
https://openalex.org/A5017977139,1,5
https://openalex.org/A5018129441,1,5
https://openalex.org/A5019940753,1,5
https://openalex.org/A5022054063,1,5
https://openalex.org/A5022477247,1,5
https://openalex.org/A5022815450,1,5
https://openalex.org/A5023653132,1,5
https://openalex.org/A5024417709,1,5
https://openalex.org/A5025396810,1,5
https://openalex.org/A5028448943,1,5
https://openalex.org/A5028742001,1,5
https://openalex.org/A5029628813,1,5
https://openalex.org/A5030948871,1,5
https://openalex.org/A5033977409,1,5
https://openalex.org/A5038209308,1,5
https://openalex.org/A5038407278,1,5
https://openalex.org/A5038669899,1,5
https://openalex.org/A5038699799,1,5
https://openalex.org/A5038766869,1,5
https://openalex.org/A5041689299,1,5
https://openalex.org/A5043371507,1,5
https://openalex.org/A5044014333,1,5
https://openalex.org/A5044356733,1,5
https://openalex.org/A5044445260,1,5
https://openalex.org/A5046665314,1,5
https://openalex.org/A5046689828,1,5
https://openalex.org/A5047404909,1,5
https://openalex.org/A5047606902,1,5
https://openalex.org/A5049267117,1,5
https://openalex.org/A5050120574,1,5
https://openalex.org/A5050529378,1,5
https://openalex.org/A5050837340,1,5
https://openalex.org/A5050938216,1,5
https://openalex.org/A5051374361,1,5
https://openalex.org/A5051828613,1,5
https://openalex.org/A5053311835,1,5
https://openalex.org/A5055051409,1,5
https://openalex.org/A5056937639,1,5
https://openalex.org/A5058230910,1,5
https://openalex.org/A5058425659,1,5
https://openalex.org/A5059420501,1,5
https://openalex.org/A5061040734,1,5
https://openalex.org/A5061136366,1,5
https://openalex.org/A5061514105,1,5
https://openalex.org/A5062431621,1,5
https://openalex.org/A5063294327,1,5
https://openalex.org/A5063501905,1,5
https://openalex.org/A5068081385,1,5
https://openalex.org/A5068435349,1,5
https://openalex.org/A5068548938,1,5
https://openalex.org/A5069161059,1,5
https://openalex.org/A5069561569,1,5
https://openalex.org/A5070949659,1,5
https://openalex.org/A5073907481,1,5
https://openalex.org/A5076160972,1,5
https://openalex.org/A5076162556,1,5
https://openalex.org/A5076174987,1,5
https://openalex.org/A5077017350,1,5
https://openalex.org/A5079515903,1,5
https://openalex.org/A5080403771,1,5
https://openalex.org/A5081506611,1,5
https://openalex.org/A5083125799,1,5
https://openalex.org/A5083543735,1,5
https://openalex.org/A5084646497,1,5
https://openalex.org/A5088652739,1,5
https://openalex.org/A5089912733,1,5
https://openalex.org/A5089971631,1,5
https://openalex.org/A5090016322,1,5
https://openalex.org/A5090052245,1,5
https://openalex.org/A5090619642,1,5
https://openalex.org/A5101402840,1,5
https://openalex.org/A5101702632,1,5
https://openalex.org/A5102027891,1,5
https://openalex.org/A5102559729,1,5
https://openalex.org/A5105529717,1,5
https://openalex.org/A5105986872,1,5
https://openalex.org/A5108517760,1,5
https://openalex.org/A5112297455,1,5
https://openalex.org/A5113121922,1,5
https://openalex.org/A5000107760,1,4
https://openalex.org/A5006498717,1,4
https://openalex.org/A5006815268,1,4
https://openalex.org/A5008387768,1,4
https://openalex.org/A5008893511,1,4
https://openalex.org/A5009583105,1,4
https://openalex.org/A5010148927,1,4
https://openalex.org/A5010828486,1,4
https://openalex.org/A5011492998,1,4
https://openalex.org/A5012027621,1,4
https://openalex.org/A5014691989,1,4
https://openalex.org/A5017534262,1,4
https://openalex.org/A5019576252,1,4
https://openalex.org/A5021272515,1,4
https://openalex.org/A5022966906,1,4
https://openalex.org/A5023193716,1,4
https://openalex.org/A5023735760,1,4
https://openalex.org/A5023819247,1,4
https://openalex.org/A5027466788,1,4
https://openalex.org/A5032934166,1,4
https://openalex.org/A5033526663,1,4
https://openalex.org/A5036046552,1,4
https://openalex.org/A5037256572,1,4
https://openalex.org/A5041252381,1,4
https://openalex.org/A5041293065,1,4
https://openalex.org/A5041720527,1,4
https://openalex.org/A5044137163,1,4
https://openalex.org/A5052038529,1,4
https://openalex.org/A5054308726,1,4
https://openalex.org/A5055068182,1,4
https://openalex.org/A5057668012,1,4
https://openalex.org/A5057735014,1,4
https://openalex.org/A5057765662,1,4
https://openalex.org/A5058364793,1,4
https://openalex.org/A5061606325,1,4
https://openalex.org/A5064399748,1,4
https://openalex.org/A5065363386,1,4
https://openalex.org/A5066932403,1,4
https://openalex.org/A5069451021,1,4
https://openalex.org/A5069927794,1,4
https://openalex.org/A5070370660,1,4
https://openalex.org/A5070667310,1,4
https://openalex.org/A5073516066,1,4
https://openalex.org/A5073521746,1,4
https://openalex.org/A5073565809,1,4
https://openalex.org/A5073698341,1,4
https://openalex.org/A5073765948,1,4
https://openalex.org/A5074532835,1,4
https://openalex.org/A5079133898,1,4
https://openalex.org/A5079367969,1,4
https://openalex.org/A5080107389,1,4
https://openalex.org/A5080791787,1,4
https://openalex.org/A5080829259,1,4
https://openalex.org/A5081177846,1,4
https://openalex.org/A5081544091,1,4
https://openalex.org/A5082380970,1,4
https://openalex.org/A5085011444,1,4
https://openalex.org/A5085405845,1,4
https://openalex.org/A5085801082,1,4
https://openalex.org/A5086661628,1,4
https://openalex.org/A5088768331,1,4
https://openalex.org/A5088846460,1,4
https://openalex.org/A5091908982,1,4
https://openalex.org/A5093743912,1,4
https://openalex.org/A5100456327,1,4
https://openalex.org/A5102802142,1,4
https://openalex.org/A5103118624,1,4
https://openalex.org/A5103196441,1,4
https://openalex.org/A5106225936,1,4
https://openalex.org/A5109066755,1,4
https://openalex.org/A5113372108,1,4
https://openalex.org/A5113634839,1,4
https://openalex.org/A5113688232,1,4
https://openalex.org/A5000261472,1,3
https://openalex.org/A5000925369,1,3
https://openalex.org/A5001020063,1,3
https://openalex.org/A5001715660,1,3
https://openalex.org/A5002047466,1,3
https://openalex.org/A5002858921,1,3
https://openalex.org/A5003533087,1,3
https://openalex.org/A5004387717,1,3
https://openalex.org/A5007038366,1,3
https://openalex.org/A5009023649,1,3
https://openalex.org/A5012039113,1,3
https://openalex.org/A5012362296,1,3
https://openalex.org/A5017193951,1,3
https://openalex.org/A5017742384,1,3
https://openalex.org/A5019872513,1,3
https://openalex.org/A5019943459,1,3
https://openalex.org/A5024217162,1,3
https://openalex.org/A5024419925,1,3
https://openalex.org/A5026686084,1,3
https://openalex.org/A5027235599,1,3
https://openalex.org/A5028197766,1,3
https://openalex.org/A5029105431,1,3
https://openalex.org/A5029783497,1,3
https://openalex.org/A5029899489,1,3
https://openalex.org/A5030262115,1,3
https://openalex.org/A5030338466,1,3
https://openalex.org/A5031468037,1,3
https://openalex.org/A5033128202,1,3
https://openalex.org/A5035267750,1,3
https://openalex.org/A5035743198,1,3
https://openalex.org/A5036249488,1,3
https://openalex.org/A5036635872,1,3
https://openalex.org/A5038037073,1,3
https://openalex.org/A5042273441,1,3
https://openalex.org/A5042663603,1,3
https://openalex.org/A5043176712,1,3
https://openalex.org/A5043639182,1,3
https://openalex.org/A5043686273,1,3
https://openalex.org/A5045801671,1,3
https://openalex.org/A5046126942,1,3
https://openalex.org/A5046771809,1,3
https://openalex.org/A5047234002,1,3
https://openalex.org/A5047965231,1,3
https://openalex.org/A5048246911,1,3
https://openalex.org/A5048870995,1,3
https://openalex.org/A5049833846,1,3
https://openalex.org/A5050862524,1,3
https://openalex.org/A5051872004,1,3
https://openalex.org/A5053760579,1,3
https://openalex.org/A5053767091,1,3
https://openalex.org/A5056233590,1,3
https://openalex.org/A5058922343,1,3
https://openalex.org/A5059217112,1,3
https://openalex.org/A5060233883,1,3
https://openalex.org/A5065059558,1,3
https://openalex.org/A5070674329,1,3
https://openalex.org/A5073916921,1,3
https://openalex.org/A5078138660,1,3
https://openalex.org/A5078379621,1,3
https://openalex.org/A5080607771,1,3
https://openalex.org/A5080726516,1,3
https://openalex.org/A5080978567,1,3
https://openalex.org/A5082732256,1,3
https://openalex.org/A5083027866,1,3
https://openalex.org/A5086013695,1,3
https://openalex.org/A5086688018,1,3
https://openalex.org/A5086919450,1,3
https://openalex.org/A5089242677,1,3
https://openalex.org/A5089723214,1,3
https://openalex.org/A5090421936,1,3
https://openalex.org/A5090981377,1,3
https://openalex.org/A5091729780,1,3
https://openalex.org/A5098559569,1,3
https://openalex.org/A5098559570,1,3
https://openalex.org/A5101770454,1,3
https://openalex.org/A5101793577,1,3
https://openalex.org/A5103783964,1,3
https://openalex.org/A5104111272,1,3
https://openalex.org/A5105528213,1,3
https://openalex.org/A5108187466,1,3
https://openalex.org/A5109038924,1,3
https://openalex.org/A5109182814,1,3
https://openalex.org/A5109203386,1,3
https://openalex.org/A5109527239,1,3
https://openalex.org/A5110541918,1,3
https://openalex.org/A5112666355,1,3
https://openalex.org/A5114858716,1,3
https://openalex.org/A5000760276,1,2
https://openalex.org/A5001709830,1,2
https://openalex.org/A5003670054,1,2
https://openalex.org/A5004220968,1,2
https://openalex.org/A5005721188,1,2
https://openalex.org/A5005932872,1,2
https://openalex.org/A5011462243,1,2
https://openalex.org/A5014652241,1,2
https://openalex.org/A5015598195,1,2
https://openalex.org/A5016078038,1,2
https://openalex.org/A5016498717,1,2
https://openalex.org/A5019595239,1,2
https://openalex.org/A5021807829,1,2
https://openalex.org/A5024220409,1,2
https://openalex.org/A5025836137,1,2
https://openalex.org/A5026335834,1,2
https://openalex.org/A5029850022,1,2
https://openalex.org/A5031707613,1,2
https://openalex.org/A5032449801,1,2
https://openalex.org/A5033010304,1,2
https://openalex.org/A5033498820,1,2
https://openalex.org/A5034908857,1,2
https://openalex.org/A5039902797,1,2
https://openalex.org/A5041699958,1,2
https://openalex.org/A5044181099,1,2
https://openalex.org/A5044820831,1,2
https://openalex.org/A5045137429,1,2
https://openalex.org/A5046823814,1,2
https://openalex.org/A5052946795,1,2
https://openalex.org/A5052964303,1,2
https://openalex.org/A5055669583,1,2
https://openalex.org/A5060057847,1,2
https://openalex.org/A5060936581,1,2
https://openalex.org/A5062773086,1,2
https://openalex.org/A5065669407,1,2
https://openalex.org/A5068735919,1,2
https://openalex.org/A5068990313,1,2
https://openalex.org/A5070934142,1,2
https://openalex.org/A5072659160,1,2
https://openalex.org/A5072871852,1,2
https://openalex.org/A5075070427,1,2
https://openalex.org/A5075165921,1,2
https://openalex.org/A5075254014,1,2
https://openalex.org/A5075722271,1,2
https://openalex.org/A5077777868,1,2
https://openalex.org/A5079262002,1,2
https://openalex.org/A5080508890,1,2
https://openalex.org/A5083316408,1,2
https://openalex.org/A5089286955,1,2
https://openalex.org/A5090621205,1,2
https://openalex.org/A5093338118,1,2
https://openalex.org/A5101007363,1,2
https://openalex.org/A5102297643,1,2
https://openalex.org/A5102730096,1,2
https://openalex.org/A5102842408,1,2
https://openalex.org/A5103112065,1,2
https://openalex.org/A5108226885,1,2
https://openalex.org/A5109188615,1,2
https://openalex.org/A5109295392,1,2
https://openalex.org/A5109886403,1,2
https://openalex.org/A5110520108,1,2
https://openalex.org/A5111458376,1,2
https://openalex.org/A5000330574,1,1
https://openalex.org/A5014750352,1,1
https://openalex.org/A5014870940,1,1
https://openalex.org/A5017494050,1,1
https://openalex.org/A5021989698,1,1
https://openalex.org/A5022601229,1,1
https://openalex.org/A5039299686,1,1
https://openalex.org/A5046545204,1,1
https://openalex.org/A5057432101,1,1
https://openalex.org/A5077085908,1,1
https://openalex.org/A5081514727,1,1
https://openalex.org/A5082878434,1,1
https://openalex.org/A5083980012,1,1
https://openalex.org/A5085409762,1,1
https://openalex.org/A5086291379,1,1
https://openalex.org/A5091231157,1,1
https://openalex.org/A5101672405,1,1
https://openalex.org/A5102007305,1,1
https://openalex.org/A5102562110,1,1
https://openalex.org/A5105978897,1,1
https://openalex.org/A5111604521,1,1
https://openalex.org/A5017914184,2,208
https://openalex.org/A5056499434,2,159
https://openalex.org/A5010495671,2,123
https://openalex.org/A5043657584,2,47
https://openalex.org/A5080265907,2,47
https://openalex.org/A5082330712,2,42
https://openalex.org/A5020533147,2,41
https://openalex.org/A5071226975,2,39
https://openalex.org/A5081956768,2,36
https://openalex.org/A5029718403,2,35
https://openalex.org/A5022754313,2,33
https://openalex.org/A5085938112,2,33
https://openalex.org/A5026949484,2,31
https://openalex.org/A5041695925,2,30
https://openalex.org/A5054913386,2,30
https://openalex.org/A5083381144,2,30
https://openalex.org/A5068655863,2,29
https://openalex.org/A5060009020,2,28
https://openalex.org/A5071203255,2,25
https://openalex.org/A5076651767,2,24
https://openalex.org/A5012701585,2,23
https://openalex.org/A5068331353,2,22
https://openalex.org/A5031955814,2,20
https://openalex.org/A5058989081,2,20
https://openalex.org/A5021501103,2,19
https://openalex.org/A5012606238,2,18
https://openalex.org/A5014437029,2,18
https://openalex.org/A5014466973,2,18
https://openalex.org/A5043862617,2,18
https://openalex.org/A5052536455,2,17
https://openalex.org/A5090637102,2,17
https://openalex.org/A5048293280,2,16
https://openalex.org/A5073961643,2,16
https://openalex.org/A5006700143,2,15
https://openalex.org/A5020702662,2,15
https://openalex.org/A5054704736,2,15
https://openalex.org/A5080059506,2,15
https://openalex.org/A5002455634,2,14
https://openalex.org/A5011536957,2,14
https://openalex.org/A5021314811,2,14
https://openalex.org/A5032415518,2,14
https://openalex.org/A5053756946,2,14
https://openalex.org/A5022408597,2,13
https://openalex.org/A5027074094,2,13
https://openalex.org/A5027261073,2,13
https://openalex.org/A5027903946,2,13
https://openalex.org/A5088822272,2,13
https://openalex.org/A5031514121,2,12
https://openalex.org/A5080394708,2,12
https://openalex.org/A5112992954,2,12
https://openalex.org/A5012327209,2,11
https://openalex.org/A5028651649,2,11
https://openalex.org/A5030020822,2,11
https://openalex.org/A5030079806,2,11
https://openalex.org/A5034311572,2,11
https://openalex.org/A5080532529,2,11
https://openalex.org/A5109511086,2,11
https://openalex.org/A5001549070,2,10
https://openalex.org/A5023764588,2,10
https://openalex.org/A5035398709,2,10
https://openalex.org/A5066057430,2,10
https://openalex.org/A5072276755,2,10
https://openalex.org/A5076045006,2,10
https://openalex.org/A5087127405,2,10
https://openalex.org/A5087861219,2,10
https://openalex.org/A5036726510,2,9
https://openalex.org/A5061020925,2,9
https://openalex.org/A5079014462,2,9
https://openalex.org/A5089409963,2,9
https://openalex.org/A5110383731,2,9
https://openalex.org/A5000586315,2,8
https://openalex.org/A5004439426,2,8
https://openalex.org/A5007642903,2,8
https://openalex.org/A5013271776,2,8
https://openalex.org/A5014360467,2,8
https://openalex.org/A5015708420,2,8
https://openalex.org/A5020229584,2,8
https://openalex.org/A5021776381,2,8
https://openalex.org/A5024966482,2,8
https://openalex.org/A5025970920,2,8
https://openalex.org/A5029575305,2,8
https://openalex.org/A5030259169,2,8
https://openalex.org/A5035116732,2,8
https://openalex.org/A5036590679,2,8
https://openalex.org/A5039242914,2,8
https://openalex.org/A5040287174,2,8
https://openalex.org/A5046058004,2,8
https://openalex.org/A5046634266,2,8
https://openalex.org/A5050149936,2,8
https://openalex.org/A5050192915,2,8
https://openalex.org/A5053680447,2,8
https://openalex.org/A5054099794,2,8
https://openalex.org/A5056106335,2,8
https://openalex.org/A5058835700,2,8
https://openalex.org/A5060396563,2,8
https://openalex.org/A5064162753,2,8
https://openalex.org/A5065702439,2,8
https://openalex.org/A5067737557,2,8
https://openalex.org/A5070680556,2,8
https://openalex.org/A5070950062,2,8
https://openalex.org/A5073965652,2,8
https://openalex.org/A5076732230,2,8
https://openalex.org/A5082698243,2,8
https://openalex.org/A5082871870,2,8
https://openalex.org/A5088529118,2,8
https://openalex.org/A5089565492,2,8
https://openalex.org/A5089919273,2,8
https://openalex.org/A5090896470,2,8
https://openalex.org/A5100708209,2,8
https://openalex.org/A5103283395,2,8
https://openalex.org/A5000943764,2,7
https://openalex.org/A5001740918,2,7
https://openalex.org/A5005104439,2,7
https://openalex.org/A5008752474,2,7
https://openalex.org/A5012032003,2,7
https://openalex.org/A5016000470,2,7
https://openalex.org/A5021914264,2,7
https://openalex.org/A5023479227,2,7
https://openalex.org/A5023880478,2,7
https://openalex.org/A5026489746,2,7
https://openalex.org/A5030990689,2,7
https://openalex.org/A5031348036,2,7
https://openalex.org/A5034746527,2,7
https://openalex.org/A5035510241,2,7
https://openalex.org/A5036660260,2,7
https://openalex.org/A5037384234,2,7
https://openalex.org/A5038088191,2,7
https://openalex.org/A5041499491,2,7
https://openalex.org/A5042485179,2,7
https://openalex.org/A5045167808,2,7
https://openalex.org/A5045651408,2,7
https://openalex.org/A5046433516,2,7
https://openalex.org/A5054096847,2,7
https://openalex.org/A5057265383,2,7
https://openalex.org/A5057524324,2,7
https://openalex.org/A5059022198,2,7
https://openalex.org/A5060344387,2,7
https://openalex.org/A5061916333,2,7
https://openalex.org/A5062636496,2,7
https://openalex.org/A5066361095,2,7
https://openalex.org/A5070302861,2,7
https://openalex.org/A5077568257,2,7
https://openalex.org/A5077886235,2,7
https://openalex.org/A5078574152,2,7
https://openalex.org/A5083796753,2,7
https://openalex.org/A5084432521,2,7
https://openalex.org/A5084574858,2,7
https://openalex.org/A5090303376,2,7
https://openalex.org/A5101650497,2,7
https://openalex.org/A5101965763,2,7
https://openalex.org/A5109488305,2,7
https://openalex.org/A5110723471,2,7
https://openalex.org/A5112245554,2,7
https://openalex.org/A5001127585,2,6
https://openalex.org/A5005976503,2,6
https://openalex.org/A5006239620,2,6
https://openalex.org/A5008636829,2,6
https://openalex.org/A5011119419,2,6
https://openalex.org/A5011873652,2,6
https://openalex.org/A5013047524,2,6
https://openalex.org/A5015224456,2,6
https://openalex.org/A5018808577,2,6
https://openalex.org/A5021115045,2,6
https://openalex.org/A5021744822,2,6
https://openalex.org/A5024944980,2,6
https://openalex.org/A5025952434,2,6
https://openalex.org/A5028622642,2,6
https://openalex.org/A5031845310,2,6
https://openalex.org/A5033090309,2,6
https://openalex.org/A5037644583,2,6
https://openalex.org/A5038114092,2,6
https://openalex.org/A5038796954,2,6
https://openalex.org/A5044138533,2,6
https://openalex.org/A5049664275,2,6
https://openalex.org/A5050236614,2,6
https://openalex.org/A5053980999,2,6
https://openalex.org/A5054086797,2,6
https://openalex.org/A5054537247,2,6
https://openalex.org/A5055363599,2,6
https://openalex.org/A5058299311,2,6
https://openalex.org/A5064456948,2,6
https://openalex.org/A5064544103,2,6
https://openalex.org/A5066963678,2,6
https://openalex.org/A5067545363,2,6
https://openalex.org/A5070807473,2,6
https://openalex.org/A5071376083,2,6
https://openalex.org/A5071496598,2,6
https://openalex.org/A5073389592,2,6
https://openalex.org/A5075034835,2,6
https://openalex.org/A5075338368,2,6
https://openalex.org/A5075999338,2,6
https://openalex.org/A5076316083,2,6
https://openalex.org/A5077470909,2,6
https://openalex.org/A5078641766,2,6
https://openalex.org/A5079396226,2,6
https://openalex.org/A5079433207,2,6
https://openalex.org/A5080105038,2,6
https://openalex.org/A5083939962,2,6
https://openalex.org/A5085599162,2,6
https://openalex.org/A5088276720,2,6
https://openalex.org/A5091101403,2,6
https://openalex.org/A5109929853,2,6
https://openalex.org/A5120863466,2,6
https://openalex.org/A5000530634,2,5
https://openalex.org/A5001502363,2,5
https://openalex.org/A5002217875,2,5
https://openalex.org/A5002269200,2,5
https://openalex.org/A5002805005,2,5
https://openalex.org/A5003402537,2,5
https://openalex.org/A5003427538,2,5
https://openalex.org/A5003512065,2,5
https://openalex.org/A5005384315,2,5
https://openalex.org/A5007164726,2,5
https://openalex.org/A5008791586,2,5
https://openalex.org/A5010287678,2,5
https://openalex.org/A5012738417,2,5
https://openalex.org/A5012811021,2,5
https://openalex.org/A5014243048,2,5
https://openalex.org/A5014625061,2,5
https://openalex.org/A5014802852,2,5
https://openalex.org/A5014892027,2,5
https://openalex.org/A5015297076,2,5
https://openalex.org/A5016808877,2,5
https://openalex.org/A5017943466,2,5
https://openalex.org/A5019016245,2,5
https://openalex.org/A5019268168,2,5
https://openalex.org/A5019693610,2,5
https://openalex.org/A5020532333,2,5
https://openalex.org/A5021659780,2,5
https://openalex.org/A5021669622,2,5
https://openalex.org/A5025390602,2,5
https://openalex.org/A5025881868,2,5
https://openalex.org/A5027450194,2,5
https://openalex.org/A5027778878,2,5
https://openalex.org/A5033497034,2,5
https://openalex.org/A5036406621,2,5
https://openalex.org/A5036886720,2,5
https://openalex.org/A5037145310,2,5
https://openalex.org/A5037501018,2,5
https://openalex.org/A5037588149,2,5
https://openalex.org/A5038411635,2,5
https://openalex.org/A5039802445,2,5
https://openalex.org/A5040470434,2,5
https://openalex.org/A5040608085,2,5
https://openalex.org/A5040887030,2,5
https://openalex.org/A5041552822,2,5
https://openalex.org/A5042168353,2,5
https://openalex.org/A5044320951,2,5
https://openalex.org/A5044998046,2,5
https://openalex.org/A5047121097,2,5
https://openalex.org/A5047861020,2,5
https://openalex.org/A5050662179,2,5
https://openalex.org/A5051359311,2,5
https://openalex.org/A5055030686,2,5
https://openalex.org/A5055171653,2,5
https://openalex.org/A5056528521,2,5
https://openalex.org/A5060310064,2,5
https://openalex.org/A5061435242,2,5
https://openalex.org/A5061933855,2,5
https://openalex.org/A5062462809,2,5
https://openalex.org/A5064084435,2,5
https://openalex.org/A5064485567,2,5
https://openalex.org/A5064752759,2,5
https://openalex.org/A5064783237,2,5
https://openalex.org/A5066286194,2,5
https://openalex.org/A5066291615,2,5
https://openalex.org/A5066655122,2,5
https://openalex.org/A5067319904,2,5
https://openalex.org/A5067933420,2,5
https://openalex.org/A5069432999,2,5
https://openalex.org/A5071739156,2,5
https://openalex.org/A5073702596,2,5
https://openalex.org/A5077143179,2,5
https://openalex.org/A5077659740,2,5
https://openalex.org/A5078047751,2,5
https://openalex.org/A5078976993,2,5
https://openalex.org/A5080170176,2,5
https://openalex.org/A5080262984,2,5
https://openalex.org/A5080634342,2,5
https://openalex.org/A5080792075,2,5
https://openalex.org/A5081429931,2,5
https://openalex.org/A5081570117,2,5
https://openalex.org/A5081965702,2,5
https://openalex.org/A5082978886,2,5
https://openalex.org/A5083296209,2,5
https://openalex.org/A5083923676,2,5
https://openalex.org/A5084502036,2,5
https://openalex.org/A5085594669,2,5
https://openalex.org/A5085724916,2,5
https://openalex.org/A5088603739,2,5
https://openalex.org/A5089396175,2,5
https://openalex.org/A5090694114,2,5
https://openalex.org/A5092902985,2,5
https://openalex.org/A5095900216,2,5
https://openalex.org/A5100379400,2,5
https://openalex.org/A5100509234,2,5
https://openalex.org/A5100633404,2,5
https://openalex.org/A5100689063,2,5
https://openalex.org/A5100737465,2,5
https://openalex.org/A5101616459,2,5
https://openalex.org/A5101792465,2,5
https://openalex.org/A5102926876,2,5
https://openalex.org/A5108785770,2,5
https://openalex.org/A5110578651,2,5
https://openalex.org/A5112779500,2,5
https://openalex.org/A5113496002,2,5
https://openalex.org/A5114209532,2,5
https://openalex.org/A5001765970,2,4
https://openalex.org/A5002591446,2,4
https://openalex.org/A5002753590,2,4
https://openalex.org/A5002881658,2,4
https://openalex.org/A5003364737,2,4
https://openalex.org/A5003784928,2,4
https://openalex.org/A5011491152,2,4
https://openalex.org/A5013243390,2,4
https://openalex.org/A5013309071,2,4
https://openalex.org/A5013467728,2,4
https://openalex.org/A5016308056,2,4
https://openalex.org/A5020462137,2,4
https://openalex.org/A5021545930,2,4
https://openalex.org/A5022103461,2,4
https://openalex.org/A5023741440,2,4
https://openalex.org/A5026905610,2,4
https://openalex.org/A5027209780,2,4
https://openalex.org/A5027372267,2,4
https://openalex.org/A5027635705,2,4
https://openalex.org/A5028871710,2,4
https://openalex.org/A5029377911,2,4
https://openalex.org/A5031000779,2,4
https://openalex.org/A5031902350,2,4
https://openalex.org/A5031980599,2,4
https://openalex.org/A5036140366,2,4
https://openalex.org/A5036380965,2,4
https://openalex.org/A5039460564,2,4
https://openalex.org/A5039705639,2,4
https://openalex.org/A5041756070,2,4
https://openalex.org/A5041784619,2,4
https://openalex.org/A5041858539,2,4
https://openalex.org/A5042695842,2,4
https://openalex.org/A5043172958,2,4
https://openalex.org/A5044056170,2,4
https://openalex.org/A5045843874,2,4
https://openalex.org/A5047153758,2,4
https://openalex.org/A5049523101,2,4
https://openalex.org/A5050986338,2,4
https://openalex.org/A5052153541,2,4
https://openalex.org/A5052168303,2,4
https://openalex.org/A5052607806,2,4
https://openalex.org/A5053847761,2,4
https://openalex.org/A5056467214,2,4
https://openalex.org/A5061600161,2,4
https://openalex.org/A5062432559,2,4
https://openalex.org/A5062459305,2,4
https://openalex.org/A5062678392,2,4
https://openalex.org/A5063947761,2,4
https://openalex.org/A5066733214,2,4
https://openalex.org/A5067008528,2,4
https://openalex.org/A5069527025,2,4
https://openalex.org/A5070166410,2,4
https://openalex.org/A5072399472,2,4
https://openalex.org/A5074957399,2,4
https://openalex.org/A5077004082,2,4
https://openalex.org/A5080066602,2,4
https://openalex.org/A5082018942,2,4
https://openalex.org/A5082419118,2,4
https://openalex.org/A5082428053,2,4
https://openalex.org/A5083444453,2,4
https://openalex.org/A5083806995,2,4
https://openalex.org/A5084482242,2,4
https://openalex.org/A5085452154,2,4
https://openalex.org/A5087740106,2,4
https://openalex.org/A5088141761,2,4
https://openalex.org/A5088569788,2,4
https://openalex.org/A5089339007,2,4
https://openalex.org/A5090532130,2,4
https://openalex.org/A5090969784,2,4
https://openalex.org/A5091740143,2,4
https://openalex.org/A5100336563,2,4
https://openalex.org/A5100403324,2,4
https://openalex.org/A5101856289,2,4
https://openalex.org/A5101870639,2,4
https://openalex.org/A5101902680,2,4
https://openalex.org/A5101909060,2,4
https://openalex.org/A5103000544,2,4
https://openalex.org/A5103280164,2,4
https://openalex.org/A5109535589,2,4
https://openalex.org/A5109875953,2,4
https://openalex.org/A5110277177,2,4
https://openalex.org/A5110467586,2,4
https://openalex.org/A5111638399,2,4
https://openalex.org/A5111725075,2,4
https://openalex.org/A5000010272,2,3
https://openalex.org/A5000823103,2,3
https://openalex.org/A5001535499,2,3
https://openalex.org/A5003545697,2,3
https://openalex.org/A5003587835,2,3
https://openalex.org/A5006343053,2,3
https://openalex.org/A5006822609,2,3
https://openalex.org/A5007482727,2,3
https://openalex.org/A5007791481,2,3
https://openalex.org/A5008203685,2,3
https://openalex.org/A5008600697,2,3
https://openalex.org/A5009196818,2,3
https://openalex.org/A5010205815,2,3
https://openalex.org/A5011506965,2,3
https://openalex.org/A5011954553,2,3
https://openalex.org/A5012017884,2,3
https://openalex.org/A5013702239,2,3
https://openalex.org/A5013866989,2,3
https://openalex.org/A5014088566,2,3
https://openalex.org/A5015843011,2,3
https://openalex.org/A5017533451,2,3
https://openalex.org/A5018267828,2,3
https://openalex.org/A5019007797,2,3
https://openalex.org/A5021565198,2,3
https://openalex.org/A5023559294,2,3
https://openalex.org/A5025883677,2,3
https://openalex.org/A5025964235,2,3
https://openalex.org/A5027185093,2,3
https://openalex.org/A5028777096,2,3
https://openalex.org/A5029291566,2,3
https://openalex.org/A5030389638,2,3
https://openalex.org/A5031299191,2,3
https://openalex.org/A5031982402,2,3
https://openalex.org/A5032318424,2,3
https://openalex.org/A5033563552,2,3
https://openalex.org/A5034124363,2,3
https://openalex.org/A5034490805,2,3
https://openalex.org/A5038315612,2,3
https://openalex.org/A5039038338,2,3
https://openalex.org/A5039233645,2,3
https://openalex.org/A5040706665,2,3
https://openalex.org/A5043059930,2,3
https://openalex.org/A5046083717,2,3
https://openalex.org/A5046111303,2,3
https://openalex.org/A5047480720,2,3
https://openalex.org/A5047902282,2,3
https://openalex.org/A5048280753,2,3
https://openalex.org/A5048629054,2,3
https://openalex.org/A5048659374,2,3
https://openalex.org/A5050164598,2,3
https://openalex.org/A5050265041,2,3
https://openalex.org/A5054329465,2,3
https://openalex.org/A5057043565,2,3
https://openalex.org/A5057861440,2,3
https://openalex.org/A5058389881,2,3
https://openalex.org/A5059250055,2,3
https://openalex.org/A5060619980,2,3
https://openalex.org/A5060972449,2,3
https://openalex.org/A5061111274,2,3
https://openalex.org/A5061517704,2,3
https://openalex.org/A5062483057,2,3
https://openalex.org/A5062588973,2,3
https://openalex.org/A5063092132,2,3
https://openalex.org/A5063784563,2,3
https://openalex.org/A5063791392,2,3
https://openalex.org/A5065639042,2,3
https://openalex.org/A5066612528,2,3
https://openalex.org/A5067977107,2,3
https://openalex.org/A5069198459,2,3
https://openalex.org/A5070000668,2,3
https://openalex.org/A5070852005,2,3
https://openalex.org/A5072066948,2,3
https://openalex.org/A5072200485,2,3
https://openalex.org/A5072692658,2,3
https://openalex.org/A5074000829,2,3
https://openalex.org/A5076242927,2,3
https://openalex.org/A5077013196,2,3
https://openalex.org/A5079284688,2,3
https://openalex.org/A5080801332,2,3
https://openalex.org/A5081884086,2,3
https://openalex.org/A5081940923,2,3
https://openalex.org/A5082063863,2,3
https://openalex.org/A5082513276,2,3
https://openalex.org/A5082585299,2,3
https://openalex.org/A5082940200,2,3
https://openalex.org/A5083299717,2,3
https://openalex.org/A5085466696,2,3
https://openalex.org/A5087247083,2,3
https://openalex.org/A5087454950,2,3
https://openalex.org/A5089075083,2,3
https://openalex.org/A5090464049,2,3
https://openalex.org/A5090907589,2,3
https://openalex.org/A5091101189,2,3
https://openalex.org/A5098302025,2,3
https://openalex.org/A5101164549,2,3
https://openalex.org/A5101399790,2,3
https://openalex.org/A5102734585,2,3
https://openalex.org/A5103828571,2,3
https://openalex.org/A5108001273,2,3
https://openalex.org/A5108312123,2,3
https://openalex.org/A5108504913,2,3
https://openalex.org/A5110589320,2,3
https://openalex.org/A5110602797,2,3
https://openalex.org/A5112354047,2,3
https://openalex.org/A5001420573,2,2
https://openalex.org/A5003055035,2,2
https://openalex.org/A5003204631,2,2
https://openalex.org/A5003545387,2,2
https://openalex.org/A5004025652,2,2
https://openalex.org/A5004145596,2,2
https://openalex.org/A5006379257,2,2
https://openalex.org/A5009057782,2,2
https://openalex.org/A5013873819,2,2
https://openalex.org/A5015162860,2,2
https://openalex.org/A5015189754,2,2
https://openalex.org/A5016646798,2,2
https://openalex.org/A5018211379,2,2
https://openalex.org/A5019401539,2,2
https://openalex.org/A5019902254,2,2
https://openalex.org/A5020488191,2,2
https://openalex.org/A5020944801,2,2
https://openalex.org/A5022620048,2,2
https://openalex.org/A5024303852,2,2
https://openalex.org/A5026119520,2,2
https://openalex.org/A5027202931,2,2
https://openalex.org/A5030354664,2,2
https://openalex.org/A5030475950,2,2
https://openalex.org/A5031602427,2,2
https://openalex.org/A5031732441,2,2
https://openalex.org/A5031931225,2,2
https://openalex.org/A5033405352,2,2
https://openalex.org/A5035366862,2,2
https://openalex.org/A5036062820,2,2
https://openalex.org/A5037298916,2,2
https://openalex.org/A5037529175,2,2
https://openalex.org/A5037530222,2,2
https://openalex.org/A5038961039,2,2
https://openalex.org/A5039330391,2,2
https://openalex.org/A5039332796,2,2
https://openalex.org/A5046503193,2,2
https://openalex.org/A5048245297,2,2
https://openalex.org/A5049074985,2,2
https://openalex.org/A5049662407,2,2
https://openalex.org/A5050738347,2,2
https://openalex.org/A5052785252,2,2
https://openalex.org/A5053145844,2,2
https://openalex.org/A5053211263,2,2
https://openalex.org/A5055459279,2,2
https://openalex.org/A5055471203,2,2
https://openalex.org/A5057642721,2,2
https://openalex.org/A5057802135,2,2
https://openalex.org/A5059496865,2,2
https://openalex.org/A5059761735,2,2
https://openalex.org/A5061339003,2,2
https://openalex.org/A5062726415,2,2
https://openalex.org/A5064247065,2,2
https://openalex.org/A5067207373,2,2
https://openalex.org/A5068149599,2,2
https://openalex.org/A5069116524,2,2
https://openalex.org/A5070014573,2,2
https://openalex.org/A5074920837,2,2
https://openalex.org/A5075345326,2,2
https://openalex.org/A5075418612,2,2
https://openalex.org/A5076741224,2,2
https://openalex.org/A5077537901,2,2
https://openalex.org/A5077873111,2,2
https://openalex.org/A5077992672,2,2
https://openalex.org/A5078718986,2,2
https://openalex.org/A5081392022,2,2
https://openalex.org/A5084640881,2,2
https://openalex.org/A5084717091,2,2
https://openalex.org/A5085632683,2,2
https://openalex.org/A5087217252,2,2
https://openalex.org/A5089843819,2,2
https://openalex.org/A5090337737,2,2
https://openalex.org/A5090506911,2,2
https://openalex.org/A5090647314,2,2
https://openalex.org/A5091044650,2,2
https://openalex.org/A5100781915,2,2
https://openalex.org/A5101846767,2,2
https://openalex.org/A5102956999,2,2
https://openalex.org/A5103080797,2,2
https://openalex.org/A5103295738,2,2
https://openalex.org/A5103730703,2,2
https://openalex.org/A5108023874,2,2
https://openalex.org/A5109847629,2,2
https://openalex.org/A5110010656,2,2
https://openalex.org/A5005327528,2,1
https://openalex.org/A5010940647,2,1
https://openalex.org/A5027911643,2,1
https://openalex.org/A5030151491,2,1
https://openalex.org/A5030641600,2,1
https://openalex.org/A5031377911,2,1
https://openalex.org/A5033495203,2,1
https://openalex.org/A5042062514,2,1
https://openalex.org/A5044293434,2,1
https://openalex.org/A5054527135,2,1
https://openalex.org/A5055890108,2,1
https://openalex.org/A5062878408,2,1
https://openalex.org/A5063343452,2,1
https://openalex.org/A5068273699,2,1
https://openalex.org/A5073060329,2,1
https://openalex.org/A5073656636,2,1
https://openalex.org/A5076677493,2,1
https://openalex.org/A5083923302,2,1
https://openalex.org/A5085769313,2,1
https://openalex.org/A5103369004,2,1
https://openalex.org/A5108141218,2,1
https://openalex.org/A5108189325,2,1
https://openalex.org/A5111801435,2,1
https://openalex.org/A5068556395,3,154
https://openalex.org/A5007746083,3,70
https://openalex.org/A5020901777,3,65
https://openalex.org/A5071165387,3,64
https://openalex.org/A5038920997,3,59
https://openalex.org/A5042234223,3,54
https://openalex.org/A5051891666,3,53
https://openalex.org/A5016057473,3,39
https://openalex.org/A5040957572,3,38
https://openalex.org/A5038390320,3,37
https://openalex.org/A5077163579,3,32
https://openalex.org/A5059953820,3,31
https://openalex.org/A5022660208,3,25
https://openalex.org/A5084294553,3,25
https://openalex.org/A5022967411,3,20
https://openalex.org/A5040075192,3,20
https://openalex.org/A5045839389,3,20
https://openalex.org/A5110078170,3,20
https://openalex.org/A5006314379,3,19
https://openalex.org/A5057803453,3,19
https://openalex.org/A5047436850,3,18
https://openalex.org/A5090030525,3,18
https://openalex.org/A5037969281,3,17
https://openalex.org/A5058847520,3,17
https://openalex.org/A5103078784,3,17
https://openalex.org/A5050416674,3,16
https://openalex.org/A5060044716,3,15
https://openalex.org/A5006793496,3,14
https://openalex.org/A5085081313,3,14
https://openalex.org/A5011970474,3,13
https://openalex.org/A5034259217,3,13
https://openalex.org/A5070855193,3,13
https://openalex.org/A5074388586,3,13
https://openalex.org/A5078091066,3,13
https://openalex.org/A5091880612,3,13
https://openalex.org/A5020387316,3,12
https://openalex.org/A5032408800,3,12
https://openalex.org/A5034653321,3,12
https://openalex.org/A5040275786,3,12
https://openalex.org/A5059734965,3,12
https://openalex.org/A5090816854,3,12
https://openalex.org/A5014748978,3,11
https://openalex.org/A5023753116,3,11
https://openalex.org/A5030302493,3,11
https://openalex.org/A5038488889,3,11
https://openalex.org/A5080193434,3,11
https://openalex.org/A5109855262,3,11
https://openalex.org/A5029100305,3,10
https://openalex.org/A5037475402,3,10
https://openalex.org/A5047036221,3,10
https://openalex.org/A5066229916,3,10
https://openalex.org/A5067030236,3,10
https://openalex.org/A5067952043,3,10
https://openalex.org/A5070856464,3,10
https://openalex.org/A5010979979,3,9
https://openalex.org/A5015882940,3,9
https://openalex.org/A5017942202,3,9
https://openalex.org/A5019516390,3,9
https://openalex.org/A5025798806,3,9
https://openalex.org/A5033128811,3,9
https://openalex.org/A5043395147,3,9
https://openalex.org/A5050235442,3,9
https://openalex.org/A5061199614,3,9
https://openalex.org/A5073186689,3,9
https://openalex.org/A5077774798,3,9
https://openalex.org/A5080631961,3,9
https://openalex.org/A5091166396,3,9
https://openalex.org/A5003350728,3,8
https://openalex.org/A5004774200,3,8
https://openalex.org/A5005406093,3,8
https://openalex.org/A5009365383,3,8
https://openalex.org/A5016126001,3,8
https://openalex.org/A5017467806,3,8
https://openalex.org/A5017999109,3,8
https://openalex.org/A5024821309,3,8
https://openalex.org/A5025953837,3,8
https://openalex.org/A5029559269,3,8
https://openalex.org/A5032559077,3,8
https://openalex.org/A5034089601,3,8
https://openalex.org/A5035203700,3,8
https://openalex.org/A5040429395,3,8
https://openalex.org/A5040536317,3,8
https://openalex.org/A5042551745,3,8
https://openalex.org/A5044400218,3,8
https://openalex.org/A5045712451,3,8
https://openalex.org/A5046186024,3,8
https://openalex.org/A5050883853,3,8
https://openalex.org/A5052099873,3,8
https://openalex.org/A5053397554,3,8
https://openalex.org/A5058920515,3,8
https://openalex.org/A5060720367,3,8
https://openalex.org/A5061185712,3,8
https://openalex.org/A5065584136,3,8
https://openalex.org/A5065945713,3,8
https://openalex.org/A5067567133,3,8
https://openalex.org/A5070589846,3,8
https://openalex.org/A5070926854,3,8
https://openalex.org/A5071369378,3,8
https://openalex.org/A5071972809,3,8
https://openalex.org/A5073570972,3,8
https://openalex.org/A5073770532,3,8
https://openalex.org/A5074066409,3,8
https://openalex.org/A5074616217,3,8
https://openalex.org/A5078523938,3,8
https://openalex.org/A5078902586,3,8
https://openalex.org/A5079414240,3,8
https://openalex.org/A5079675791,3,8
https://openalex.org/A5082168520,3,8
https://openalex.org/A5083984924,3,8
https://openalex.org/A5088555912,3,8
https://openalex.org/A5089520284,3,8
https://openalex.org/A5102898014,3,8
https://openalex.org/A5109368065,3,8
https://openalex.org/A5113906747,3,8
https://openalex.org/A5003388464,3,7
https://openalex.org/A5007875474,3,7
https://openalex.org/A5014088619,3,7
https://openalex.org/A5017437256,3,7
https://openalex.org/A5025231493,3,7
https://openalex.org/A5026680359,3,7
https://openalex.org/A5027948769,3,7
https://openalex.org/A5030376227,3,7
https://openalex.org/A5035113554,3,7
https://openalex.org/A5037447979,3,7
https://openalex.org/A5037838698,3,7
https://openalex.org/A5037866890,3,7
https://openalex.org/A5042088309,3,7
https://openalex.org/A5043181761,3,7
https://openalex.org/A5048453813,3,7
https://openalex.org/A5048663140,3,7
https://openalex.org/A5054947147,3,7
https://openalex.org/A5062937111,3,7
https://openalex.org/A5064133752,3,7
https://openalex.org/A5066740344,3,7
https://openalex.org/A5080330150,3,7
https://openalex.org/A5088674641,3,7
https://openalex.org/A5088786222,3,7
https://openalex.org/A5101768980,3,7
https://openalex.org/A5111539706,3,7
https://openalex.org/A5003671440,3,6
https://openalex.org/A5006476793,3,6
https://openalex.org/A5010637807,3,6
https://openalex.org/A5011271066,3,6
https://openalex.org/A5011527930,3,6
https://openalex.org/A5011851603,3,6
https://openalex.org/A5012005217,3,6
https://openalex.org/A5012131730,3,6
https://openalex.org/A5013258392,3,6
https://openalex.org/A5017018895,3,6
https://openalex.org/A5017435748,3,6
https://openalex.org/A5018675196,3,6
https://openalex.org/A5019078768,3,6
https://openalex.org/A5019102177,3,6
https://openalex.org/A5021852148,3,6
https://openalex.org/A5023075601,3,6
https://openalex.org/A5023578906,3,6
https://openalex.org/A5025170313,3,6
https://openalex.org/A5025785925,3,6
https://openalex.org/A5028412587,3,6
https://openalex.org/A5029222386,3,6
https://openalex.org/A5030956489,3,6
https://openalex.org/A5032069811,3,6
https://openalex.org/A5033088073,3,6
https://openalex.org/A5033531971,3,6
https://openalex.org/A5035600372,3,6
https://openalex.org/A5036257519,3,6
https://openalex.org/A5044597901,3,6
https://openalex.org/A5047346122,3,6
https://openalex.org/A5047447671,3,6
https://openalex.org/A5050159724,3,6
https://openalex.org/A5051539367,3,6
https://openalex.org/A5053362087,3,6
https://openalex.org/A5053707510,3,6
https://openalex.org/A5064459907,3,6
https://openalex.org/A5065710083,3,6
https://openalex.org/A5067207221,3,6
https://openalex.org/A5067379499,3,6
https://openalex.org/A5068095381,3,6
https://openalex.org/A5068096768,3,6
https://openalex.org/A5068674315,3,6
https://openalex.org/A5071147712,3,6
https://openalex.org/A5071403731,3,6
https://openalex.org/A5071670501,3,6
https://openalex.org/A5071948816,3,6
https://openalex.org/A5072021922,3,6
https://openalex.org/A5072853760,3,6
https://openalex.org/A5073043519,3,6
https://openalex.org/A5074198263,3,6
https://openalex.org/A5074340839,3,6
https://openalex.org/A5074802146,3,6
https://openalex.org/A5076239640,3,6
https://openalex.org/A5077305424,3,6
https://openalex.org/A5078375901,3,6
https://openalex.org/A5081685944,3,6
https://openalex.org/A5082647297,3,6
https://openalex.org/A5085108622,3,6
https://openalex.org/A5085345898,3,6
https://openalex.org/A5086284254,3,6
https://openalex.org/A5086321936,3,6
https://openalex.org/A5086475124,3,6
https://openalex.org/A5088085815,3,6
https://openalex.org/A5089925636,3,6
https://openalex.org/A5100624713,3,6
https://openalex.org/A5102718569,3,6
https://openalex.org/A5108540255,3,6
https://openalex.org/A5114375328,3,6
https://openalex.org/A5000683102,3,5
https://openalex.org/A5006028061,3,5
https://openalex.org/A5009826260,3,5
https://openalex.org/A5009914424,3,5
https://openalex.org/A5009943357,3,5
https://openalex.org/A5012605192,3,5
https://openalex.org/A5017588714,3,5
https://openalex.org/A5021410151,3,5
https://openalex.org/A5025222666,3,5
https://openalex.org/A5025633859,3,5
https://openalex.org/A5026974503,3,5
https://openalex.org/A5027563274,3,5
https://openalex.org/A5028131012,3,5
https://openalex.org/A5028306705,3,5
https://openalex.org/A5028869415,3,5
https://openalex.org/A5032517279,3,5
https://openalex.org/A5033544192,3,5
https://openalex.org/A5033887103,3,5
https://openalex.org/A5035069351,3,5
https://openalex.org/A5035338529,3,5
https://openalex.org/A5041888215,3,5
https://openalex.org/A5045836825,3,5
https://openalex.org/A5045926341,3,5
https://openalex.org/A5051181345,3,5
https://openalex.org/A5051252110,3,5
https://openalex.org/A5057340719,3,5
https://openalex.org/A5058212304,3,5
https://openalex.org/A5059283555,3,5
https://openalex.org/A5062769472,3,5
https://openalex.org/A5063297679,3,5
https://openalex.org/A5064632341,3,5
https://openalex.org/A5064926593,3,5
https://openalex.org/A5066534572,3,5
https://openalex.org/A5066868638,3,5
https://openalex.org/A5069273285,3,5
https://openalex.org/A5069708425,3,5
https://openalex.org/A5073655628,3,5
https://openalex.org/A5074060568,3,5
https://openalex.org/A5080792956,3,5
https://openalex.org/A5081261723,3,5
https://openalex.org/A5082166492,3,5
https://openalex.org/A5087570337,3,5
https://openalex.org/A5088288377,3,5
https://openalex.org/A5088836252,3,5
https://openalex.org/A5089752125,3,5
https://openalex.org/A5092138593,3,5
https://openalex.org/A5101581868,3,5
https://openalex.org/A5101982686,3,5
https://openalex.org/A5108278530,3,5
https://openalex.org/A5113484683,3,5
https://openalex.org/A5000497674,3,4
https://openalex.org/A5002787525,3,4
https://openalex.org/A5003271075,3,4
https://openalex.org/A5003389515,3,4
https://openalex.org/A5003642745,3,4
https://openalex.org/A5006543736,3,4
https://openalex.org/A5010067577,3,4
https://openalex.org/A5010264892,3,4
https://openalex.org/A5010728482,3,4
https://openalex.org/A5011149012,3,4
https://openalex.org/A5012916931,3,4
https://openalex.org/A5013852305,3,4
https://openalex.org/A5015919057,3,4
https://openalex.org/A5017326082,3,4
https://openalex.org/A5018493743,3,4
https://openalex.org/A5020045193,3,4
https://openalex.org/A5022076088,3,4
https://openalex.org/A5024344974,3,4
https://openalex.org/A5024665009,3,4
https://openalex.org/A5024865861,3,4
https://openalex.org/A5026694153,3,4
https://openalex.org/A5027326281,3,4
https://openalex.org/A5030006518,3,4
https://openalex.org/A5031893632,3,4
https://openalex.org/A5032379152,3,4
https://openalex.org/A5032491824,3,4
https://openalex.org/A5033120688,3,4
https://openalex.org/A5033439062,3,4
https://openalex.org/A5036094575,3,4
https://openalex.org/A5038059939,3,4
https://openalex.org/A5042391987,3,4
https://openalex.org/A5042496979,3,4
https://openalex.org/A5044736966,3,4
https://openalex.org/A5045197611,3,4
https://openalex.org/A5047686022,3,4
https://openalex.org/A5049082292,3,4
https://openalex.org/A5049702565,3,4
https://openalex.org/A5050544731,3,4
https://openalex.org/A5052014576,3,4
https://openalex.org/A5052345140,3,4
https://openalex.org/A5054461982,3,4
https://openalex.org/A5055571891,3,4
https://openalex.org/A5058750258,3,4
https://openalex.org/A5058983709,3,4
https://openalex.org/A5061759093,3,4
https://openalex.org/A5061938020,3,4
https://openalex.org/A5064611413,3,4
https://openalex.org/A5065895514,3,4
https://openalex.org/A5066122579,3,4
https://openalex.org/A5068630829,3,4
https://openalex.org/A5068896045,3,4
https://openalex.org/A5069741288,3,4
https://openalex.org/A5070252384,3,4
https://openalex.org/A5070909977,3,4
https://openalex.org/A5071313617,3,4
https://openalex.org/A5072323579,3,4
https://openalex.org/A5073528635,3,4
https://openalex.org/A5073723909,3,4
https://openalex.org/A5074268003,3,4
https://openalex.org/A5074348755,3,4
https://openalex.org/A5077091280,3,4
https://openalex.org/A5077845709,3,4
https://openalex.org/A5079061792,3,4
https://openalex.org/A5083275823,3,4
https://openalex.org/A5085344725,3,4
https://openalex.org/A5086447124,3,4
https://openalex.org/A5086903916,3,4
https://openalex.org/A5087825622,3,4
https://openalex.org/A5088463133,3,4
https://openalex.org/A5089755342,3,4
https://openalex.org/A5089940510,3,4
https://openalex.org/A5092061300,3,4
https://openalex.org/A5092485671,3,4
https://openalex.org/A5101492251,3,4
https://openalex.org/A5102069100,3,4
https://openalex.org/A5102876829,3,4
https://openalex.org/A5102893432,3,4
https://openalex.org/A5103649964,3,4
https://openalex.org/A5109045707,3,4
https://openalex.org/A5110016649,3,4
https://openalex.org/A5110566235,3,4
https://openalex.org/A5112218117,3,4
https://openalex.org/A5113522212,3,4
https://openalex.org/A5113610967,3,4
https://openalex.org/A5000637036,3,3
https://openalex.org/A5000925107,3,3
https://openalex.org/A5001013036,3,3
https://openalex.org/A5002592195,3,3
https://openalex.org/A5003087402,3,3
https://openalex.org/A5003194873,3,3
https://openalex.org/A5003701954,3,3
https://openalex.org/A5003851123,3,3
https://openalex.org/A5004497618,3,3
https://openalex.org/A5006511244,3,3
https://openalex.org/A5007033871,3,3
https://openalex.org/A5007175111,3,3
https://openalex.org/A5008077568,3,3
https://openalex.org/A5008537960,3,3
https://openalex.org/A5008564953,3,3
https://openalex.org/A5010878154,3,3
https://openalex.org/A5011436609,3,3
https://openalex.org/A5011645737,3,3
https://openalex.org/A5011987046,3,3
https://openalex.org/A5012189789,3,3
https://openalex.org/A5012700152,3,3
https://openalex.org/A5013192752,3,3
https://openalex.org/A5013376896,3,3
https://openalex.org/A5014168195,3,3
https://openalex.org/A5014417551,3,3
https://openalex.org/A5014566913,3,3
https://openalex.org/A5015017502,3,3
https://openalex.org/A5015171883,3,3
https://openalex.org/A5016186200,3,3
https://openalex.org/A5016794415,3,3
https://openalex.org/A5016826848,3,3
https://openalex.org/A5017469016,3,3
https://openalex.org/A5019070741,3,3
https://openalex.org/A5019791626,3,3
https://openalex.org/A5020119735,3,3
https://openalex.org/A5020560603,3,3
https://openalex.org/A5020584010,3,3
https://openalex.org/A5021615498,3,3
https://openalex.org/A5022174396,3,3
https://openalex.org/A5023829402,3,3
https://openalex.org/A5024018027,3,3
https://openalex.org/A5026050123,3,3
https://openalex.org/A5026558834,3,3
https://openalex.org/A5026829639,3,3
https://openalex.org/A5027289201,3,3
https://openalex.org/A5027826966,3,3
https://openalex.org/A5027887614,3,3
https://openalex.org/A5027902940,3,3
https://openalex.org/A5028297977,3,3
https://openalex.org/A5029253321,3,3
https://openalex.org/A5029360339,3,3
https://openalex.org/A5029362927,3,3
https://openalex.org/A5029521324,3,3
https://openalex.org/A5029910781,3,3
https://openalex.org/A5029972705,3,3
https://openalex.org/A5030230103,3,3
https://openalex.org/A5030718567,3,3
https://openalex.org/A5030805884,3,3
https://openalex.org/A5031224365,3,3
https://openalex.org/A5031702282,3,3
https://openalex.org/A5033976023,3,3
https://openalex.org/A5034445712,3,3
https://openalex.org/A5037695214,3,3
https://openalex.org/A5038421696,3,3
https://openalex.org/A5038450501,3,3
https://openalex.org/A5039344853,3,3
https://openalex.org/A5041307140,3,3
https://openalex.org/A5041733470,3,3
https://openalex.org/A5042430125,3,3
https://openalex.org/A5042578735,3,3
https://openalex.org/A5042584624,3,3
https://openalex.org/A5042858264,3,3
https://openalex.org/A5044553144,3,3
https://openalex.org/A5044686474,3,3
https://openalex.org/A5047563303,3,3
https://openalex.org/A5047979964,3,3
https://openalex.org/A5048660530,3,3
https://openalex.org/A5049206353,3,3
https://openalex.org/A5049650727,3,3
https://openalex.org/A5051794103,3,3
https://openalex.org/A5052204047,3,3
https://openalex.org/A5052944957,3,3
https://openalex.org/A5052995480,3,3
https://openalex.org/A5053044572,3,3
https://openalex.org/A5053051874,3,3
https://openalex.org/A5053342641,3,3
https://openalex.org/A5054371961,3,3
https://openalex.org/A5054880690,3,3
https://openalex.org/A5056903032,3,3
https://openalex.org/A5057230433,3,3
https://openalex.org/A5061973181,3,3
https://openalex.org/A5062222438,3,3
https://openalex.org/A5062862706,3,3
https://openalex.org/A5063079579,3,3
https://openalex.org/A5063627333,3,3
https://openalex.org/A5064863341,3,3
https://openalex.org/A5065605346,3,3
https://openalex.org/A5065927740,3,3
https://openalex.org/A5066893056,3,3
https://openalex.org/A5068657154,3,3
https://openalex.org/A5069950384,3,3
https://openalex.org/A5071393729,3,3
https://openalex.org/A5071859545,3,3
https://openalex.org/A5073117032,3,3
https://openalex.org/A5073873557,3,3
https://openalex.org/A5074229558,3,3
https://openalex.org/A5074785110,3,3
https://openalex.org/A5074947438,3,3
https://openalex.org/A5075682473,3,3
https://openalex.org/A5075981232,3,3
https://openalex.org/A5076298922,3,3
https://openalex.org/A5076583469,3,3
https://openalex.org/A5077911233,3,3
https://openalex.org/A5078363848,3,3
https://openalex.org/A5078448852,3,3
https://openalex.org/A5081378294,3,3
https://openalex.org/A5081399680,3,3
https://openalex.org/A5081581970,3,3
https://openalex.org/A5081620405,3,3
https://openalex.org/A5082391072,3,3
https://openalex.org/A5084965199,3,3
https://openalex.org/A5085569546,3,3
https://openalex.org/A5086645719,3,3
https://openalex.org/A5088422764,3,3
https://openalex.org/A5088501616,3,3
https://openalex.org/A5090577058,3,3
https://openalex.org/A5091653336,3,3
https://openalex.org/A5100751253,3,3
https://openalex.org/A5101809319,3,3
https://openalex.org/A5104007268,3,3
https://openalex.org/A5106741818,3,3
https://openalex.org/A5109590005,3,3
https://openalex.org/A5110695268,3,3
https://openalex.org/A5110735850,3,3
https://openalex.org/A5111640159,3,3
https://openalex.org/A5111846256,3,3
https://openalex.org/A5001845705,3,2
https://openalex.org/A5002932771,3,2
https://openalex.org/A5004418524,3,2
https://openalex.org/A5004821157,3,2
https://openalex.org/A5007538500,3,2
https://openalex.org/A5011527368,3,2
https://openalex.org/A5012213444,3,2
https://openalex.org/A5012512455,3,2
https://openalex.org/A5013214683,3,2
https://openalex.org/A5013773559,3,2
https://openalex.org/A5014245189,3,2
https://openalex.org/A5015454909,3,2
https://openalex.org/A5016626361,3,2
https://openalex.org/A5017506251,3,2
https://openalex.org/A5018239022,3,2
https://openalex.org/A5020281116,3,2
https://openalex.org/A5020724530,3,2
https://openalex.org/A5021103186,3,2
https://openalex.org/A5024112994,3,2
https://openalex.org/A5024740366,3,2
https://openalex.org/A5026329605,3,2
https://openalex.org/A5026691482,3,2
https://openalex.org/A5026945531,3,2
https://openalex.org/A5027539218,3,2
https://openalex.org/A5029038265,3,2
https://openalex.org/A5034860526,3,2
https://openalex.org/A5034925233,3,2
https://openalex.org/A5037507641,3,2
https://openalex.org/A5038326894,3,2
https://openalex.org/A5038676485,3,2
https://openalex.org/A5039039657,3,2
https://openalex.org/A5039046293,3,2
https://openalex.org/A5039220989,3,2
https://openalex.org/A5040356737,3,2
https://openalex.org/A5042560362,3,2
https://openalex.org/A5043262638,3,2
https://openalex.org/A5043542278,3,2
https://openalex.org/A5043598759,3,2
https://openalex.org/A5044783872,3,2
https://openalex.org/A5044833732,3,2
https://openalex.org/A5045152392,3,2
https://openalex.org/A5047900722,3,2
https://openalex.org/A5048724910,3,2
https://openalex.org/A5048922295,3,2
https://openalex.org/A5049969818,3,2
https://openalex.org/A5050150088,3,2
https://openalex.org/A5051052887,3,2
https://openalex.org/A5053599373,3,2
https://openalex.org/A5054459766,3,2
https://openalex.org/A5054848408,3,2
https://openalex.org/A5057474026,3,2
https://openalex.org/A5057709084,3,2
https://openalex.org/A5058000822,3,2
https://openalex.org/A5062124553,3,2
https://openalex.org/A5063035411,3,2
https://openalex.org/A5063862906,3,2
https://openalex.org/A5064470210,3,2
https://openalex.org/A5068619146,3,2
https://openalex.org/A5069934143,3,2
https://openalex.org/A5069976918,3,2
https://openalex.org/A5070302733,3,2
https://openalex.org/A5070482817,3,2
https://openalex.org/A5070564345,3,2
https://openalex.org/A5071600077,3,2
https://openalex.org/A5073362153,3,2
https://openalex.org/A5074134679,3,2
https://openalex.org/A5074784948,3,2
https://openalex.org/A5075987993,3,2
https://openalex.org/A5076110120,3,2
https://openalex.org/A5076876507,3,2
https://openalex.org/A5078031777,3,2
https://openalex.org/A5078764980,3,2
https://openalex.org/A5081314765,3,2
https://openalex.org/A5084091340,3,2
https://openalex.org/A5084175736,3,2
https://openalex.org/A5084496542,3,2
https://openalex.org/A5084668442,3,2
https://openalex.org/A5084845571,3,2
https://openalex.org/A5086361853,3,2
https://openalex.org/A5087196723,3,2
https://openalex.org/A5087385536,3,2
https://openalex.org/A5088344772,3,2
https://openalex.org/A5088451571,3,2
https://openalex.org/A5088556829,3,2
https://openalex.org/A5090218097,3,2
https://openalex.org/A5090266826,3,2
https://openalex.org/A5091716689,3,2
https://openalex.org/A5100391234,3,2
https://openalex.org/A5101030720,3,2
https://openalex.org/A5102002835,3,2
https://openalex.org/A5102763812,3,2
https://openalex.org/A5110275612,3,2
https://openalex.org/A5111441876,3,2
https://openalex.org/A5112733260,3,2
https://openalex.org/A5115722781,3,2
https://openalex.org/A5010519712,3,1
https://openalex.org/A5014797088,3,1
https://openalex.org/A5015236238,3,1
https://openalex.org/A5019826665,3,1
https://openalex.org/A5020698518,3,1
https://openalex.org/A5023482840,3,1
https://openalex.org/A5029640601,3,1
https://openalex.org/A5037354101,3,1
https://openalex.org/A5040834324,3,1
https://openalex.org/A5044386913,3,1
https://openalex.org/A5044971636,3,1
https://openalex.org/A5046524393,3,1
https://openalex.org/A5047642101,3,1
https://openalex.org/A5057815458,3,1
https://openalex.org/A5059448640,3,1
https://openalex.org/A5069309757,3,1
https://openalex.org/A5075306992,3,1
https://openalex.org/A5075970795,3,1
https://openalex.org/A5077916686,3,1
https://openalex.org/A5081521085,3,1
https://openalex.org/A5083422754,3,1
https://openalex.org/A5085007274,3,1
https://openalex.org/A5086703877,3,1
https://openalex.org/A5087202647,3,1
https://openalex.org/A5090117311,3,1
https://openalex.org/A5100658834,3,1
https://openalex.org/A5102225605,3,1
https://openalex.org/A5104705863,3,1
https://openalex.org/A5108503396,3,1
https://openalex.org/A5087088138,4,201
https://openalex.org/A5070063054,4,144
https://openalex.org/A5020076556,4,108
https://openalex.org/A5058408154,4,68
https://openalex.org/A5091272738,4,41
https://openalex.org/A5054094267,4,40
https://openalex.org/A5067807487,4,40
https://openalex.org/A5005779176,4,31
https://openalex.org/A5031401755,4,27
https://openalex.org/A5023123863,4,26
https://openalex.org/A5010008842,4,25
https://openalex.org/A5015518638,4,23
https://openalex.org/A5001994692,4,22
https://openalex.org/A5006650843,4,21
https://openalex.org/A5015792268,4,21
https://openalex.org/A5011012964,4,20
https://openalex.org/A5062817658,4,19
https://openalex.org/A5046006076,4,17
https://openalex.org/A5049073875,4,17
https://openalex.org/A5010259040,4,16
https://openalex.org/A5055037967,4,16
https://openalex.org/A5079887012,4,15
https://openalex.org/A5083993242,4,15
https://openalex.org/A5052171928,4,14
https://openalex.org/A5063981686,4,14
https://openalex.org/A5086791063,4,14
https://openalex.org/A5019297976,4,13
https://openalex.org/A5050716607,4,13
https://openalex.org/A5052244076,4,13
https://openalex.org/A5068178240,4,13
https://openalex.org/A5087983309,4,13
https://openalex.org/A5017601806,4,12
https://openalex.org/A5041049334,4,12
https://openalex.org/A5044943654,4,12
https://openalex.org/A5076075666,4,12
https://openalex.org/A5082639817,4,12
https://openalex.org/A5103234894,4,12
https://openalex.org/A5001961716,4,11
https://openalex.org/A5009980324,4,11
https://openalex.org/A5032134965,4,11
https://openalex.org/A5038758207,4,11
https://openalex.org/A5041641749,4,11
https://openalex.org/A5042018430,4,11
https://openalex.org/A5046500256,4,11
https://openalex.org/A5047699502,4,11
https://openalex.org/A5064171835,4,11
https://openalex.org/A5083712374,4,11
https://openalex.org/A5089457793,4,11
https://openalex.org/A5100340498,4,11
https://openalex.org/A5005452839,4,10
https://openalex.org/A5081135036,4,10
https://openalex.org/A5082108649,4,10
https://openalex.org/A5005141495,4,9
https://openalex.org/A5008542297,4,9
https://openalex.org/A5025375729,4,9
https://openalex.org/A5058890009,4,9
https://openalex.org/A5069576651,4,9
https://openalex.org/A5070966744,4,9
https://openalex.org/A5074277807,4,9
https://openalex.org/A5001311279,4,8
https://openalex.org/A5005297246,4,8
https://openalex.org/A5005967684,4,8
https://openalex.org/A5010414972,4,8
https://openalex.org/A5012339002,4,8
https://openalex.org/A5013162170,4,8
https://openalex.org/A5023221439,4,8
https://openalex.org/A5026014943,4,8
https://openalex.org/A5026172631,4,8
https://openalex.org/A5027200864,4,8
https://openalex.org/A5027893569,4,8
https://openalex.org/A5030697098,4,8
https://openalex.org/A5033744502,4,8
https://openalex.org/A5035149567,4,8
https://openalex.org/A5037932677,4,8
https://openalex.org/A5039663119,4,8
https://openalex.org/A5040524783,4,8
https://openalex.org/A5040942978,4,8
https://openalex.org/A5042601761,4,8
https://openalex.org/A5043812968,4,8
https://openalex.org/A5043962579,4,8
https://openalex.org/A5046445911,4,8
https://openalex.org/A5047011746,4,8
https://openalex.org/A5047267490,4,8
https://openalex.org/A5048937462,4,8
https://openalex.org/A5059901188,4,8
https://openalex.org/A5060377481,4,8
https://openalex.org/A5060891981,4,8
https://openalex.org/A5064747233,4,8
https://openalex.org/A5065143196,4,8
https://openalex.org/A5065468510,4,8
https://openalex.org/A5065744065,4,8
https://openalex.org/A5066796307,4,8
https://openalex.org/A5067744902,4,8
https://openalex.org/A5068274591,4,8
https://openalex.org/A5068978543,4,8
https://openalex.org/A5075881948,4,8
https://openalex.org/A5076012713,4,8
https://openalex.org/A5083104697,4,8
https://openalex.org/A5086198262,4,8
https://openalex.org/A5086320066,4,8
https://openalex.org/A5089776227,4,8
https://openalex.org/A5101689796,4,8
https://openalex.org/A5107838508,4,8
https://openalex.org/A5110922516,4,8
https://openalex.org/A5001230030,4,7
https://openalex.org/A5001666093,4,7
https://openalex.org/A5014039130,4,7
https://openalex.org/A5022202456,4,7
https://openalex.org/A5023011739,4,7
https://openalex.org/A5025043851,4,7
https://openalex.org/A5039096905,4,7
https://openalex.org/A5039411900,4,7
https://openalex.org/A5044978994,4,7
https://openalex.org/A5051547941,4,7
https://openalex.org/A5052391231,4,7
https://openalex.org/A5061433075,4,7
https://openalex.org/A5062322499,4,7
https://openalex.org/A5073810469,4,7
https://openalex.org/A5077007622,4,7
https://openalex.org/A5083969303,4,7
https://openalex.org/A5085920572,4,7
https://openalex.org/A5087340682,4,7
https://openalex.org/A5089295494,4,7
https://openalex.org/A5100758099,4,7
https://openalex.org/A5101011426,4,7
https://openalex.org/A5101957840,4,7
https://openalex.org/A5003909622,4,6
https://openalex.org/A5004542284,4,6
https://openalex.org/A5004826137,4,6
https://openalex.org/A5005554337,4,6
https://openalex.org/A5006294201,4,6
https://openalex.org/A5007282049,4,6
https://openalex.org/A5007794565,4,6
https://openalex.org/A5008047249,4,6
https://openalex.org/A5014472990,4,6
https://openalex.org/A5014541963,4,6
https://openalex.org/A5016068576,4,6
https://openalex.org/A5017296738,4,6
https://openalex.org/A5020354774,4,6
https://openalex.org/A5020804662,4,6
https://openalex.org/A5020933173,4,6
https://openalex.org/A5020987927,4,6
https://openalex.org/A5024475685,4,6
https://openalex.org/A5024549881,4,6
https://openalex.org/A5029838070,4,6
https://openalex.org/A5030520972,4,6
https://openalex.org/A5031518571,4,6
https://openalex.org/A5036659824,4,6
https://openalex.org/A5040949100,4,6
https://openalex.org/A5043402161,4,6
https://openalex.org/A5046688401,4,6
https://openalex.org/A5046971283,4,6
https://openalex.org/A5047846683,4,6
https://openalex.org/A5050276533,4,6
https://openalex.org/A5051116977,4,6
https://openalex.org/A5054447687,4,6
https://openalex.org/A5055125808,4,6
https://openalex.org/A5058639265,4,6
https://openalex.org/A5061686034,4,6
https://openalex.org/A5062926145,4,6
https://openalex.org/A5063737268,4,6
https://openalex.org/A5071360545,4,6
https://openalex.org/A5074702297,4,6
https://openalex.org/A5074969309,4,6
https://openalex.org/A5076286335,4,6
https://openalex.org/A5077342340,4,6
https://openalex.org/A5077885730,4,6
https://openalex.org/A5079551137,4,6
https://openalex.org/A5079776552,4,6
https://openalex.org/A5080591144,4,6
https://openalex.org/A5081558429,4,6
https://openalex.org/A5081701167,4,6
https://openalex.org/A5081889692,4,6
https://openalex.org/A5083570588,4,6
https://openalex.org/A5084552686,4,6
https://openalex.org/A5086459932,4,6
https://openalex.org/A5086881733,4,6
https://openalex.org/A5087109511,4,6
https://openalex.org/A5087265119,4,6
https://openalex.org/A5088670724,4,6
https://openalex.org/A5089418944,4,6
https://openalex.org/A5090754963,4,6
https://openalex.org/A5093650413,4,6
https://openalex.org/A5093650414,4,6
https://openalex.org/A5097848405,4,6
https://openalex.org/A5100437453,4,6
https://openalex.org/A5101633898,4,6
https://openalex.org/A5102324878,4,6
https://openalex.org/A5102935238,4,6
https://openalex.org/A5103149909,4,6
https://openalex.org/A5105267874,4,6
https://openalex.org/A5107678654,4,6
https://openalex.org/A5109379051,4,6
https://openalex.org/A5109565051,4,6
https://openalex.org/A5112003894,4,6
https://openalex.org/A5112609848,4,6
https://openalex.org/A5112876685,4,6
https://openalex.org/A5113740344,4,6
https://openalex.org/A5116279896,4,6
https://openalex.org/A5118686571,4,6
https://openalex.org/A5118983622,4,6
https://openalex.org/A5000711679,4,5
https://openalex.org/A5001340441,4,5
https://openalex.org/A5001870814,4,5
https://openalex.org/A5003451810,4,5
https://openalex.org/A5003528274,4,5
https://openalex.org/A5003703346,4,5
https://openalex.org/A5005475114,4,5
https://openalex.org/A5006802134,4,5
https://openalex.org/A5007222325,4,5
https://openalex.org/A5007244703,4,5
https://openalex.org/A5008492426,4,5
https://openalex.org/A5008551833,4,5
https://openalex.org/A5009409152,4,5
https://openalex.org/A5010827953,4,5
https://openalex.org/A5015598933,4,5
https://openalex.org/A5016690406,4,5
https://openalex.org/A5016769950,4,5
https://openalex.org/A5018327012,4,5
https://openalex.org/A5019999466,4,5
https://openalex.org/A5025271002,4,5
https://openalex.org/A5025670802,4,5
https://openalex.org/A5026681234,4,5
https://openalex.org/A5028124265,4,5
https://openalex.org/A5029815396,4,5
https://openalex.org/A5030296669,4,5
https://openalex.org/A5030484183,4,5
https://openalex.org/A5033803303,4,5
https://openalex.org/A5035572348,4,5
https://openalex.org/A5035710522,4,5
https://openalex.org/A5036257384,4,5
https://openalex.org/A5037698996,4,5
https://openalex.org/A5044431846,4,5
https://openalex.org/A5048020821,4,5
https://openalex.org/A5050376022,4,5
https://openalex.org/A5051608757,4,5
https://openalex.org/A5052054636,4,5
https://openalex.org/A5052778643,4,5
https://openalex.org/A5054627290,4,5
https://openalex.org/A5055095973,4,5
https://openalex.org/A5055422172,4,5
https://openalex.org/A5056256317,4,5
https://openalex.org/A5056947637,4,5
https://openalex.org/A5057289584,4,5
https://openalex.org/A5057438082,4,5
https://openalex.org/A5057845767,4,5
https://openalex.org/A5058819105,4,5
https://openalex.org/A5061033218,4,5
https://openalex.org/A5061878694,4,5
https://openalex.org/A5063030128,4,5
https://openalex.org/A5063165070,4,5
https://openalex.org/A5063362696,4,5
https://openalex.org/A5065802887,4,5
https://openalex.org/A5066159823,4,5
https://openalex.org/A5066578247,4,5
https://openalex.org/A5067413576,4,5
https://openalex.org/A5068204319,4,5
https://openalex.org/A5069605611,4,5
https://openalex.org/A5070457855,4,5
https://openalex.org/A5071322830,4,5
https://openalex.org/A5074056939,4,5
https://openalex.org/A5074119729,4,5
https://openalex.org/A5076090008,4,5
https://openalex.org/A5076757561,4,5
https://openalex.org/A5076973801,4,5
https://openalex.org/A5080855486,4,5
https://openalex.org/A5080936338,4,5
https://openalex.org/A5083504260,4,5
https://openalex.org/A5083516691,4,5
https://openalex.org/A5084572222,4,5
https://openalex.org/A5086210329,4,5
https://openalex.org/A5088186426,4,5
https://openalex.org/A5089979627,4,5
https://openalex.org/A5091868410,4,5
https://openalex.org/A5091941237,4,5
https://openalex.org/A5091941238,4,5
https://openalex.org/A5100450510,4,5
https://openalex.org/A5100709327,4,5
https://openalex.org/A5100725604,4,5
https://openalex.org/A5100752866,4,5
https://openalex.org/A5101767626,4,5
https://openalex.org/A5101897622,4,5
https://openalex.org/A5103180489,4,5
https://openalex.org/A5103852640,4,5
https://openalex.org/A5105307360,4,5
https://openalex.org/A5111170441,4,5
https://openalex.org/A5111514705,4,5
https://openalex.org/A5111813148,4,5
https://openalex.org/A5112915423,4,5
https://openalex.org/A5113847463,4,5
https://openalex.org/A5114910293,4,5
https://openalex.org/A5001242126,4,4
https://openalex.org/A5001944487,4,4
https://openalex.org/A5002390291,4,4
https://openalex.org/A5005471354,4,4
https://openalex.org/A5007386215,4,4
https://openalex.org/A5007476482,4,4
https://openalex.org/A5008449211,4,4
https://openalex.org/A5009319830,4,4
https://openalex.org/A5010984350,4,4
https://openalex.org/A5012316525,4,4
https://openalex.org/A5013486786,4,4
https://openalex.org/A5014379995,4,4
https://openalex.org/A5016919488,4,4
https://openalex.org/A5018203148,4,4
https://openalex.org/A5018536380,4,4
https://openalex.org/A5019020624,4,4
https://openalex.org/A5020296382,4,4
https://openalex.org/A5022178609,4,4
https://openalex.org/A5022418196,4,4
https://openalex.org/A5022825653,4,4
https://openalex.org/A5023348845,4,4
https://openalex.org/A5024150057,4,4
https://openalex.org/A5024301250,4,4
https://openalex.org/A5026094360,4,4
https://openalex.org/A5027847558,4,4
https://openalex.org/A5031034213,4,4
https://openalex.org/A5031035065,4,4
https://openalex.org/A5032673194,4,4
https://openalex.org/A5033364071,4,4
https://openalex.org/A5033616914,4,4
https://openalex.org/A5033846851,4,4
https://openalex.org/A5036743779,4,4
https://openalex.org/A5037853792,4,4
https://openalex.org/A5038135160,4,4
https://openalex.org/A5038517767,4,4
https://openalex.org/A5038553899,4,4
https://openalex.org/A5039868033,4,4
https://openalex.org/A5041920173,4,4
https://openalex.org/A5044217809,4,4
https://openalex.org/A5044507654,4,4
https://openalex.org/A5045895936,4,4
https://openalex.org/A5046467421,4,4
https://openalex.org/A5046795404,4,4
https://openalex.org/A5048020501,4,4
https://openalex.org/A5049036581,4,4
https://openalex.org/A5049349154,4,4
https://openalex.org/A5050322485,4,4
https://openalex.org/A5050985956,4,4
https://openalex.org/A5058570740,4,4
https://openalex.org/A5061022449,4,4
https://openalex.org/A5061960454,4,4
https://openalex.org/A5062352786,4,4
https://openalex.org/A5063799775,4,4
https://openalex.org/A5064891668,4,4
https://openalex.org/A5065345159,4,4
https://openalex.org/A5067494217,4,4
https://openalex.org/A5068686133,4,4
https://openalex.org/A5070212885,4,4
https://openalex.org/A5070411028,4,4
https://openalex.org/A5070690406,4,4
https://openalex.org/A5070930882,4,4
https://openalex.org/A5072741575,4,4
https://openalex.org/A5072860546,4,4
https://openalex.org/A5073726152,4,4
https://openalex.org/A5075401958,4,4
https://openalex.org/A5075423193,4,4
https://openalex.org/A5075900919,4,4
https://openalex.org/A5076445016,4,4
https://openalex.org/A5077542179,4,4
https://openalex.org/A5078931762,4,4
https://openalex.org/A5081511803,4,4
https://openalex.org/A5081528888,4,4
https://openalex.org/A5081809692,4,4
https://openalex.org/A5082558628,4,4
https://openalex.org/A5082719298,4,4
https://openalex.org/A5084720611,4,4
https://openalex.org/A5086052373,4,4
https://openalex.org/A5086094972,4,4
https://openalex.org/A5086516572,4,4
https://openalex.org/A5087079534,4,4
https://openalex.org/A5087423611,4,4
https://openalex.org/A5087710258,4,4
https://openalex.org/A5087711642,4,4
https://openalex.org/A5088879436,4,4
https://openalex.org/A5089194015,4,4
https://openalex.org/A5089214987,4,4
https://openalex.org/A5091000780,4,4
https://openalex.org/A5091226041,4,4
https://openalex.org/A5092148576,4,4
https://openalex.org/A5093049478,4,4
https://openalex.org/A5100349352,4,4
https://openalex.org/A5100519093,4,4
https://openalex.org/A5100624916,4,4
https://openalex.org/A5100693798,4,4
https://openalex.org/A5101398643,4,4
https://openalex.org/A5101574088,4,4
https://openalex.org/A5101776429,4,4
https://openalex.org/A5102164784,4,4
https://openalex.org/A5102767931,4,4
https://openalex.org/A5102790834,4,4
https://openalex.org/A5103760053,4,4
https://openalex.org/A5104141596,4,4
https://openalex.org/A5108137151,4,4
https://openalex.org/A5109398508,4,4
https://openalex.org/A5109840611,4,4
https://openalex.org/A5110598639,4,4
https://openalex.org/A5110725760,4,4
https://openalex.org/A5110970814,4,4
https://openalex.org/A5112030828,4,4
https://openalex.org/A5113112971,4,4
https://openalex.org/A5114374296,4,4
https://openalex.org/A5120313167,4,4
https://openalex.org/A5000539772,4,3
https://openalex.org/A5001623605,4,3
https://openalex.org/A5002085983,4,3
https://openalex.org/A5002366164,4,3
https://openalex.org/A5003367943,4,3
https://openalex.org/A5004061400,4,3
https://openalex.org/A5004882355,4,3
https://openalex.org/A5006850713,4,3
https://openalex.org/A5011015504,4,3
https://openalex.org/A5013757550,4,3
https://openalex.org/A5015204022,4,3
https://openalex.org/A5016742319,4,3
https://openalex.org/A5017688180,4,3
https://openalex.org/A5017922798,4,3
https://openalex.org/A5018809423,4,3
https://openalex.org/A5022664326,4,3
https://openalex.org/A5022737108,4,3
https://openalex.org/A5023797825,4,3
https://openalex.org/A5024191967,4,3
https://openalex.org/A5024629651,4,3
https://openalex.org/A5024664329,4,3
https://openalex.org/A5026872883,4,3
https://openalex.org/A5028799624,4,3
https://openalex.org/A5029661674,4,3
https://openalex.org/A5030738654,4,3
https://openalex.org/A5038340888,4,3
https://openalex.org/A5038935278,4,3
https://openalex.org/A5039777967,4,3
https://openalex.org/A5042106497,4,3
https://openalex.org/A5042218970,4,3
https://openalex.org/A5043772891,4,3
https://openalex.org/A5044357245,4,3
https://openalex.org/A5048873364,4,3
https://openalex.org/A5049216983,4,3
https://openalex.org/A5051658526,4,3
https://openalex.org/A5052769102,4,3
https://openalex.org/A5053562720,4,3
https://openalex.org/A5054117235,4,3
https://openalex.org/A5054575790,4,3
https://openalex.org/A5054897805,4,3
https://openalex.org/A5058939686,4,3
https://openalex.org/A5059401400,4,3
https://openalex.org/A5061127289,4,3
https://openalex.org/A5061291093,4,3
https://openalex.org/A5063708781,4,3
https://openalex.org/A5065713591,4,3
https://openalex.org/A5065870025,4,3
https://openalex.org/A5067716523,4,3
https://openalex.org/A5068528786,4,3
https://openalex.org/A5070435169,4,3
https://openalex.org/A5070511738,4,3
https://openalex.org/A5073770800,4,3
https://openalex.org/A5076669462,4,3
https://openalex.org/A5079459000,4,3
https://openalex.org/A5081533714,4,3
https://openalex.org/A5084049718,4,3
https://openalex.org/A5084933993,4,3
https://openalex.org/A5086630764,4,3
https://openalex.org/A5087093716,4,3
https://openalex.org/A5088180205,4,3
https://openalex.org/A5088832285,4,3
https://openalex.org/A5089081205,4,3
https://openalex.org/A5092031105,4,3
https://openalex.org/A5100605100,4,3
https://openalex.org/A5100709320,4,3
https://openalex.org/A5101656310,4,3
https://openalex.org/A5102963043,4,3
https://openalex.org/A5103083908,4,3
https://openalex.org/A5103414767,4,3
https://openalex.org/A5111500513,4,3
https://openalex.org/A5112292812,4,3
https://openalex.org/A5114031741,4,3
https://openalex.org/A5002361113,4,2
https://openalex.org/A5007103053,4,2
https://openalex.org/A5007254455,4,2
https://openalex.org/A5009103844,4,2
https://openalex.org/A5013450193,4,2
https://openalex.org/A5015852638,4,2
https://openalex.org/A5016493867,4,2
https://openalex.org/A5016529187,4,2
https://openalex.org/A5018810156,4,2
https://openalex.org/A5022554822,4,2
https://openalex.org/A5024924150,4,2
https://openalex.org/A5025353827,4,2
https://openalex.org/A5031278789,4,2
https://openalex.org/A5032571629,4,2
https://openalex.org/A5033449820,4,2
https://openalex.org/A5033639139,4,2
https://openalex.org/A5034050686,4,2
https://openalex.org/A5034868787,4,2
https://openalex.org/A5035204036,4,2
https://openalex.org/A5035617152,4,2
https://openalex.org/A5041523517,4,2
https://openalex.org/A5041709016,4,2
https://openalex.org/A5042098967,4,2
https://openalex.org/A5044977425,4,2
https://openalex.org/A5045729351,4,2
https://openalex.org/A5047970122,4,2
https://openalex.org/A5048912999,4,2
https://openalex.org/A5050104206,4,2
https://openalex.org/A5054656582,4,2
https://openalex.org/A5057417969,4,2
https://openalex.org/A5058878407,4,2
https://openalex.org/A5059801581,4,2
https://openalex.org/A5060362041,4,2
https://openalex.org/A5061226043,4,2
https://openalex.org/A5061358157,4,2
https://openalex.org/A5062006103,4,2
https://openalex.org/A5067062901,4,2
https://openalex.org/A5069654022,4,2
https://openalex.org/A5070296739,4,2
https://openalex.org/A5072462229,4,2
https://openalex.org/A5075564798,4,2
https://openalex.org/A5078983867,4,2
https://openalex.org/A5079016134,4,2
https://openalex.org/A5083197983,4,2
https://openalex.org/A5088878719,4,2
https://openalex.org/A5089095204,4,2
https://openalex.org/A5100456945,4,2
https://openalex.org/A5103685887,4,2
https://openalex.org/A5103978745,4,2
https://openalex.org/A5109994521,4,2
https://openalex.org/A5110243162,4,2
https://openalex.org/A5110884029,4,2
https://openalex.org/A5112563918,4,2
https://openalex.org/A5112808985,4,2
https://openalex.org/A5002658921,4,1
https://openalex.org/A5015451961,4,1
https://openalex.org/A5019110555,4,1
https://openalex.org/A5022742551,4,1
https://openalex.org/A5035786206,4,1
https://openalex.org/A5037621933,4,1
https://openalex.org/A5040793388,4,1
https://openalex.org/A5042623832,4,1
https://openalex.org/A5052269037,4,1
https://openalex.org/A5052719413,4,1
https://openalex.org/A5053524694,4,1
https://openalex.org/A5058690828,4,1
https://openalex.org/A5058790810,4,1
https://openalex.org/A5063066923,4,1
https://openalex.org/A5069449230,4,1
https://openalex.org/A5071941451,4,1
https://openalex.org/A5074450042,4,1
https://openalex.org/A5077930018,4,1
https://openalex.org/A5078729414,4,1
https://openalex.org/A5079879410,4,1
https://openalex.org/A5084530286,4,1
https://openalex.org/A5090585766,4,1
https://openalex.org/A5100710736,4,1
https://openalex.org/A5101496053,4,1
https://openalex.org/A5101961139,4,1
https://openalex.org/A5108504251,4,1
https://openalex.org/A5108531622,4,1
https://openalex.org/A5112623628,4,1
https://openalex.org/A5112933265,4,1
https://openalex.org/A5081008532,5,101
https://openalex.org/A5067688305,5,97
https://openalex.org/A5072703507,5,97
https://openalex.org/A5034406723,5,91
https://openalex.org/A5059236838,5,86
https://openalex.org/A5061923992,5,64
https://openalex.org/A5041808447,5,62
https://openalex.org/A5084955495,5,51
https://openalex.org/A5083710366,5,40
https://openalex.org/A5061810530,5,39
https://openalex.org/A5075116664,5,36
https://openalex.org/A5022747234,5,35
https://openalex.org/A5085054435,5,32
https://openalex.org/A5036258938,5,31
https://openalex.org/A5010623957,5,29
https://openalex.org/A5073774344,5,28
https://openalex.org/A5075056899,5,25
https://openalex.org/A5078886343,5,25
https://openalex.org/A5068542997,5,24
https://openalex.org/A5108688680,5,24
https://openalex.org/A5006225383,5,23
https://openalex.org/A5062093738,5,23
https://openalex.org/A5040381142,5,22
https://openalex.org/A5074435310,5,22
https://openalex.org/A5041492681,5,21
https://openalex.org/A5046881273,5,21
https://openalex.org/A5063837575,5,21
https://openalex.org/A5012168451,5,20
https://openalex.org/A5029483412,5,20
https://openalex.org/A5042278493,5,20
https://openalex.org/A5058840149,5,20
https://openalex.org/A5108248360,5,20
https://openalex.org/A5037735812,5,19
https://openalex.org/A5022672030,5,18
https://openalex.org/A5033317835,5,18
https://openalex.org/A5109352872,5,18
https://openalex.org/A5002813297,5,17
https://openalex.org/A5015728115,5,17
https://openalex.org/A5022068732,5,17
https://openalex.org/A5011745729,5,16
https://openalex.org/A5022718146,5,16
https://openalex.org/A5066089123,5,16
https://openalex.org/A5038043083,5,15
https://openalex.org/A5043326652,5,15
https://openalex.org/A5073748464,5,15
https://openalex.org/A5102901191,5,15
https://openalex.org/A5027711113,5,14
https://openalex.org/A5044849571,5,14
https://openalex.org/A5073812421,5,14
https://openalex.org/A5007187227,5,13
https://openalex.org/A5025030042,5,13
https://openalex.org/A5033477761,5,13
https://openalex.org/A5035799220,5,13
https://openalex.org/A5057624211,5,13
https://openalex.org/A5074406842,5,13
https://openalex.org/A5077270335,5,13
https://openalex.org/A5083126896,5,13
https://openalex.org/A5086952347,5,13
https://openalex.org/A5100357922,5,13
https://openalex.org/A5113744752,5,13
https://openalex.org/A5007458424,5,12
https://openalex.org/A5027417114,5,12
https://openalex.org/A5028928899,5,12
https://openalex.org/A5032530421,5,12
https://openalex.org/A5051322312,5,12
https://openalex.org/A5058923617,5,12
https://openalex.org/A5023892723,5,11
https://openalex.org/A5025919676,5,11
https://openalex.org/A5049634383,5,11
https://openalex.org/A5054624773,5,11
https://openalex.org/A5060507302,5,11
https://openalex.org/A5077875821,5,11
https://openalex.org/A5017184023,5,10
https://openalex.org/A5024892584,5,10
https://openalex.org/A5036843861,5,10
https://openalex.org/A5061164871,5,10
https://openalex.org/A5076364930,5,10
https://openalex.org/A5079290690,5,10
https://openalex.org/A5090079490,5,10
https://openalex.org/A5101849355,5,10
https://openalex.org/A5112865214,5,10
https://openalex.org/A5000665508,5,9
https://openalex.org/A5025355765,5,9
https://openalex.org/A5038616158,5,9
https://openalex.org/A5053550912,5,9
https://openalex.org/A5059385158,5,9
https://openalex.org/A5069003966,5,9
https://openalex.org/A5069120214,5,9
https://openalex.org/A5076204770,5,9
https://openalex.org/A5077142904,5,9
https://openalex.org/A5082393646,5,9
https://openalex.org/A5087941663,5,9
https://openalex.org/A5088495469,5,9
https://openalex.org/A5000454719,5,8
https://openalex.org/A5007049707,5,8
https://openalex.org/A5007072443,5,8
https://openalex.org/A5007511101,5,8
https://openalex.org/A5007564274,5,8
https://openalex.org/A5009911024,5,8
https://openalex.org/A5012739121,5,8
https://openalex.org/A5015856337,5,8
https://openalex.org/A5017147857,5,8
https://openalex.org/A5020104337,5,8
https://openalex.org/A5024633742,5,8
https://openalex.org/A5027997912,5,8
https://openalex.org/A5035918501,5,8
https://openalex.org/A5040820784,5,8
https://openalex.org/A5041256271,5,8
https://openalex.org/A5042180520,5,8
https://openalex.org/A5042605160,5,8
https://openalex.org/A5052381671,5,8
https://openalex.org/A5052957076,5,8
https://openalex.org/A5063512925,5,8
https://openalex.org/A5064307334,5,8
https://openalex.org/A5072941436,5,8
https://openalex.org/A5075632700,5,8
https://openalex.org/A5079136122,5,8
https://openalex.org/A5082707744,5,8
https://openalex.org/A5100773867,5,8
https://openalex.org/A5101444211,5,8
https://openalex.org/A5101500495,5,8
https://openalex.org/A5101877971,5,8
https://openalex.org/A5101894055,5,8
https://openalex.org/A5110671642,5,8
https://openalex.org/A5112594610,5,8
https://openalex.org/A5005564459,5,7
https://openalex.org/A5009239738,5,7
https://openalex.org/A5013616365,5,7
https://openalex.org/A5014283670,5,7
https://openalex.org/A5014548243,5,7
https://openalex.org/A5015683164,5,7
https://openalex.org/A5019512764,5,7
https://openalex.org/A5021587297,5,7
https://openalex.org/A5024737345,5,7
https://openalex.org/A5026589109,5,7
https://openalex.org/A5027605695,5,7
https://openalex.org/A5034972111,5,7
https://openalex.org/A5037473201,5,7
https://openalex.org/A5037821383,5,7
https://openalex.org/A5046133815,5,7
https://openalex.org/A5051320860,5,7
https://openalex.org/A5059911956,5,7
https://openalex.org/A5072028368,5,7
https://openalex.org/A5073676654,5,7
https://openalex.org/A5075075586,5,7
https://openalex.org/A5078441538,5,7
https://openalex.org/A5084044470,5,7
https://openalex.org/A5084122016,5,7
https://openalex.org/A5087216360,5,7
https://openalex.org/A5090509447,5,7
https://openalex.org/A5100620895,5,7
https://openalex.org/A5101463080,5,7
https://openalex.org/A5101697653,5,7
https://openalex.org/A5105985686,5,7
https://openalex.org/A5110245986,5,7
https://openalex.org/A5112466339,5,7
https://openalex.org/A5000967524,5,6
https://openalex.org/A5005735151,5,6
https://openalex.org/A5006125158,5,6
https://openalex.org/A5009019474,5,6
https://openalex.org/A5011005696,5,6
https://openalex.org/A5012427130,5,6
https://openalex.org/A5015760420,5,6
https://openalex.org/A5015763173,5,6
https://openalex.org/A5019875643,5,6
https://openalex.org/A5020036844,5,6
https://openalex.org/A5021971461,5,6
https://openalex.org/A5022593407,5,6
https://openalex.org/A5024995101,5,6
https://openalex.org/A5025231577,5,6
https://openalex.org/A5029966654,5,6
https://openalex.org/A5032165991,5,6
https://openalex.org/A5033130411,5,6
https://openalex.org/A5035542222,5,6
https://openalex.org/A5035698575,5,6
https://openalex.org/A5036812694,5,6
https://openalex.org/A5037207344,5,6
https://openalex.org/A5037577175,5,6
https://openalex.org/A5037898474,5,6
https://openalex.org/A5040275877,5,6
https://openalex.org/A5042818380,5,6
https://openalex.org/A5043560474,5,6
https://openalex.org/A5044165871,5,6
https://openalex.org/A5044562617,5,6
https://openalex.org/A5046224601,5,6
https://openalex.org/A5049404285,5,6
https://openalex.org/A5049470149,5,6
https://openalex.org/A5051604156,5,6
https://openalex.org/A5053797964,5,6
https://openalex.org/A5061077761,5,6
https://openalex.org/A5061768737,5,6
https://openalex.org/A5063585379,5,6
https://openalex.org/A5063752021,5,6
https://openalex.org/A5064524955,5,6
https://openalex.org/A5064525211,5,6
https://openalex.org/A5066833626,5,6
https://openalex.org/A5069125392,5,6
https://openalex.org/A5072656277,5,6
https://openalex.org/A5073187608,5,6
https://openalex.org/A5074995102,5,6
https://openalex.org/A5075173651,5,6
https://openalex.org/A5076332929,5,6
https://openalex.org/A5077502412,5,6
https://openalex.org/A5078247174,5,6
https://openalex.org/A5078778324,5,6
https://openalex.org/A5085358980,5,6
https://openalex.org/A5087294637,5,6
https://openalex.org/A5087586854,5,6
https://openalex.org/A5087795032,5,6
https://openalex.org/A5089207342,5,6
https://openalex.org/A5090777482,5,6
https://openalex.org/A5097605709,5,6
https://openalex.org/A5100372601,5,6
https://openalex.org/A5100411534,5,6
https://openalex.org/A5100725966,5,6
https://openalex.org/A5100737046,5,6
https://openalex.org/A5100775766,5,6
https://openalex.org/A5101509283,5,6
https://openalex.org/A5101581308,5,6
https://openalex.org/A5101590139,5,6
https://openalex.org/A5101681583,5,6
https://openalex.org/A5102872779,5,6
https://openalex.org/A5103039363,5,6
https://openalex.org/A5104045637,5,6
https://openalex.org/A5108657726,5,6
https://openalex.org/A5108972921,5,6
https://openalex.org/A5112876603,5,6
https://openalex.org/A5000443214,5,5
https://openalex.org/A5001554542,5,5
https://openalex.org/A5003738851,5,5
https://openalex.org/A5005457508,5,5
https://openalex.org/A5006939946,5,5
https://openalex.org/A5007272725,5,5
https://openalex.org/A5007827015,5,5
https://openalex.org/A5008806543,5,5
https://openalex.org/A5009166220,5,5
https://openalex.org/A5009187901,5,5
https://openalex.org/A5009436227,5,5
https://openalex.org/A5009871674,5,5
https://openalex.org/A5011363617,5,5
https://openalex.org/A5012569641,5,5
https://openalex.org/A5012872041,5,5
https://openalex.org/A5015542293,5,5
https://openalex.org/A5015957898,5,5
https://openalex.org/A5016213007,5,5
https://openalex.org/A5016716091,5,5
https://openalex.org/A5017037967,5,5
https://openalex.org/A5019655566,5,5
https://openalex.org/A5019843700,5,5
https://openalex.org/A5020283825,5,5
https://openalex.org/A5023882015,5,5
https://openalex.org/A5029299663,5,5
https://openalex.org/A5029914279,5,5
https://openalex.org/A5034329641,5,5
https://openalex.org/A5037134085,5,5
https://openalex.org/A5042192372,5,5
https://openalex.org/A5042260991,5,5
https://openalex.org/A5043692273,5,5
https://openalex.org/A5044190205,5,5
https://openalex.org/A5047675331,5,5
https://openalex.org/A5048806623,5,5
https://openalex.org/A5049386758,5,5
https://openalex.org/A5050723190,5,5
https://openalex.org/A5051354114,5,5
https://openalex.org/A5053560194,5,5
https://openalex.org/A5057105760,5,5
https://openalex.org/A5057979014,5,5
https://openalex.org/A5058148281,5,5
https://openalex.org/A5064496195,5,5
https://openalex.org/A5065996762,5,5
https://openalex.org/A5069107397,5,5
https://openalex.org/A5070645731,5,5
https://openalex.org/A5073508672,5,5
https://openalex.org/A5073701104,5,5
https://openalex.org/A5076947945,5,5
https://openalex.org/A5077295469,5,5
https://openalex.org/A5077326244,5,5
https://openalex.org/A5081161831,5,5
https://openalex.org/A5081289583,5,5
https://openalex.org/A5082498217,5,5
https://openalex.org/A5083084972,5,5
https://openalex.org/A5084677225,5,5
https://openalex.org/A5085497926,5,5
https://openalex.org/A5086073834,5,5
https://openalex.org/A5086152924,5,5
https://openalex.org/A5088030879,5,5
https://openalex.org/A5089339406,5,5
https://openalex.org/A5091296600,5,5
https://openalex.org/A5092181300,5,5
https://openalex.org/A5096878617,5,5
https://openalex.org/A5100367418,5,5
https://openalex.org/A5100378046,5,5
https://openalex.org/A5101058262,5,5
https://openalex.org/A5101705523,5,5
https://openalex.org/A5101765090,5,5
https://openalex.org/A5102785590,5,5
https://openalex.org/A5106697460,5,5
https://openalex.org/A5108531903,5,5
https://openalex.org/A5111569999,5,5
https://openalex.org/A5112456364,5,5
https://openalex.org/A5113512998,5,5
https://openalex.org/A5002940264,5,4
https://openalex.org/A5003349673,5,4
https://openalex.org/A5004946117,5,4
https://openalex.org/A5006316724,5,4
https://openalex.org/A5007088227,5,4
https://openalex.org/A5008840028,5,4
https://openalex.org/A5009694552,5,4
https://openalex.org/A5010766332,5,4
https://openalex.org/A5013179900,5,4
https://openalex.org/A5013259491,5,4
https://openalex.org/A5014846205,5,4
https://openalex.org/A5015855466,5,4
https://openalex.org/A5017867321,5,4
https://openalex.org/A5018676187,5,4
https://openalex.org/A5019096316,5,4
https://openalex.org/A5020418858,5,4
https://openalex.org/A5020449921,5,4
https://openalex.org/A5022411738,5,4
https://openalex.org/A5022597090,5,4
https://openalex.org/A5022684050,5,4
https://openalex.org/A5025010397,5,4
https://openalex.org/A5028642367,5,4
https://openalex.org/A5030265138,5,4
https://openalex.org/A5031028193,5,4
https://openalex.org/A5033142056,5,4
https://openalex.org/A5033338045,5,4
https://openalex.org/A5034913796,5,4
https://openalex.org/A5037415488,5,4
https://openalex.org/A5038581727,5,4
https://openalex.org/A5038688486,5,4
https://openalex.org/A5039707142,5,4
https://openalex.org/A5040200687,5,4
https://openalex.org/A5040815195,5,4
https://openalex.org/A5041099730,5,4
https://openalex.org/A5041704286,5,4
https://openalex.org/A5044504510,5,4
https://openalex.org/A5044649497,5,4
https://openalex.org/A5044885352,5,4
https://openalex.org/A5046502202,5,4
https://openalex.org/A5047387491,5,4
https://openalex.org/A5047735536,5,4
https://openalex.org/A5048974801,5,4
https://openalex.org/A5049099024,5,4
https://openalex.org/A5050039922,5,4
https://openalex.org/A5050129252,5,4
https://openalex.org/A5051037225,5,4
https://openalex.org/A5054160551,5,4
https://openalex.org/A5054894743,5,4
https://openalex.org/A5055691816,5,4
https://openalex.org/A5058137116,5,4
https://openalex.org/A5058837356,5,4
https://openalex.org/A5061198286,5,4
https://openalex.org/A5062753176,5,4
https://openalex.org/A5064214276,5,4
https://openalex.org/A5064266755,5,4
https://openalex.org/A5066308873,5,4
https://openalex.org/A5067451854,5,4
https://openalex.org/A5067837042,5,4
https://openalex.org/A5072590337,5,4
https://openalex.org/A5073585704,5,4
https://openalex.org/A5074732252,5,4
https://openalex.org/A5075059497,5,4
https://openalex.org/A5078926969,5,4
https://openalex.org/A5079691547,5,4
https://openalex.org/A5081253275,5,4
https://openalex.org/A5081345346,5,4
https://openalex.org/A5081469015,5,4
https://openalex.org/A5081763922,5,4
https://openalex.org/A5081900891,5,4
https://openalex.org/A5081963935,5,4
https://openalex.org/A5082323876,5,4
https://openalex.org/A5083581537,5,4
https://openalex.org/A5085793134,5,4
https://openalex.org/A5088621577,5,4
https://openalex.org/A5088654499,5,4
https://openalex.org/A5090318645,5,4
https://openalex.org/A5093598340,5,4
https://openalex.org/A5093598341,5,4
https://openalex.org/A5094063262,5,4
https://openalex.org/A5100366248,5,4
https://openalex.org/A5100699278,5,4
https://openalex.org/A5101068519,5,4
https://openalex.org/A5101417731,5,4
https://openalex.org/A5101489444,5,4
https://openalex.org/A5101504411,5,4
https://openalex.org/A5101593607,5,4
https://openalex.org/A5108452043,5,4
https://openalex.org/A5108821366,5,4
https://openalex.org/A5111586036,5,4
https://openalex.org/A5111612701,5,4
https://openalex.org/A5113012366,5,4
https://openalex.org/A5113556639,5,4
https://openalex.org/A5000209112,5,3
https://openalex.org/A5004489401,5,3
https://openalex.org/A5005771613,5,3
https://openalex.org/A5009862994,5,3
https://openalex.org/A5010295611,5,3
https://openalex.org/A5014260231,5,3
https://openalex.org/A5016322319,5,3
https://openalex.org/A5019049697,5,3
https://openalex.org/A5019675617,5,3
https://openalex.org/A5020104747,5,3
https://openalex.org/A5023967203,5,3
https://openalex.org/A5024976868,5,3
https://openalex.org/A5025253393,5,3
https://openalex.org/A5025771389,5,3
https://openalex.org/A5032666539,5,3
https://openalex.org/A5033386657,5,3
https://openalex.org/A5034041314,5,3
https://openalex.org/A5035916726,5,3
https://openalex.org/A5037819162,5,3
https://openalex.org/A5037947876,5,3
https://openalex.org/A5039169897,5,3
https://openalex.org/A5039489344,5,3
https://openalex.org/A5041513167,5,3
https://openalex.org/A5043973706,5,3
https://openalex.org/A5046111391,5,3
https://openalex.org/A5046769599,5,3
https://openalex.org/A5048219247,5,3
https://openalex.org/A5049777833,5,3
https://openalex.org/A5051693305,5,3
https://openalex.org/A5052371344,5,3
https://openalex.org/A5052639125,5,3
https://openalex.org/A5054276608,5,3
https://openalex.org/A5055537550,5,3
https://openalex.org/A5056630304,5,3
https://openalex.org/A5058158750,5,3
https://openalex.org/A5061387988,5,3
https://openalex.org/A5061767751,5,3
https://openalex.org/A5062057580,5,3
https://openalex.org/A5065749624,5,3
https://openalex.org/A5072672803,5,3
https://openalex.org/A5073930121,5,3
https://openalex.org/A5075685499,5,3
https://openalex.org/A5075990664,5,3
https://openalex.org/A5076536252,5,3
https://openalex.org/A5077046319,5,3
https://openalex.org/A5077958415,5,3
https://openalex.org/A5082771661,5,3
https://openalex.org/A5083261987,5,3
https://openalex.org/A5085167000,5,3
https://openalex.org/A5086101517,5,3
https://openalex.org/A5087410849,5,3
https://openalex.org/A5089295097,5,3
https://openalex.org/A5089533997,5,3
https://openalex.org/A5090730667,5,3
https://openalex.org/A5091247256,5,3
https://openalex.org/A5092001953,5,3
https://openalex.org/A5100673750,5,3
https://openalex.org/A5101415499,5,3
https://openalex.org/A5101593330,5,3
https://openalex.org/A5101678969,5,3
https://openalex.org/A5102803437,5,3
https://openalex.org/A5102962549,5,3
https://openalex.org/A5102996261,5,3
https://openalex.org/A5105927123,5,3
https://openalex.org/A5106487108,5,3
https://openalex.org/A5108446169,5,3
https://openalex.org/A5111831104,5,3
https://openalex.org/A5113652671,5,3
https://openalex.org/A5003730990,5,2
https://openalex.org/A5007832173,5,2
https://openalex.org/A5010544062,5,2
https://openalex.org/A5011978745,5,2
https://openalex.org/A5012783043,5,2
https://openalex.org/A5014459778,5,2
https://openalex.org/A5015416044,5,2
https://openalex.org/A5017900355,5,2
https://openalex.org/A5019035134,5,2
https://openalex.org/A5024320659,5,2
https://openalex.org/A5026188630,5,2
https://openalex.org/A5028406899,5,2
https://openalex.org/A5030542367,5,2
https://openalex.org/A5035246366,5,2
https://openalex.org/A5036332666,5,2
https://openalex.org/A5036498741,5,2
https://openalex.org/A5037550701,5,2
https://openalex.org/A5038274891,5,2
https://openalex.org/A5041066777,5,2
https://openalex.org/A5041983555,5,2
https://openalex.org/A5043269024,5,2
https://openalex.org/A5045651525,5,2
https://openalex.org/A5048896019,5,2
https://openalex.org/A5049740369,5,2
https://openalex.org/A5060883307,5,2
https://openalex.org/A5061972189,5,2
https://openalex.org/A5064818681,5,2
https://openalex.org/A5067816317,5,2
https://openalex.org/A5067876119,5,2
https://openalex.org/A5078266193,5,2
https://openalex.org/A5081233201,5,2
https://openalex.org/A5082141103,5,2
https://openalex.org/A5085667320,5,2
https://openalex.org/A5086577630,5,2
https://openalex.org/A5088688595,5,2
https://openalex.org/A5092142318,5,2
https://openalex.org/A5100420746,5,2
https://openalex.org/A5100420752,5,2
https://openalex.org/A5100420754,5,2
https://openalex.org/A5100429506,5,2
https://openalex.org/A5100570053,5,2
https://openalex.org/A5100609446,5,2
https://openalex.org/A5101993753,5,2
https://openalex.org/A5102706162,5,2
https://openalex.org/A5102778160,5,2
https://openalex.org/A5102817744,5,2
https://openalex.org/A5103117055,5,2
https://openalex.org/A5103181226,5,2
https://openalex.org/A5108192370,5,2
https://openalex.org/A5112230302,5,2
https://openalex.org/A5112442974,5,2
https://openalex.org/A5112828680,5,2
https://openalex.org/A5004092230,5,1
https://openalex.org/A5008451183,5,1
https://openalex.org/A5024730984,5,1
https://openalex.org/A5038377727,5,1
https://openalex.org/A5042104049,5,1
https://openalex.org/A5046065286,5,1
https://openalex.org/A5064415620,5,1
https://openalex.org/A5065322519,5,1
https://openalex.org/A5067990394,5,1
https://openalex.org/A5074675503,5,1
https://openalex.org/A5083550860,5,1
https://openalex.org/A5084460613,5,1
https://openalex.org/A5091669275,5,1
https://openalex.org/A5100398168,5,1
https://openalex.org/A5021346979,6,129
https://openalex.org/A5011228873,6,85
https://openalex.org/A5025218537,6,82
https://openalex.org/A5046546654,6,69
https://openalex.org/A5031799782,6,68
https://openalex.org/A5059787882,6,59
https://openalex.org/A5068182184,6,57
https://openalex.org/A5079596102,6,55
https://openalex.org/A5016371653,6,47
https://openalex.org/A5007941468,6,46
https://openalex.org/A5014662127,6,46
https://openalex.org/A5014048759,6,43
https://openalex.org/A5069885186,6,42
https://openalex.org/A5039841997,6,39
https://openalex.org/A5041680508,6,38
https://openalex.org/A5013385420,6,35
https://openalex.org/A5031461158,6,31
https://openalex.org/A5061900944,6,31
https://openalex.org/A5078699564,6,31
https://openalex.org/A5070491108,6,30
https://openalex.org/A5000035181,6,26
https://openalex.org/A5029805143,6,26
https://openalex.org/A5033081182,6,26
https://openalex.org/A5111367077,6,26
https://openalex.org/A5020744129,6,24
https://openalex.org/A5056583184,6,24
https://openalex.org/A5024396732,6,23
https://openalex.org/A5075585231,6,22
https://openalex.org/A5054574752,6,21
https://openalex.org/A5053938061,6,20
https://openalex.org/A5016589479,6,19
https://openalex.org/A5070463669,6,19
https://openalex.org/A5028347915,6,18
https://openalex.org/A5059015074,6,18
https://openalex.org/A5082461253,6,18
https://openalex.org/A5016146759,6,17
https://openalex.org/A5075228752,6,17
https://openalex.org/A5037994930,6,16
https://openalex.org/A5069579180,6,16
https://openalex.org/A5009703419,6,15
https://openalex.org/A5020199695,6,15
https://openalex.org/A5088304530,6,15
https://openalex.org/A5090606361,6,15
https://openalex.org/A5007374520,6,14
https://openalex.org/A5016839456,6,14
https://openalex.org/A5020306286,6,14
https://openalex.org/A5035165297,6,14
https://openalex.org/A5044719894,6,14
https://openalex.org/A5072749955,6,14
https://openalex.org/A5073180325,6,14
https://openalex.org/A5082372443,6,14
https://openalex.org/A5010924288,6,13
https://openalex.org/A5015478086,6,13
https://openalex.org/A5042663607,6,13
https://openalex.org/A5051985100,6,13
https://openalex.org/A5059809584,6,13
https://openalex.org/A5064185672,6,13
https://openalex.org/A5090577017,6,13
https://openalex.org/A5002901620,6,12
https://openalex.org/A5005439744,6,12
https://openalex.org/A5022017615,6,12
https://openalex.org/A5032566311,6,12
https://openalex.org/A5050830060,6,12
https://openalex.org/A5061488382,6,12
https://openalex.org/A5077072350,6,12
https://openalex.org/A5002597222,6,11
https://openalex.org/A5031312546,6,11
https://openalex.org/A5042890616,6,11
https://openalex.org/A5048332811,6,11
https://openalex.org/A5050099046,6,11
https://openalex.org/A5070356107,6,11
https://openalex.org/A5011773766,6,10
https://openalex.org/A5017554649,6,10
https://openalex.org/A5031236554,6,10
https://openalex.org/A5041007022,6,10
https://openalex.org/A5057650206,6,10
https://openalex.org/A5063768294,6,10
https://openalex.org/A5103810699,6,10
https://openalex.org/A5031414510,6,9
https://openalex.org/A5047040090,6,9
https://openalex.org/A5054721267,6,9
https://openalex.org/A5055844783,6,9
https://openalex.org/A5065682719,6,9
https://openalex.org/A5075220413,6,9
https://openalex.org/A5091661935,6,9
https://openalex.org/A5110249371,6,9
https://openalex.org/A5002055143,6,8
https://openalex.org/A5004055246,6,8
https://openalex.org/A5005806296,6,8
https://openalex.org/A5007739277,6,8
https://openalex.org/A5007874154,6,8
https://openalex.org/A5010571732,6,8
https://openalex.org/A5015993425,6,8
https://openalex.org/A5017610424,6,8
https://openalex.org/A5019793770,6,8
https://openalex.org/A5021067948,6,8
https://openalex.org/A5022246692,6,8
https://openalex.org/A5027954502,6,8
https://openalex.org/A5032756299,6,8
https://openalex.org/A5033933034,6,8
https://openalex.org/A5036281933,6,8
https://openalex.org/A5039724817,6,8
https://openalex.org/A5040005447,6,8
https://openalex.org/A5045605391,6,8
https://openalex.org/A5046684626,6,8
https://openalex.org/A5048702999,6,8
https://openalex.org/A5059871346,6,8
https://openalex.org/A5060722496,6,8
https://openalex.org/A5063360427,6,8
https://openalex.org/A5064152560,6,8
https://openalex.org/A5068694242,6,8
https://openalex.org/A5073073131,6,8
https://openalex.org/A5074039936,6,8
https://openalex.org/A5077261712,6,8
https://openalex.org/A5078374749,6,8
https://openalex.org/A5079588783,6,8
https://openalex.org/A5083350074,6,8
https://openalex.org/A5084146359,6,8
https://openalex.org/A5084231906,6,8
https://openalex.org/A5101787543,6,8
https://openalex.org/A5101882945,6,8
https://openalex.org/A5108074729,6,8
https://openalex.org/A5108119814,6,8
https://openalex.org/A5113849838,6,8
https://openalex.org/A5002856968,6,7
https://openalex.org/A5003579441,6,7
https://openalex.org/A5007548920,6,7
https://openalex.org/A5008114977,6,7
https://openalex.org/A5011148802,6,7
https://openalex.org/A5012479535,6,7
https://openalex.org/A5012915897,6,7
https://openalex.org/A5014082558,6,7
https://openalex.org/A5015722935,6,7
https://openalex.org/A5021424637,6,7
https://openalex.org/A5023301432,6,7
https://openalex.org/A5023790749,6,7
https://openalex.org/A5026380797,6,7
https://openalex.org/A5032302239,6,7
https://openalex.org/A5038411636,6,7
https://openalex.org/A5047463787,6,7
https://openalex.org/A5047592082,6,7
https://openalex.org/A5051127850,6,7
https://openalex.org/A5053849157,6,7
https://openalex.org/A5056051191,6,7
https://openalex.org/A5057196369,6,7
https://openalex.org/A5059507519,6,7
https://openalex.org/A5063327692,6,7
https://openalex.org/A5065756551,6,7
https://openalex.org/A5066787935,6,7
https://openalex.org/A5067206452,6,7
https://openalex.org/A5067897724,6,7
https://openalex.org/A5071682980,6,7
https://openalex.org/A5071897574,6,7
https://openalex.org/A5077743516,6,7
https://openalex.org/A5078273409,6,7
https://openalex.org/A5079919747,6,7
https://openalex.org/A5080973755,6,7
https://openalex.org/A5084214981,6,7
https://openalex.org/A5086153061,6,7
https://openalex.org/A5087209063,6,7
https://openalex.org/A5088276589,6,7
https://openalex.org/A5090038371,6,7
https://openalex.org/A5091176792,6,7
https://openalex.org/A5092392096,6,7
https://openalex.org/A5092392097,6,7
https://openalex.org/A5101776924,6,7
https://openalex.org/A5109166009,6,7
https://openalex.org/A5109620024,6,7
https://openalex.org/A5004283810,6,6
https://openalex.org/A5008514010,6,6
https://openalex.org/A5009012039,6,6
https://openalex.org/A5009474079,6,6
https://openalex.org/A5015410965,6,6
https://openalex.org/A5015989679,6,6
https://openalex.org/A5016893860,6,6
https://openalex.org/A5019479048,6,6
https://openalex.org/A5020685414,6,6
https://openalex.org/A5022790022,6,6
https://openalex.org/A5024042163,6,6
https://openalex.org/A5024684865,6,6
https://openalex.org/A5024804688,6,6
https://openalex.org/A5025772345,6,6
https://openalex.org/A5026384166,6,6
https://openalex.org/A5027772279,6,6
https://openalex.org/A5030813034,6,6
https://openalex.org/A5034671481,6,6
https://openalex.org/A5035719810,6,6
https://openalex.org/A5040337867,6,6
https://openalex.org/A5043737076,6,6
https://openalex.org/A5045054843,6,6
https://openalex.org/A5046782003,6,6
https://openalex.org/A5047726306,6,6
https://openalex.org/A5048216017,6,6
https://openalex.org/A5051563238,6,6
https://openalex.org/A5054619352,6,6
https://openalex.org/A5054638811,6,6
https://openalex.org/A5056297261,6,6
https://openalex.org/A5057907135,6,6
https://openalex.org/A5059248331,6,6
https://openalex.org/A5060733808,6,6
https://openalex.org/A5063786192,6,6
https://openalex.org/A5065751795,6,6
https://openalex.org/A5065827571,6,6
https://openalex.org/A5066450158,6,6
https://openalex.org/A5069878224,6,6
https://openalex.org/A5072529906,6,6
https://openalex.org/A5073658092,6,6
https://openalex.org/A5075523994,6,6
https://openalex.org/A5076132658,6,6
https://openalex.org/A5076985100,6,6
https://openalex.org/A5077832807,6,6
https://openalex.org/A5079136793,6,6
https://openalex.org/A5079235287,6,6
https://openalex.org/A5079593682,6,6
https://openalex.org/A5081241112,6,6
https://openalex.org/A5082155269,6,6
https://openalex.org/A5083444172,6,6
https://openalex.org/A5089255872,6,6
https://openalex.org/A5089795326,6,6
https://openalex.org/A5091879812,6,6
https://openalex.org/A5096090974,6,6
https://openalex.org/A5096105687,6,6
https://openalex.org/A5101481070,6,6
https://openalex.org/A5101951506,6,6
https://openalex.org/A5106691622,6,6
https://openalex.org/A5108139738,6,6
https://openalex.org/A5108558234,6,6
https://openalex.org/A5109976534,6,6
https://openalex.org/A5110312338,6,6
https://openalex.org/A5111987183,6,6
https://openalex.org/A5113707661,6,6
https://openalex.org/A5004318489,6,5
https://openalex.org/A5005062102,6,5
https://openalex.org/A5010107878,6,5
https://openalex.org/A5015709423,6,5
https://openalex.org/A5015889955,6,5
https://openalex.org/A5020318194,6,5
https://openalex.org/A5020804251,6,5
https://openalex.org/A5025677911,6,5
https://openalex.org/A5026066342,6,5
https://openalex.org/A5028367820,6,5
https://openalex.org/A5028392704,6,5
https://openalex.org/A5034682188,6,5
https://openalex.org/A5035574749,6,5
https://openalex.org/A5035959914,6,5
https://openalex.org/A5038050803,6,5
https://openalex.org/A5038511287,6,5
https://openalex.org/A5041522495,6,5
https://openalex.org/A5043586285,6,5
https://openalex.org/A5047870955,6,5
https://openalex.org/A5048076721,6,5
https://openalex.org/A5052527590,6,5
https://openalex.org/A5057477336,6,5
https://openalex.org/A5057999999,6,5
https://openalex.org/A5058129809,6,5
https://openalex.org/A5062144439,6,5
https://openalex.org/A5062147820,6,5
https://openalex.org/A5064601780,6,5
https://openalex.org/A5066338475,6,5
https://openalex.org/A5068310504,6,5
https://openalex.org/A5070745736,6,5
https://openalex.org/A5071925791,6,5
https://openalex.org/A5073691332,6,5
https://openalex.org/A5075829616,6,5
https://openalex.org/A5077658835,6,5
https://openalex.org/A5082563790,6,5
https://openalex.org/A5084541387,6,5
https://openalex.org/A5085378897,6,5
https://openalex.org/A5085836910,6,5
https://openalex.org/A5087788538,6,5
https://openalex.org/A5089504371,6,5
https://openalex.org/A5090663249,6,5
https://openalex.org/A5101632544,6,5
https://openalex.org/A5103416195,6,5
https://openalex.org/A5109806868,6,5
https://openalex.org/A5113794399,6,5
https://openalex.org/A5000030011,6,4
https://openalex.org/A5001296301,6,4
https://openalex.org/A5001383313,6,4
https://openalex.org/A5003220678,6,4
https://openalex.org/A5003544728,6,4
https://openalex.org/A5003685414,6,4
https://openalex.org/A5006447486,6,4
https://openalex.org/A5007418876,6,4
https://openalex.org/A5009017533,6,4
https://openalex.org/A5009958753,6,4
https://openalex.org/A5012993271,6,4
https://openalex.org/A5013172801,6,4
https://openalex.org/A5014322193,6,4
https://openalex.org/A5016248092,6,4
https://openalex.org/A5017937462,6,4
https://openalex.org/A5018285423,6,4
https://openalex.org/A5018833073,6,4
https://openalex.org/A5021538265,6,4
https://openalex.org/A5021951263,6,4
https://openalex.org/A5022572267,6,4
https://openalex.org/A5024453457,6,4
https://openalex.org/A5026041814,6,4
https://openalex.org/A5026043775,6,4
https://openalex.org/A5026292669,6,4
https://openalex.org/A5027099129,6,4
https://openalex.org/A5029213237,6,4
https://openalex.org/A5030210720,6,4
https://openalex.org/A5030951161,6,4
https://openalex.org/A5031033430,6,4
https://openalex.org/A5034489649,6,4
https://openalex.org/A5037829206,6,4
https://openalex.org/A5037935415,6,4
https://openalex.org/A5038118094,6,4
https://openalex.org/A5038172560,6,4
https://openalex.org/A5038308505,6,4
https://openalex.org/A5038811607,6,4
https://openalex.org/A5039409967,6,4
https://openalex.org/A5039542804,6,4
https://openalex.org/A5040056829,6,4
https://openalex.org/A5041084891,6,4
https://openalex.org/A5044124064,6,4
https://openalex.org/A5044971767,6,4
https://openalex.org/A5045674645,6,4
https://openalex.org/A5046004776,6,4
https://openalex.org/A5046018227,6,4
https://openalex.org/A5046913964,6,4
https://openalex.org/A5047692264,6,4
https://openalex.org/A5048738205,6,4
https://openalex.org/A5049257019,6,4
https://openalex.org/A5051115088,6,4
https://openalex.org/A5053448215,6,4
https://openalex.org/A5055491674,6,4
https://openalex.org/A5055668668,6,4
https://openalex.org/A5057005202,6,4
https://openalex.org/A5057945477,6,4
https://openalex.org/A5057977875,6,4
https://openalex.org/A5061779789,6,4
https://openalex.org/A5063502807,6,4
https://openalex.org/A5063655429,6,4
https://openalex.org/A5065667310,6,4
https://openalex.org/A5066042916,6,4
https://openalex.org/A5066135816,6,4
https://openalex.org/A5066197258,6,4
https://openalex.org/A5067301450,6,4
https://openalex.org/A5067889485,6,4
https://openalex.org/A5069264300,6,4
https://openalex.org/A5069564629,6,4
https://openalex.org/A5070491230,6,4
https://openalex.org/A5071429825,6,4
https://openalex.org/A5073807945,6,4
https://openalex.org/A5075570595,6,4
https://openalex.org/A5080743153,6,4
https://openalex.org/A5080886681,6,4
https://openalex.org/A5080970505,6,4
https://openalex.org/A5081580898,6,4
https://openalex.org/A5081621956,6,4
https://openalex.org/A5081647621,6,4
https://openalex.org/A5084604354,6,4
https://openalex.org/A5085714892,6,4
https://openalex.org/A5086426493,6,4
https://openalex.org/A5086893629,6,4
https://openalex.org/A5087785022,6,4
https://openalex.org/A5089862218,6,4
https://openalex.org/A5090197777,6,4
https://openalex.org/A5091163739,6,4
https://openalex.org/A5092557136,6,4
https://openalex.org/A5100731564,6,4
https://openalex.org/A5100766387,6,4
https://openalex.org/A5101884415,6,4
https://openalex.org/A5102549469,6,4
https://openalex.org/A5103065585,6,4
https://openalex.org/A5105985544,6,4
https://openalex.org/A5108821623,6,4
https://openalex.org/A5109124571,6,4
https://openalex.org/A5110465677,6,4
https://openalex.org/A5113966446,6,4
https://openalex.org/A5004099682,6,3
https://openalex.org/A5004299489,6,3
https://openalex.org/A5005168115,6,3
https://openalex.org/A5008277325,6,3
https://openalex.org/A5009970175,6,3
https://openalex.org/A5011499597,6,3
https://openalex.org/A5015734898,6,3
https://openalex.org/A5016767305,6,3
https://openalex.org/A5019847029,6,3
https://openalex.org/A5022721007,6,3
https://openalex.org/A5026825784,6,3
https://openalex.org/A5027487569,6,3
https://openalex.org/A5027662547,6,3
https://openalex.org/A5028922270,6,3
https://openalex.org/A5029222455,6,3
https://openalex.org/A5029285647,6,3
https://openalex.org/A5031490134,6,3
https://openalex.org/A5039398904,6,3
https://openalex.org/A5039997297,6,3
https://openalex.org/A5040467938,6,3
https://openalex.org/A5042168299,6,3
https://openalex.org/A5042792217,6,3
https://openalex.org/A5045738017,6,3
https://openalex.org/A5048427371,6,3
https://openalex.org/A5049203811,6,3
https://openalex.org/A5050455964,6,3
https://openalex.org/A5051471901,6,3
https://openalex.org/A5051629081,6,3
https://openalex.org/A5052161832,6,3
https://openalex.org/A5053439134,6,3
https://openalex.org/A5054079559,6,3
https://openalex.org/A5054785184,6,3
https://openalex.org/A5055566250,6,3
https://openalex.org/A5057159406,6,3
https://openalex.org/A5060932978,6,3
https://openalex.org/A5063098095,6,3
https://openalex.org/A5063520476,6,3
https://openalex.org/A5063566624,6,3
https://openalex.org/A5066894056,6,3
https://openalex.org/A5069179682,6,3
https://openalex.org/A5077184948,6,3
https://openalex.org/A5077830996,6,3
https://openalex.org/A5081928534,6,3
https://openalex.org/A5083384682,6,3
https://openalex.org/A5083656837,6,3
https://openalex.org/A5086508834,6,3
https://openalex.org/A5087299552,6,3
https://openalex.org/A5088159336,6,3
https://openalex.org/A5089405969,6,3
https://openalex.org/A5090414289,6,3
https://openalex.org/A5091374453,6,3
https://openalex.org/A5091783761,6,3
https://openalex.org/A5093363701,6,3
https://openalex.org/A5100527216,6,3
https://openalex.org/A5100782346,6,3
https://openalex.org/A5101182106,6,3
https://openalex.org/A5101647300,6,3
https://openalex.org/A5107906053,6,3
https://openalex.org/A5108085122,6,3
https://openalex.org/A5111181658,6,3
https://openalex.org/A5111980975,6,3
https://openalex.org/A5112021346,6,3
https://openalex.org/A5112262214,6,3
https://openalex.org/A5112549506,6,3
https://openalex.org/A5001536187,6,2
https://openalex.org/A5003913526,6,2
https://openalex.org/A5006117743,6,2
https://openalex.org/A5006935542,6,2
https://openalex.org/A5010237794,6,2
https://openalex.org/A5010904023,6,2
https://openalex.org/A5012326668,6,2
https://openalex.org/A5013366431,6,2
https://openalex.org/A5016622317,6,2
https://openalex.org/A5019260098,6,2
https://openalex.org/A5019283155,6,2
https://openalex.org/A5020778176,6,2
https://openalex.org/A5022447403,6,2
https://openalex.org/A5026205409,6,2
https://openalex.org/A5027512257,6,2
https://openalex.org/A5029758720,6,2
https://openalex.org/A5033160020,6,2
https://openalex.org/A5035107313,6,2
https://openalex.org/A5036580323,6,2
https://openalex.org/A5037245382,6,2
https://openalex.org/A5039582872,6,2
https://openalex.org/A5041111916,6,2
https://openalex.org/A5042443347,6,2
https://openalex.org/A5042991910,6,2
https://openalex.org/A5045450112,6,2
https://openalex.org/A5047557288,6,2
https://openalex.org/A5050949624,6,2
https://openalex.org/A5053479480,6,2
https://openalex.org/A5057753787,6,2
https://openalex.org/A5058001746,6,2
https://openalex.org/A5061285579,6,2
https://openalex.org/A5066398596,6,2
https://openalex.org/A5071934759,6,2
https://openalex.org/A5072232894,6,2
https://openalex.org/A5072909989,6,2
https://openalex.org/A5074793309,6,2
https://openalex.org/A5077006284,6,2
https://openalex.org/A5079441600,6,2
https://openalex.org/A5080495661,6,2
https://openalex.org/A5081562952,6,2
https://openalex.org/A5084705614,6,2
https://openalex.org/A5091898259,6,2
https://openalex.org/A5101327306,6,2
https://openalex.org/A5101638792,6,2
https://openalex.org/A5104909632,6,2
https://openalex.org/A5114285271,6,2
https://openalex.org/A5009779130,6,1
https://openalex.org/A5010472844,6,1
https://openalex.org/A5010616841,6,1
https://openalex.org/A5020332705,6,1
https://openalex.org/A5042906199,6,1
https://openalex.org/A5052027939,6,1
https://openalex.org/A5062214246,6,1
https://openalex.org/A5062473026,6,1
https://openalex.org/A5065720163,6,1
https://openalex.org/A5065862033,6,1
https://openalex.org/A5073199258,6,1
https://openalex.org/A5089491084,6,1
https://openalex.org/A5108105534,6,1
https://openalex.org/A5109502021,6,1
https://openalex.org/A5112554634,6,1
https://openalex.org/A5084793824,7,136
https://openalex.org/A5027706684,7,114
https://openalex.org/A5084972098,7,73
https://openalex.org/A5038976962,7,64
https://openalex.org/A5002041772,7,52
https://openalex.org/A5052965447,7,49
https://openalex.org/A5088448789,7,42
https://openalex.org/A5103326255,7,40
https://openalex.org/A5056242621,7,36
https://openalex.org/A5027588100,7,32
https://openalex.org/A5071665336,7,26
https://openalex.org/A5059033705,7,25
https://openalex.org/A5077285926,7,25
https://openalex.org/A5024733682,7,24
https://openalex.org/A5083819212,7,24
https://openalex.org/A5100744117,7,23
https://openalex.org/A5054586972,7,22
https://openalex.org/A5062403203,7,22
https://openalex.org/A5080030270,7,22
https://openalex.org/A5013688285,7,21
https://openalex.org/A5025764181,7,21
https://openalex.org/A5045809433,7,21
https://openalex.org/A5051112909,7,21
https://openalex.org/A5018639039,7,20
https://openalex.org/A5025683130,7,20
https://openalex.org/A5070753993,7,20
https://openalex.org/A5113502150,7,20
https://openalex.org/A5013813259,7,19
https://openalex.org/A5048911705,7,19
https://openalex.org/A5005669749,7,18
https://openalex.org/A5061851539,7,18
https://openalex.org/A5085643411,7,18
https://openalex.org/A5068497573,7,17
https://openalex.org/A5087257186,7,17
https://openalex.org/A5029380104,7,16
https://openalex.org/A5044431363,7,16
https://openalex.org/A5084438761,7,16
https://openalex.org/A5002816287,7,15
https://openalex.org/A5027319334,7,15
https://openalex.org/A5100422377,7,15
https://openalex.org/A5061287527,7,14
https://openalex.org/A5063367289,7,14
https://openalex.org/A5068695616,7,14
https://openalex.org/A5073875709,7,14
https://openalex.org/A5079813490,7,14
https://openalex.org/A5039528370,7,13
https://openalex.org/A5064355537,7,13
https://openalex.org/A5091815909,7,13
https://openalex.org/A5022368086,7,12
https://openalex.org/A5068151130,7,12
https://openalex.org/A5070147321,7,12
https://openalex.org/A5086332189,7,12
https://openalex.org/A5100403456,7,12
https://openalex.org/A5013105504,7,11
https://openalex.org/A5013465081,7,11
https://openalex.org/A5022334515,7,11
https://openalex.org/A5032089204,7,11
https://openalex.org/A5037976295,7,11
https://openalex.org/A5051942308,7,11
https://openalex.org/A5076528057,7,11
https://openalex.org/A5085599698,7,11
https://openalex.org/A5031499875,7,10
https://openalex.org/A5035756067,7,10
https://openalex.org/A5037882427,7,10
https://openalex.org/A5045508421,7,10
https://openalex.org/A5058731900,7,10
https://openalex.org/A5091875646,7,10
https://openalex.org/A5100324293,7,10
https://openalex.org/A5003794402,7,9
https://openalex.org/A5004656270,7,9
https://openalex.org/A5006145611,7,9
https://openalex.org/A5013949918,7,9
https://openalex.org/A5014442059,7,9
https://openalex.org/A5019087210,7,9
https://openalex.org/A5028622827,7,9
https://openalex.org/A5041250586,7,9
https://openalex.org/A5052553537,7,9
https://openalex.org/A5066389630,7,9
https://openalex.org/A5067142016,7,9
https://openalex.org/A5068484674,7,9
https://openalex.org/A5078126239,7,9
https://openalex.org/A5084602527,7,9
https://openalex.org/A5085207296,7,9
https://openalex.org/A5100447536,7,9
https://openalex.org/A5100616415,7,9
https://openalex.org/A5101965096,7,9
https://openalex.org/A5111940488,7,9
https://openalex.org/A5005627910,7,8
https://openalex.org/A5005845036,7,8
https://openalex.org/A5007854287,7,8
https://openalex.org/A5009695869,7,8
https://openalex.org/A5010366936,7,8
https://openalex.org/A5017862794,7,8
https://openalex.org/A5020478395,7,8
https://openalex.org/A5021463856,7,8
https://openalex.org/A5029186501,7,8
https://openalex.org/A5044570898,7,8
https://openalex.org/A5052717630,7,8
https://openalex.org/A5054479228,7,8
https://openalex.org/A5063530727,7,8
https://openalex.org/A5066771576,7,8
https://openalex.org/A5069173153,7,8
https://openalex.org/A5082508275,7,8
https://openalex.org/A5084717601,7,8
https://openalex.org/A5089157446,7,8
https://openalex.org/A5111585002,7,8
https://openalex.org/A5001066958,7,7
https://openalex.org/A5002933889,7,7
https://openalex.org/A5003261311,7,7
https://openalex.org/A5006634488,7,7
https://openalex.org/A5007822788,7,7
https://openalex.org/A5008414543,7,7
https://openalex.org/A5009288058,7,7
https://openalex.org/A5015236650,7,7
https://openalex.org/A5015375690,7,7
https://openalex.org/A5017961847,7,7
https://openalex.org/A5020897731,7,7
https://openalex.org/A5020926211,7,7
https://openalex.org/A5022477861,7,7
https://openalex.org/A5023602617,7,7
https://openalex.org/A5028650315,7,7
https://openalex.org/A5028977873,7,7
https://openalex.org/A5029297296,7,7
https://openalex.org/A5031146559,7,7
https://openalex.org/A5031186352,7,7
https://openalex.org/A5032741413,7,7
https://openalex.org/A5035690995,7,7
https://openalex.org/A5040997517,7,7
https://openalex.org/A5046254274,7,7
https://openalex.org/A5046927655,7,7
https://openalex.org/A5048011447,7,7
https://openalex.org/A5048136336,7,7
https://openalex.org/A5049294109,7,7
https://openalex.org/A5049425648,7,7
https://openalex.org/A5053501478,7,7
https://openalex.org/A5063451263,7,7
https://openalex.org/A5064918714,7,7
https://openalex.org/A5065911565,7,7
https://openalex.org/A5066048702,7,7
https://openalex.org/A5066532084,7,7
https://openalex.org/A5066659680,7,7
https://openalex.org/A5067575552,7,7
https://openalex.org/A5072361952,7,7
https://openalex.org/A5074364400,7,7
https://openalex.org/A5080079347,7,7
https://openalex.org/A5081476701,7,7
https://openalex.org/A5082029988,7,7
https://openalex.org/A5100625892,7,7
https://openalex.org/A5100741781,7,7
https://openalex.org/A5000110965,7,6
https://openalex.org/A5001461464,7,6
https://openalex.org/A5007136874,7,6
https://openalex.org/A5007358187,7,6
https://openalex.org/A5010432596,7,6
https://openalex.org/A5013985533,7,6
https://openalex.org/A5016256456,7,6
https://openalex.org/A5022657536,7,6
https://openalex.org/A5024595826,7,6
https://openalex.org/A5025807854,7,6
https://openalex.org/A5026341152,7,6
https://openalex.org/A5027228563,7,6
https://openalex.org/A5028708367,7,6
https://openalex.org/A5028779762,7,6
https://openalex.org/A5028945799,7,6
https://openalex.org/A5029162850,7,6
https://openalex.org/A5029920666,7,6
https://openalex.org/A5030041504,7,6
https://openalex.org/A5030126548,7,6
https://openalex.org/A5031916507,7,6
https://openalex.org/A5036203384,7,6
https://openalex.org/A5036390484,7,6
https://openalex.org/A5040715593,7,6
https://openalex.org/A5042150866,7,6
https://openalex.org/A5043670176,7,6
https://openalex.org/A5046098033,7,6
https://openalex.org/A5046829829,7,6
https://openalex.org/A5046855408,7,6
https://openalex.org/A5048463564,7,6
https://openalex.org/A5050891017,7,6
https://openalex.org/A5054796171,7,6
https://openalex.org/A5055017648,7,6
https://openalex.org/A5056062668,7,6
https://openalex.org/A5057143891,7,6
https://openalex.org/A5058978462,7,6
https://openalex.org/A5066110995,7,6
https://openalex.org/A5069858596,7,6
https://openalex.org/A5072967282,7,6
https://openalex.org/A5073579013,7,6
https://openalex.org/A5073800371,7,6
https://openalex.org/A5074263397,7,6
https://openalex.org/A5076650138,7,6
https://openalex.org/A5078302741,7,6
https://openalex.org/A5079403596,7,6
https://openalex.org/A5079954964,7,6
https://openalex.org/A5082532383,7,6
https://openalex.org/A5084028012,7,6
https://openalex.org/A5087251956,7,6
https://openalex.org/A5088023300,7,6
https://openalex.org/A5088297746,7,6
https://openalex.org/A5089143227,7,6
https://openalex.org/A5100345691,7,6
https://openalex.org/A5101708021,7,6
https://openalex.org/A5101751948,7,6
https://openalex.org/A5102766677,7,6
https://openalex.org/A5103014904,7,6
https://openalex.org/A5103467060,7,6
https://openalex.org/A5109223734,7,6
https://openalex.org/A5109762958,7,6
https://openalex.org/A5110933986,7,6
https://openalex.org/A5113551270,7,6
https://openalex.org/A5001294898,7,5
https://openalex.org/A5002585718,7,5
https://openalex.org/A5004923254,7,5
https://openalex.org/A5005196632,7,5
https://openalex.org/A5015055144,7,5
https://openalex.org/A5015552334,7,5
https://openalex.org/A5016503964,7,5
https://openalex.org/A5021766596,7,5
https://openalex.org/A5027823378,7,5
https://openalex.org/A5028590386,7,5
https://openalex.org/A5029039847,7,5
https://openalex.org/A5031300888,7,5
https://openalex.org/A5032900093,7,5
https://openalex.org/A5033516261,7,5
https://openalex.org/A5038737450,7,5
https://openalex.org/A5040762725,7,5
https://openalex.org/A5043608109,7,5
https://openalex.org/A5044402671,7,5
https://openalex.org/A5046853631,7,5
https://openalex.org/A5047169376,7,5
https://openalex.org/A5048743602,7,5
https://openalex.org/A5049135480,7,5
https://openalex.org/A5049750343,7,5
https://openalex.org/A5052876977,7,5
https://openalex.org/A5053370438,7,5
https://openalex.org/A5055258287,7,5
https://openalex.org/A5055687038,7,5
https://openalex.org/A5055894802,7,5
https://openalex.org/A5056083871,7,5
https://openalex.org/A5056515669,7,5
https://openalex.org/A5060819621,7,5
https://openalex.org/A5062898997,7,5
https://openalex.org/A5064224835,7,5
https://openalex.org/A5064637719,7,5
https://openalex.org/A5069884826,7,5
https://openalex.org/A5070168364,7,5
https://openalex.org/A5070289951,7,5
https://openalex.org/A5071048487,7,5
https://openalex.org/A5074424615,7,5
https://openalex.org/A5080267104,7,5
https://openalex.org/A5080785410,7,5
https://openalex.org/A5081268493,7,5
https://openalex.org/A5081664740,7,5
https://openalex.org/A5082501823,7,5
https://openalex.org/A5085034251,7,5
https://openalex.org/A5085818681,7,5
https://openalex.org/A5086166846,7,5
https://openalex.org/A5101532924,7,5
https://openalex.org/A5101617335,7,5
https://openalex.org/A5101980060,7,5
https://openalex.org/A5103118684,7,5
https://openalex.org/A5103234310,7,5
https://openalex.org/A5105919778,7,5
https://openalex.org/A5111450478,7,5
https://openalex.org/A5111719474,7,5
https://openalex.org/A5112007575,7,5
https://openalex.org/A5112347703,7,5
https://openalex.org/A5112456168,7,5
https://openalex.org/A5001130167,7,4
https://openalex.org/A5004081471,7,4
https://openalex.org/A5011800532,7,4
https://openalex.org/A5013647304,7,4
https://openalex.org/A5016904839,7,4
https://openalex.org/A5018493716,7,4
https://openalex.org/A5020609141,7,4
https://openalex.org/A5022534788,7,4
https://openalex.org/A5024427036,7,4
https://openalex.org/A5029017391,7,4
https://openalex.org/A5029433482,7,4
https://openalex.org/A5030437828,7,4
https://openalex.org/A5031812225,7,4
https://openalex.org/A5032380303,7,4
https://openalex.org/A5032530535,7,4
https://openalex.org/A5032830993,7,4
https://openalex.org/A5034610780,7,4
https://openalex.org/A5035194316,7,4
https://openalex.org/A5035232958,7,4
https://openalex.org/A5036306729,7,4
https://openalex.org/A5036656947,7,4
https://openalex.org/A5038624724,7,4
https://openalex.org/A5039215185,7,4
https://openalex.org/A5040577507,7,4
https://openalex.org/A5041659067,7,4
https://openalex.org/A5041688066,7,4
https://openalex.org/A5041971576,7,4
https://openalex.org/A5045305170,7,4
https://openalex.org/A5046142243,7,4
https://openalex.org/A5046534116,7,4
https://openalex.org/A5048803434,7,4
https://openalex.org/A5049888293,7,4
https://openalex.org/A5052284218,7,4
https://openalex.org/A5052336528,7,4
https://openalex.org/A5052543412,7,4
https://openalex.org/A5056123843,7,4
https://openalex.org/A5056601909,7,4
https://openalex.org/A5059278292,7,4
https://openalex.org/A5060505967,7,4
https://openalex.org/A5060835507,7,4
https://openalex.org/A5066885343,7,4
https://openalex.org/A5068157871,7,4
https://openalex.org/A5070914037,7,4
https://openalex.org/A5071223221,7,4
https://openalex.org/A5071837817,7,4
https://openalex.org/A5074565549,7,4
https://openalex.org/A5074592394,7,4
https://openalex.org/A5074624742,7,4
https://openalex.org/A5075977007,7,4
https://openalex.org/A5079326373,7,4
https://openalex.org/A5083195897,7,4
https://openalex.org/A5083380402,7,4
https://openalex.org/A5090591934,7,4
https://openalex.org/A5090907675,7,4
https://openalex.org/A5091827614,7,4
https://openalex.org/A5091897476,7,4
https://openalex.org/A5092442086,7,4
https://openalex.org/A5100417423,7,4
https://openalex.org/A5100685292,7,4
https://openalex.org/A5102861095,7,4
https://openalex.org/A5102996157,7,4
https://openalex.org/A5108061986,7,4
https://openalex.org/A5110876882,7,4
https://openalex.org/A5000474356,7,3
https://openalex.org/A5000830106,7,3
https://openalex.org/A5000914380,7,3
https://openalex.org/A5002151623,7,3
https://openalex.org/A5003051349,7,3
https://openalex.org/A5003799524,7,3
https://openalex.org/A5004575044,7,3
https://openalex.org/A5005397644,7,3
https://openalex.org/A5005659262,7,3
https://openalex.org/A5006982483,7,3
https://openalex.org/A5008149750,7,3
https://openalex.org/A5011409520,7,3
https://openalex.org/A5014507360,7,3
https://openalex.org/A5017370248,7,3
https://openalex.org/A5017893762,7,3
https://openalex.org/A5021122269,7,3
https://openalex.org/A5022689831,7,3
https://openalex.org/A5023905102,7,3
https://openalex.org/A5026028890,7,3
https://openalex.org/A5026158192,7,3
https://openalex.org/A5028396638,7,3
https://openalex.org/A5033194021,7,3
https://openalex.org/A5033826368,7,3
https://openalex.org/A5035212900,7,3
https://openalex.org/A5036657933,7,3
https://openalex.org/A5036912183,7,3
https://openalex.org/A5037843735,7,3
https://openalex.org/A5039620205,7,3
https://openalex.org/A5040844400,7,3
https://openalex.org/A5041916804,7,3
https://openalex.org/A5042051299,7,3
https://openalex.org/A5042185860,7,3
https://openalex.org/A5043166229,7,3
https://openalex.org/A5044033597,7,3
https://openalex.org/A5045931243,7,3
https://openalex.org/A5045938450,7,3
https://openalex.org/A5046420137,7,3
https://openalex.org/A5046672035,7,3
https://openalex.org/A5047198701,7,3
https://openalex.org/A5047897879,7,3
https://openalex.org/A5048200344,7,3
https://openalex.org/A5048225486,7,3
https://openalex.org/A5049184051,7,3
https://openalex.org/A5050746368,7,3
https://openalex.org/A5051853747,7,3
https://openalex.org/A5053760589,7,3
https://openalex.org/A5054661786,7,3
https://openalex.org/A5055506356,7,3
https://openalex.org/A5056068014,7,3
https://openalex.org/A5057312631,7,3
https://openalex.org/A5057607906,7,3
https://openalex.org/A5061803498,7,3
https://openalex.org/A5062266428,7,3
https://openalex.org/A5063958779,7,3
https://openalex.org/A5064102252,7,3
https://openalex.org/A5065031918,7,3
https://openalex.org/A5069008310,7,3
https://openalex.org/A5073176948,7,3
https://openalex.org/A5073516753,7,3
https://openalex.org/A5073550862,7,3
https://openalex.org/A5073910479,7,3
https://openalex.org/A5074153874,7,3
https://openalex.org/A5077016881,7,3
https://openalex.org/A5077337147,7,3
https://openalex.org/A5077372410,7,3
https://openalex.org/A5078072896,7,3
https://openalex.org/A5078251784,7,3
https://openalex.org/A5078567169,7,3
https://openalex.org/A5079381686,7,3
https://openalex.org/A5080421508,7,3
https://openalex.org/A5082239015,7,3
https://openalex.org/A5084019328,7,3
https://openalex.org/A5086573660,7,3
https://openalex.org/A5088599156,7,3
https://openalex.org/A5088628660,7,3
https://openalex.org/A5090367526,7,3
https://openalex.org/A5100313132,7,3
https://openalex.org/A5100665265,7,3
https://openalex.org/A5100692911,7,3
https://openalex.org/A5101475469,7,3
https://openalex.org/A5101655309,7,3
https://openalex.org/A5102705457,7,3
https://openalex.org/A5103126168,7,3
https://openalex.org/A5103536276,7,3
https://openalex.org/A5107913967,7,3
https://openalex.org/A5108759740,7,3
https://openalex.org/A5111737129,7,3
https://openalex.org/A5000479895,7,2
https://openalex.org/A5002432887,7,2
https://openalex.org/A5003070798,7,2
https://openalex.org/A5007769598,7,2
https://openalex.org/A5012661035,7,2
https://openalex.org/A5019212344,7,2
https://openalex.org/A5022889155,7,2
https://openalex.org/A5023030519,7,2
https://openalex.org/A5025059277,7,2
https://openalex.org/A5032984269,7,2
https://openalex.org/A5033418500,7,2
https://openalex.org/A5033588134,7,2
https://openalex.org/A5033634434,7,2
https://openalex.org/A5034168186,7,2
https://openalex.org/A5034342703,7,2
https://openalex.org/A5038605560,7,2
https://openalex.org/A5039413201,7,2
https://openalex.org/A5039834058,7,2
https://openalex.org/A5046270537,7,2
https://openalex.org/A5047408004,7,2
https://openalex.org/A5047461224,7,2
https://openalex.org/A5049972739,7,2
https://openalex.org/A5056382048,7,2
https://openalex.org/A5058957215,7,2
https://openalex.org/A5061569686,7,2
https://openalex.org/A5065452923,7,2
https://openalex.org/A5068231906,7,2
https://openalex.org/A5073206938,7,2
https://openalex.org/A5075414122,7,2
https://openalex.org/A5076755077,7,2
https://openalex.org/A5080662093,7,2
https://openalex.org/A5082313934,7,2
https://openalex.org/A5088537383,7,2
https://openalex.org/A5089850454,7,2
https://openalex.org/A5091510379,7,2
https://openalex.org/A5100427940,7,2
https://openalex.org/A5100455842,7,2
https://openalex.org/A5100758861,7,2
https://openalex.org/A5101783073,7,2
https://openalex.org/A5101826330,7,2
https://openalex.org/A5102966948,7,2
https://openalex.org/A5111454621,7,2
https://openalex.org/A5014295856,7,1
https://openalex.org/A5020000156,7,1
https://openalex.org/A5021896082,7,1
https://openalex.org/A5024678235,7,1
https://openalex.org/A5072247317,7,1
https://openalex.org/A5073980335,7,1
https://openalex.org/A5085604268,7,1
https://openalex.org/A5100427955,7,1
https://openalex.org/A5100614224,7,1
https://openalex.org/A5044033087,8,102
https://openalex.org/A5029882049,8,60
https://openalex.org/A5046908604,8,48
https://openalex.org/A5067625837,8,48
https://openalex.org/A5065692438,8,42
https://openalex.org/A5052854928,8,38
https://openalex.org/A5082358191,8,38
https://openalex.org/A5066615785,8,36
https://openalex.org/A5086711289,8,36
https://openalex.org/A5002020728,8,32
https://openalex.org/A5038233956,8,31
https://openalex.org/A5072912426,8,30
https://openalex.org/A5013145810,8,28
https://openalex.org/A5074755166,8,24
https://openalex.org/A5091767278,8,22
https://openalex.org/A5064827570,8,21
https://openalex.org/A5023536673,8,19
https://openalex.org/A5069791094,8,18
https://openalex.org/A5084936290,8,18
https://openalex.org/A5085018241,8,18
https://openalex.org/A5100727282,8,18
https://openalex.org/A5020377067,8,17
https://openalex.org/A5009709440,8,16
https://openalex.org/A5072544873,8,14
https://openalex.org/A5110724093,8,14
https://openalex.org/A5032431129,8,12
https://openalex.org/A5052584081,8,12
https://openalex.org/A5053947754,8,12
https://openalex.org/A5055686105,8,12
https://openalex.org/A5021997838,8,11
https://openalex.org/A5066039938,8,11
https://openalex.org/A5008452854,8,10
https://openalex.org/A5016257576,8,10
https://openalex.org/A5035869930,8,10
https://openalex.org/A5067907907,8,10
https://openalex.org/A5001467582,8,9
https://openalex.org/A5004209770,8,9
https://openalex.org/A5013785466,8,9
https://openalex.org/A5017316523,8,9
https://openalex.org/A5067132253,8,9
https://openalex.org/A5085962760,8,9
https://openalex.org/A5006071462,8,8
https://openalex.org/A5008034843,8,8
https://openalex.org/A5008425712,8,8
https://openalex.org/A5012091551,8,8
https://openalex.org/A5014915335,8,8
https://openalex.org/A5015324042,8,8
https://openalex.org/A5020912645,8,8
https://openalex.org/A5026474980,8,8
https://openalex.org/A5034328105,8,8
https://openalex.org/A5041055715,8,8
https://openalex.org/A5044476598,8,8
https://openalex.org/A5047017681,8,8
https://openalex.org/A5049950427,8,8
https://openalex.org/A5054049660,8,8
https://openalex.org/A5056546363,8,8
https://openalex.org/A5063418302,8,8
https://openalex.org/A5065197065,8,8
https://openalex.org/A5067150247,8,8
https://openalex.org/A5071447827,8,8
https://openalex.org/A5072990982,8,8
https://openalex.org/A5073231714,8,8
https://openalex.org/A5074749541,8,8
https://openalex.org/A5074786572,8,8
https://openalex.org/A5079483150,8,8
https://openalex.org/A5080364708,8,8
https://openalex.org/A5080502439,8,8
https://openalex.org/A5083363012,8,8
https://openalex.org/A5083563920,8,8
https://openalex.org/A5085018953,8,8
https://openalex.org/A5086803769,8,8
https://openalex.org/A5089184161,8,8
https://openalex.org/A5089319978,8,8
https://openalex.org/A5109093617,8,8
https://openalex.org/A5114833655,8,8
https://openalex.org/A5001098032,8,7
https://openalex.org/A5007172408,8,7
https://openalex.org/A5007784849,8,7
https://openalex.org/A5010390677,8,7
https://openalex.org/A5011956960,8,7
https://openalex.org/A5012367814,8,7
https://openalex.org/A5013019304,8,7
https://openalex.org/A5019541409,8,7
https://openalex.org/A5053900942,8,7
https://openalex.org/A5056016326,8,7
https://openalex.org/A5059424895,8,7
https://openalex.org/A5060753814,8,7
https://openalex.org/A5063599487,8,7
https://openalex.org/A5065926474,8,7
https://openalex.org/A5078564346,8,7
https://openalex.org/A5084435984,8,7
https://openalex.org/A5108542568,8,7
https://openalex.org/A5113461925,8,7
https://openalex.org/A5001888030,8,6
https://openalex.org/A5004667230,8,6
https://openalex.org/A5006981740,8,6
https://openalex.org/A5007464465,8,6
https://openalex.org/A5008430150,8,6
https://openalex.org/A5011861720,8,6
https://openalex.org/A5015456000,8,6
https://openalex.org/A5016757424,8,6
https://openalex.org/A5019085667,8,6
https://openalex.org/A5028438824,8,6
https://openalex.org/A5029159914,8,6
https://openalex.org/A5041650910,8,6
https://openalex.org/A5041940377,8,6
https://openalex.org/A5044522890,8,6
https://openalex.org/A5046108870,8,6
https://openalex.org/A5050812288,8,6
https://openalex.org/A5052158209,8,6
https://openalex.org/A5053608718,8,6
https://openalex.org/A5054903371,8,6
https://openalex.org/A5056283197,8,6
https://openalex.org/A5056709899,8,6
https://openalex.org/A5058448921,8,6
https://openalex.org/A5059042136,8,6
https://openalex.org/A5061359597,8,6
https://openalex.org/A5065819736,8,6
https://openalex.org/A5071656565,8,6
https://openalex.org/A5075941726,8,6
https://openalex.org/A5077644055,8,6
https://openalex.org/A5081316622,8,6
https://openalex.org/A5083900973,8,6
https://openalex.org/A5084061137,8,6
https://openalex.org/A5086530950,8,6
https://openalex.org/A5088196634,8,6
https://openalex.org/A5088458505,8,6
https://openalex.org/A5088658365,8,6
https://openalex.org/A5091768073,8,6
https://openalex.org/A5100371700,8,6
https://openalex.org/A5103454661,8,6
https://openalex.org/A5108093624,8,6
https://openalex.org/A5108738107,8,6
https://openalex.org/A5109364626,8,6
https://openalex.org/A5109831794,8,6
https://openalex.org/A5110217978,8,6
https://openalex.org/A5111599864,8,6
https://openalex.org/A5111682182,8,6
https://openalex.org/A5000731446,8,5
https://openalex.org/A5000874976,8,5
https://openalex.org/A5001724196,8,5
https://openalex.org/A5003389457,8,5
https://openalex.org/A5004191261,8,5
https://openalex.org/A5007820415,8,5
https://openalex.org/A5007837572,8,5
https://openalex.org/A5007872613,8,5
https://openalex.org/A5010019630,8,5
https://openalex.org/A5011958104,8,5
https://openalex.org/A5012523196,8,5
https://openalex.org/A5016707908,8,5
https://openalex.org/A5017309210,8,5
https://openalex.org/A5019065557,8,5
https://openalex.org/A5019552197,8,5
https://openalex.org/A5021062065,8,5
https://openalex.org/A5021399564,8,5
https://openalex.org/A5024253756,8,5
https://openalex.org/A5025023511,8,5
https://openalex.org/A5025707918,8,5
https://openalex.org/A5028565185,8,5
https://openalex.org/A5029047472,8,5
https://openalex.org/A5029495091,8,5
https://openalex.org/A5030978619,8,5
https://openalex.org/A5031147313,8,5
https://openalex.org/A5031470842,8,5
https://openalex.org/A5034224162,8,5
https://openalex.org/A5035224908,8,5
https://openalex.org/A5035470216,8,5
https://openalex.org/A5041873269,8,5
https://openalex.org/A5042441630,8,5
https://openalex.org/A5045206246,8,5
https://openalex.org/A5046892284,8,5
https://openalex.org/A5048427352,8,5
https://openalex.org/A5053941878,8,5
https://openalex.org/A5054214036,8,5
https://openalex.org/A5054237488,8,5
https://openalex.org/A5056981393,8,5
https://openalex.org/A5058139785,8,5
https://openalex.org/A5062405283,8,5
https://openalex.org/A5062737501,8,5
https://openalex.org/A5063663770,8,5
https://openalex.org/A5068726494,8,5
https://openalex.org/A5068997994,8,5
https://openalex.org/A5069071856,8,5
https://openalex.org/A5070221432,8,5
https://openalex.org/A5073514351,8,5
https://openalex.org/A5074989106,8,5
https://openalex.org/A5075818291,8,5
https://openalex.org/A5077034276,8,5
https://openalex.org/A5078710069,8,5
https://openalex.org/A5084250472,8,5
https://openalex.org/A5085243869,8,5
https://openalex.org/A5085374728,8,5
https://openalex.org/A5092412290,8,5
https://openalex.org/A5111805479,8,5
https://openalex.org/A5112864868,8,5
https://openalex.org/A5002183235,8,4
https://openalex.org/A5003896144,8,4
https://openalex.org/A5004495859,8,4
https://openalex.org/A5005439323,8,4
https://openalex.org/A5005858068,8,4
https://openalex.org/A5007672076,8,4
https://openalex.org/A5008340710,8,4
https://openalex.org/A5009703512,8,4
https://openalex.org/A5009844359,8,4
https://openalex.org/A5011306454,8,4
https://openalex.org/A5017586911,8,4
https://openalex.org/A5019263288,8,4
https://openalex.org/A5020573877,8,4
https://openalex.org/A5021120027,8,4
https://openalex.org/A5021983750,8,4
https://openalex.org/A5025324825,8,4
https://openalex.org/A5027096857,8,4
https://openalex.org/A5027473086,8,4
https://openalex.org/A5027855219,8,4
https://openalex.org/A5028166895,8,4
https://openalex.org/A5030561840,8,4
https://openalex.org/A5033985583,8,4
https://openalex.org/A5040027314,8,4
https://openalex.org/A5040674447,8,4
https://openalex.org/A5043173932,8,4
https://openalex.org/A5044312957,8,4
https://openalex.org/A5045247874,8,4
https://openalex.org/A5047100062,8,4
https://openalex.org/A5052957309,8,4
https://openalex.org/A5055929171,8,4
https://openalex.org/A5056681234,8,4
https://openalex.org/A5057014476,8,4
https://openalex.org/A5061085626,8,4
https://openalex.org/A5062448310,8,4
https://openalex.org/A5063577534,8,4
https://openalex.org/A5065413313,8,4
https://openalex.org/A5067489760,8,4
https://openalex.org/A5067689431,8,4
https://openalex.org/A5068653072,8,4
https://openalex.org/A5070508678,8,4
https://openalex.org/A5071666513,8,4
https://openalex.org/A5072493928,8,4
https://openalex.org/A5073050680,8,4
https://openalex.org/A5076689706,8,4
https://openalex.org/A5076742135,8,4
https://openalex.org/A5086300733,8,4
https://openalex.org/A5087306590,8,4
https://openalex.org/A5091395066,8,4
https://openalex.org/A5101654111,8,4
https://openalex.org/A5101753925,8,4
https://openalex.org/A5108574212,8,4
https://openalex.org/A5110589505,8,4
https://openalex.org/A5002450989,8,3
https://openalex.org/A5002578025,8,3
https://openalex.org/A5004419918,8,3
https://openalex.org/A5004545243,8,3
https://openalex.org/A5005826053,8,3
https://openalex.org/A5006243007,8,3
https://openalex.org/A5007836260,8,3
https://openalex.org/A5008031261,8,3
https://openalex.org/A5008033772,8,3
https://openalex.org/A5009349156,8,3
https://openalex.org/A5009542275,8,3
https://openalex.org/A5010741021,8,3
https://openalex.org/A5010860210,8,3
https://openalex.org/A5011843208,8,3
https://openalex.org/A5014243814,8,3
https://openalex.org/A5014490283,8,3
https://openalex.org/A5014943618,8,3
https://openalex.org/A5018582460,8,3
https://openalex.org/A5018904030,8,3
https://openalex.org/A5020175246,8,3
https://openalex.org/A5024475893,8,3
https://openalex.org/A5026747204,8,3
https://openalex.org/A5029936068,8,3
https://openalex.org/A5030296019,8,3
https://openalex.org/A5035051966,8,3
https://openalex.org/A5040748336,8,3
https://openalex.org/A5043356715,8,3
https://openalex.org/A5043453686,8,3
https://openalex.org/A5043715091,8,3
https://openalex.org/A5045430608,8,3
https://openalex.org/A5045573446,8,3
https://openalex.org/A5048202965,8,3
https://openalex.org/A5048692153,8,3
https://openalex.org/A5048832935,8,3
https://openalex.org/A5049125961,8,3
https://openalex.org/A5049996493,8,3
https://openalex.org/A5050086811,8,3
https://openalex.org/A5051782396,8,3
https://openalex.org/A5052467882,8,3
https://openalex.org/A5055156518,8,3
https://openalex.org/A5056376700,8,3
https://openalex.org/A5058396412,8,3
https://openalex.org/A5059379332,8,3
https://openalex.org/A5059880235,8,3
https://openalex.org/A5060724128,8,3
https://openalex.org/A5061857062,8,3
https://openalex.org/A5064137671,8,3
https://openalex.org/A5067349065,8,3
https://openalex.org/A5070076188,8,3
https://openalex.org/A5070154051,8,3
https://openalex.org/A5072887880,8,3
https://openalex.org/A5072979385,8,3
https://openalex.org/A5073802250,8,3
https://openalex.org/A5074535221,8,3
https://openalex.org/A5076122659,8,3
https://openalex.org/A5078376859,8,3
https://openalex.org/A5078679591,8,3
https://openalex.org/A5080013080,8,3
https://openalex.org/A5081805547,8,3
https://openalex.org/A5084183555,8,3
https://openalex.org/A5085578210,8,3
https://openalex.org/A5087030720,8,3
https://openalex.org/A5087319858,8,3
https://openalex.org/A5087656879,8,3
https://openalex.org/A5089078508,8,3
https://openalex.org/A5089589491,8,3
https://openalex.org/A5089934202,8,3
https://openalex.org/A5100344522,8,3
https://openalex.org/A5106266189,8,3
https://openalex.org/A5107174305,8,3
https://openalex.org/A5000092386,8,2
https://openalex.org/A5000299352,8,2
https://openalex.org/A5004031974,8,2
https://openalex.org/A5007651469,8,2
https://openalex.org/A5007825679,8,2
https://openalex.org/A5008287591,8,2
https://openalex.org/A5010862966,8,2
https://openalex.org/A5011264094,8,2
https://openalex.org/A5011402823,8,2
https://openalex.org/A5011624654,8,2
https://openalex.org/A5011725009,8,2
https://openalex.org/A5011910566,8,2
https://openalex.org/A5012474505,8,2
https://openalex.org/A5013911108,8,2
https://openalex.org/A5014230214,8,2
https://openalex.org/A5014723829,8,2
https://openalex.org/A5018090894,8,2
https://openalex.org/A5019882467,8,2
https://openalex.org/A5019945431,8,2
https://openalex.org/A5021794117,8,2
https://openalex.org/A5022379746,8,2
https://openalex.org/A5023841588,8,2
https://openalex.org/A5025118144,8,2
https://openalex.org/A5026627935,8,2
https://openalex.org/A5027170473,8,2
https://openalex.org/A5027665602,8,2
https://openalex.org/A5029211916,8,2
https://openalex.org/A5029246651,8,2
https://openalex.org/A5031895607,8,2
https://openalex.org/A5031909819,8,2
https://openalex.org/A5032110850,8,2
https://openalex.org/A5032309797,8,2
https://openalex.org/A5033547173,8,2
https://openalex.org/A5033887474,8,2
https://openalex.org/A5034273194,8,2
https://openalex.org/A5035970226,8,2
https://openalex.org/A5037555862,8,2
https://openalex.org/A5038005784,8,2
https://openalex.org/A5039154815,8,2
https://openalex.org/A5040339972,8,2
https://openalex.org/A5042629901,8,2
https://openalex.org/A5043029559,8,2
https://openalex.org/A5044459771,8,2
https://openalex.org/A5047037650,8,2
https://openalex.org/A5049372872,8,2
https://openalex.org/A5049466613,8,2
https://openalex.org/A5049526322,8,2
https://openalex.org/A5051478238,8,2
https://openalex.org/A5055348891,8,2
https://openalex.org/A5055617289,8,2
https://openalex.org/A5055982155,8,2
https://openalex.org/A5056739169,8,2
https://openalex.org/A5061755963,8,2
https://openalex.org/A5062041554,8,2
https://openalex.org/A5062179324,8,2
https://openalex.org/A5062698627,8,2
https://openalex.org/A5063726318,8,2
https://openalex.org/A5064529938,8,2
https://openalex.org/A5065262148,8,2
https://openalex.org/A5066749789,8,2
https://openalex.org/A5067629531,8,2
https://openalex.org/A5068170110,8,2
https://openalex.org/A5068420685,8,2
https://openalex.org/A5068557569,8,2
https://openalex.org/A5069894387,8,2
https://openalex.org/A5070407802,8,2
https://openalex.org/A5071042104,8,2
https://openalex.org/A5072243275,8,2
https://openalex.org/A5074237334,8,2
https://openalex.org/A5079548604,8,2
https://openalex.org/A5083618204,8,2
https://openalex.org/A5085947766,8,2
https://openalex.org/A5086011172,8,2
https://openalex.org/A5086376684,8,2
https://openalex.org/A5088030987,8,2
https://openalex.org/A5088704943,8,2
https://openalex.org/A5089336686,8,2
https://openalex.org/A5101762680,8,2
https://openalex.org/A5103057286,8,2
https://openalex.org/A5103108255,8,2
https://openalex.org/A5103242492,8,2
https://openalex.org/A5109596738,8,2
https://openalex.org/A5110517411,8,2
https://openalex.org/A5110607602,8,2
https://openalex.org/A5111864631,8,2
https://openalex.org/A5112241065,8,2
https://openalex.org/A5004699426,8,1
https://openalex.org/A5011522461,8,1
https://openalex.org/A5012436815,8,1
https://openalex.org/A5012986860,8,1
https://openalex.org/A5022170663,8,1
https://openalex.org/A5023750019,8,1
https://openalex.org/A5025442671,8,1
https://openalex.org/A5025509228,8,1
https://openalex.org/A5026371954,8,1
https://openalex.org/A5026672509,8,1
https://openalex.org/A5033734187,8,1
https://openalex.org/A5041277531,8,1
https://openalex.org/A5043172650,8,1
https://openalex.org/A5048322047,8,1
https://openalex.org/A5054313571,8,1
https://openalex.org/A5055573160,8,1
https://openalex.org/A5063436232,8,1
https://openalex.org/A5065085418,8,1
https://openalex.org/A5068145046,8,1
https://openalex.org/A5076266676,8,1
https://openalex.org/A5077905644,8,1
https://openalex.org/A5089417863,8,1
https://openalex.org/A5100353630,8,1
https://openalex.org/A5101816744,8,1
https://openalex.org/A5108625853,8,1
https://openalex.org/A5108909107,8,1
https://openalex.org/A5114767856,8,1
https://openalex.org/A5073544378,9,123
https://openalex.org/A5008291667,9,70
https://openalex.org/A5037975948,9,55
https://openalex.org/A5015711710,9,54
https://openalex.org/A5082923475,9,48
https://openalex.org/A5040094074,9,44
https://openalex.org/A5076143079,9,44
https://openalex.org/A5064234628,9,42
https://openalex.org/A5041273626,9,39
https://openalex.org/A5082117791,9,33
https://openalex.org/A5036568372,9,31
https://openalex.org/A5047024225,9,30
https://openalex.org/A5038940357,9,26
https://openalex.org/A5058144931,9,25
https://openalex.org/A5047301239,9,24
https://openalex.org/A5044580357,9,22
https://openalex.org/A5072261415,9,22
https://openalex.org/A5002012048,9,21
https://openalex.org/A5084313902,9,21
https://openalex.org/A5006672000,9,20
https://openalex.org/A5017155131,9,19
https://openalex.org/A5017256602,9,19
https://openalex.org/A5018392096,9,19
https://openalex.org/A5048471401,9,19
https://openalex.org/A5069257022,9,19
https://openalex.org/A5034372799,9,18
https://openalex.org/A5090303125,9,18
https://openalex.org/A5017283574,9,17
https://openalex.org/A5019051904,9,17
https://openalex.org/A5020270223,9,17
https://openalex.org/A5091533231,9,17
https://openalex.org/A5074855536,9,16
https://openalex.org/A5048344653,9,15
https://openalex.org/A5064232096,9,15
https://openalex.org/A5100451556,9,15
https://openalex.org/A5068906697,9,14
https://openalex.org/A5005931766,9,13
https://openalex.org/A5020247420,9,13
https://openalex.org/A5060046382,9,13
https://openalex.org/A5007407500,9,12
https://openalex.org/A5022105203,9,12
https://openalex.org/A5024281650,9,12
https://openalex.org/A5032768621,9,12
https://openalex.org/A5061221966,9,12
https://openalex.org/A5080838940,9,12
https://openalex.org/A5010966904,9,11
https://openalex.org/A5013164931,9,11
https://openalex.org/A5018986925,9,11
https://openalex.org/A5033508527,9,11
https://openalex.org/A5110254834,9,11
https://openalex.org/A5009581292,9,10
https://openalex.org/A5012746112,9,10
https://openalex.org/A5014772457,9,10
https://openalex.org/A5017857623,9,10
https://openalex.org/A5041539208,9,10
https://openalex.org/A5045892894,9,10
https://openalex.org/A5065564478,9,10
https://openalex.org/A5069579613,9,10
https://openalex.org/A5106482033,9,10
https://openalex.org/A5006308310,9,9
https://openalex.org/A5015794039,9,9
https://openalex.org/A5016268748,9,9
https://openalex.org/A5016845349,9,9
https://openalex.org/A5032437519,9,9
https://openalex.org/A5035471624,9,9
https://openalex.org/A5085261603,9,9
https://openalex.org/A5101848964,9,9
https://openalex.org/A5002359736,9,8
https://openalex.org/A5002723662,9,8
https://openalex.org/A5004866198,9,8
https://openalex.org/A5005639955,9,8
https://openalex.org/A5008805047,9,8
https://openalex.org/A5009365477,9,8
https://openalex.org/A5010222716,9,8
https://openalex.org/A5011595237,9,8
https://openalex.org/A5020723565,9,8
https://openalex.org/A5020925570,9,8
https://openalex.org/A5021323906,9,8
https://openalex.org/A5021579981,9,8
https://openalex.org/A5023788462,9,8
https://openalex.org/A5033643258,9,8
https://openalex.org/A5035289081,9,8
https://openalex.org/A5036538919,9,8
https://openalex.org/A5037669899,9,8
https://openalex.org/A5040730018,9,8
https://openalex.org/A5045339215,9,8
https://openalex.org/A5046584307,9,8
https://openalex.org/A5048982944,9,8
https://openalex.org/A5049020612,9,8
https://openalex.org/A5050675565,9,8
https://openalex.org/A5053367892,9,8
https://openalex.org/A5062533209,9,8
https://openalex.org/A5063847107,9,8
https://openalex.org/A5067764231,9,8
https://openalex.org/A5070166817,9,8
https://openalex.org/A5072560560,9,8
https://openalex.org/A5074466887,9,8
https://openalex.org/A5076938565,9,8
https://openalex.org/A5087383958,9,8
https://openalex.org/A5096867084,9,8
https://openalex.org/A5101427595,9,8
https://openalex.org/A5109048957,9,8
https://openalex.org/A5109406876,9,8
https://openalex.org/A5112562416,9,8
https://openalex.org/A5114000097,9,8
https://openalex.org/A5000949710,9,7
https://openalex.org/A5004517948,9,7
https://openalex.org/A5007317974,9,7
https://openalex.org/A5007451134,9,7
https://openalex.org/A5016902143,9,7
https://openalex.org/A5019683266,9,7
https://openalex.org/A5022902229,9,7
https://openalex.org/A5025126241,9,7
https://openalex.org/A5034321268,9,7
https://openalex.org/A5036935860,9,7
https://openalex.org/A5039509731,9,7
https://openalex.org/A5040669754,9,7
https://openalex.org/A5045839049,9,7
https://openalex.org/A5049278459,9,7
https://openalex.org/A5050334052,9,7
https://openalex.org/A5050932651,9,7
https://openalex.org/A5060174190,9,7
https://openalex.org/A5063244823,9,7
https://openalex.org/A5065016171,9,7
https://openalex.org/A5065672174,9,7
https://openalex.org/A5070236501,9,7
https://openalex.org/A5071089830,9,7
https://openalex.org/A5071772892,9,7
https://openalex.org/A5072606974,9,7
https://openalex.org/A5075330891,9,7
https://openalex.org/A5090046099,9,7
https://openalex.org/A5100693708,9,7
https://openalex.org/A5103358608,9,7
https://openalex.org/A5002620045,9,6
https://openalex.org/A5003055239,9,6
https://openalex.org/A5003934781,9,6
https://openalex.org/A5004734371,9,6
https://openalex.org/A5005993492,9,6
https://openalex.org/A5006425469,9,6
https://openalex.org/A5009752239,9,6
https://openalex.org/A5010360640,9,6
https://openalex.org/A5011836054,9,6
https://openalex.org/A5013161012,9,6
https://openalex.org/A5013584271,9,6
https://openalex.org/A5014698350,9,6
https://openalex.org/A5014791727,9,6
https://openalex.org/A5016814190,9,6
https://openalex.org/A5018472151,9,6
https://openalex.org/A5019996096,9,6
https://openalex.org/A5023342239,9,6
https://openalex.org/A5024165306,9,6
https://openalex.org/A5025305874,9,6
https://openalex.org/A5026900342,9,6
https://openalex.org/A5027027258,9,6
https://openalex.org/A5029789437,9,6
https://openalex.org/A5030409860,9,6
https://openalex.org/A5031271510,9,6
https://openalex.org/A5031284141,9,6
https://openalex.org/A5035257828,9,6
https://openalex.org/A5035750485,9,6
https://openalex.org/A5037427711,9,6
https://openalex.org/A5039370883,9,6
https://openalex.org/A5039936615,9,6
https://openalex.org/A5049947337,9,6
https://openalex.org/A5053853741,9,6
https://openalex.org/A5058492122,9,6
https://openalex.org/A5059792053,9,6
https://openalex.org/A5060152403,9,6
https://openalex.org/A5063218400,9,6
https://openalex.org/A5067507201,9,6
https://openalex.org/A5068302258,9,6
https://openalex.org/A5070281450,9,6
https://openalex.org/A5072378604,9,6
https://openalex.org/A5075079405,9,6
https://openalex.org/A5075107696,9,6
https://openalex.org/A5075293581,9,6
https://openalex.org/A5075927708,9,6
https://openalex.org/A5077767640,9,6
https://openalex.org/A5078131879,9,6
https://openalex.org/A5080162030,9,6
https://openalex.org/A5080229297,9,6
https://openalex.org/A5080534910,9,6
https://openalex.org/A5081262638,9,6
https://openalex.org/A5083388147,9,6
https://openalex.org/A5084641844,9,6
https://openalex.org/A5087453695,9,6
https://openalex.org/A5088253348,9,6
https://openalex.org/A5090377531,9,6
https://openalex.org/A5091529284,9,6
https://openalex.org/A5091780356,9,6
https://openalex.org/A5091864130,9,6
https://openalex.org/A5101750777,9,6
https://openalex.org/A5101811234,9,6
https://openalex.org/A5108442932,9,6
https://openalex.org/A5111491357,9,6
https://openalex.org/A5113310034,9,6
https://openalex.org/A5004208244,9,5
https://openalex.org/A5010840654,9,5
https://openalex.org/A5011098514,9,5
https://openalex.org/A5012579776,9,5
https://openalex.org/A5013229642,9,5
https://openalex.org/A5018784231,9,5
https://openalex.org/A5019189415,9,5
https://openalex.org/A5019399575,9,5
https://openalex.org/A5020025569,9,5
https://openalex.org/A5020551548,9,5
https://openalex.org/A5025130320,9,5
https://openalex.org/A5027402142,9,5
https://openalex.org/A5029099211,9,5
https://openalex.org/A5030578415,9,5
https://openalex.org/A5032184525,9,5
https://openalex.org/A5033788194,9,5
https://openalex.org/A5036639779,9,5
https://openalex.org/A5037779476,9,5
https://openalex.org/A5042301630,9,5
https://openalex.org/A5042719246,9,5
https://openalex.org/A5047678329,9,5
https://openalex.org/A5049690558,9,5
https://openalex.org/A5055287301,9,5
https://openalex.org/A5060808008,9,5
https://openalex.org/A5062806548,9,5
https://openalex.org/A5066582682,9,5
https://openalex.org/A5066864067,9,5
https://openalex.org/A5068353454,9,5
https://openalex.org/A5074973926,9,5
https://openalex.org/A5076035091,9,5
https://openalex.org/A5076857991,9,5
https://openalex.org/A5084275383,9,5
https://openalex.org/A5087656937,9,5
https://openalex.org/A5087933747,9,5
https://openalex.org/A5087974848,9,5
https://openalex.org/A5089371738,9,5
https://openalex.org/A5092103078,9,5
https://openalex.org/A5001528515,9,4
https://openalex.org/A5009408451,9,4
https://openalex.org/A5013616417,9,4
https://openalex.org/A5015144969,9,4
https://openalex.org/A5015780667,9,4
https://openalex.org/A5019659358,9,4
https://openalex.org/A5020122979,9,4
https://openalex.org/A5021557805,9,4
https://openalex.org/A5023046173,9,4
https://openalex.org/A5024873727,9,4
https://openalex.org/A5027684619,9,4
https://openalex.org/A5028647762,9,4
https://openalex.org/A5031145083,9,4
https://openalex.org/A5031573878,9,4
https://openalex.org/A5032062810,9,4
https://openalex.org/A5033034081,9,4
https://openalex.org/A5035375830,9,4
https://openalex.org/A5037608057,9,4
https://openalex.org/A5038050687,9,4
https://openalex.org/A5038503250,9,4
https://openalex.org/A5039216246,9,4
https://openalex.org/A5040628034,9,4
https://openalex.org/A5040657951,9,4
https://openalex.org/A5040670240,9,4
https://openalex.org/A5042435184,9,4
https://openalex.org/A5043332827,9,4
https://openalex.org/A5043450042,9,4
https://openalex.org/A5044567071,9,4
https://openalex.org/A5047367671,9,4
https://openalex.org/A5047811890,9,4
https://openalex.org/A5050674002,9,4
https://openalex.org/A5056889851,9,4
https://openalex.org/A5059707689,9,4
https://openalex.org/A5059741860,9,4
https://openalex.org/A5059879982,9,4
https://openalex.org/A5060481487,9,4
https://openalex.org/A5061221995,9,4
https://openalex.org/A5064680425,9,4
https://openalex.org/A5064788948,9,4
https://openalex.org/A5067019153,9,4
https://openalex.org/A5069828433,9,4
https://openalex.org/A5070678305,9,4
https://openalex.org/A5071172121,9,4
https://openalex.org/A5071224190,9,4
https://openalex.org/A5071483790,9,4
https://openalex.org/A5075535963,9,4
https://openalex.org/A5079546168,9,4
https://openalex.org/A5079931812,9,4
https://openalex.org/A5080210759,9,4
https://openalex.org/A5081476885,9,4
https://openalex.org/A5081720397,9,4
https://openalex.org/A5082646301,9,4
https://openalex.org/A5083780035,9,4
https://openalex.org/A5084971557,9,4
https://openalex.org/A5100401596,9,4
https://openalex.org/A5100825319,9,4
https://openalex.org/A5114626700,9,4
https://openalex.org/A5000491019,9,3
https://openalex.org/A5003045026,9,3
https://openalex.org/A5005030378,9,3
https://openalex.org/A5005986134,9,3
https://openalex.org/A5009499569,9,3
https://openalex.org/A5013473082,9,3
https://openalex.org/A5014290925,9,3
https://openalex.org/A5015601620,9,3
https://openalex.org/A5017613007,9,3
https://openalex.org/A5023375145,9,3
https://openalex.org/A5023767790,9,3
https://openalex.org/A5023899704,9,3
https://openalex.org/A5025907545,9,3
https://openalex.org/A5026075820,9,3
https://openalex.org/A5027174061,9,3
https://openalex.org/A5030360680,9,3
https://openalex.org/A5034537452,9,3
https://openalex.org/A5034962123,9,3
https://openalex.org/A5035382643,9,3
https://openalex.org/A5036395763,9,3
https://openalex.org/A5037066104,9,3
https://openalex.org/A5039789856,9,3
https://openalex.org/A5042875940,9,3
https://openalex.org/A5044260252,9,3
https://openalex.org/A5044596386,9,3
https://openalex.org/A5044815094,9,3
https://openalex.org/A5045033500,9,3
https://openalex.org/A5045929351,9,3
https://openalex.org/A5046024794,9,3
https://openalex.org/A5047249173,9,3
https://openalex.org/A5049322663,9,3
https://openalex.org/A5052920399,9,3
https://openalex.org/A5054833182,9,3
https://openalex.org/A5055069715,9,3
https://openalex.org/A5056792742,9,3
https://openalex.org/A5057150812,9,3
https://openalex.org/A5059800162,9,3
https://openalex.org/A5061290782,9,3
https://openalex.org/A5061412455,9,3
https://openalex.org/A5063950837,9,3
https://openalex.org/A5065894208,9,3
https://openalex.org/A5069135933,9,3
https://openalex.org/A5069280339,9,3
https://openalex.org/A5070834197,9,3
https://openalex.org/A5071045847,9,3
https://openalex.org/A5072781119,9,3
https://openalex.org/A5072902808,9,3
https://openalex.org/A5073712639,9,3
https://openalex.org/A5074307594,9,3
https://openalex.org/A5076052478,9,3
https://openalex.org/A5076957708,9,3
https://openalex.org/A5077155985,9,3
https://openalex.org/A5078235230,9,3
https://openalex.org/A5078478165,9,3
https://openalex.org/A5081567411,9,3
https://openalex.org/A5082386973,9,3
https://openalex.org/A5083866962,9,3
https://openalex.org/A5084602238,9,3
https://openalex.org/A5086278261,9,3
https://openalex.org/A5087537644,9,3
https://openalex.org/A5087660235,9,3
https://openalex.org/A5088338533,9,3
https://openalex.org/A5089110902,9,3
https://openalex.org/A5089515863,9,3
https://openalex.org/A5099834984,9,3
https://openalex.org/A5100397797,9,3
https://openalex.org/A5103224652,9,3
https://openalex.org/A5108434160,9,3
https://openalex.org/A5108690084,9,3
https://openalex.org/A5109879262,9,3
https://openalex.org/A5110054677,9,3
https://openalex.org/A5111432259,9,3
https://openalex.org/A5001225579,9,2
https://openalex.org/A5007465102,9,2
https://openalex.org/A5013822898,9,2
https://openalex.org/A5015370075,9,2
https://openalex.org/A5017937791,9,2
https://openalex.org/A5024678267,9,2
https://openalex.org/A5027857617,9,2
https://openalex.org/A5028174034,9,2
https://openalex.org/A5029212984,9,2
https://openalex.org/A5037020023,9,2
https://openalex.org/A5039534270,9,2
https://openalex.org/A5040920893,9,2
https://openalex.org/A5042326103,9,2
https://openalex.org/A5045778373,9,2
https://openalex.org/A5047925742,9,2
https://openalex.org/A5049935503,9,2
https://openalex.org/A5056921476,9,2
https://openalex.org/A5058054791,9,2
https://openalex.org/A5062969234,9,2
https://openalex.org/A5067247961,9,2
https://openalex.org/A5070454804,9,2
https://openalex.org/A5071091705,9,2
https://openalex.org/A5072060516,9,2
https://openalex.org/A5074881863,9,2
https://openalex.org/A5075548536,9,2
https://openalex.org/A5076015541,9,2
https://openalex.org/A5077818180,9,2
https://openalex.org/A5081744835,9,2
https://openalex.org/A5085619718,9,2
https://openalex.org/A5087351290,9,2
https://openalex.org/A5088681766,9,2
https://openalex.org/A5091094954,9,2
https://openalex.org/A5091802485,9,2
https://openalex.org/A5111831645,9,2
https://openalex.org/A5004441300,9,1
https://openalex.org/A5017799138,9,1
https://openalex.org/A5021282530,9,1
https://openalex.org/A5032125874,9,1
https://openalex.org/A5040544719,9,1
https://openalex.org/A5047874923,9,1
https://openalex.org/A5053252705,9,1
https://openalex.org/A5055235277,9,1
https://openalex.org/A5058287380,9,1
https://openalex.org/A5062684264,9,1
https://openalex.org/A5063277598,9,1
https://openalex.org/A5065778060,9,1
https://openalex.org/A5070255529,9,1
https://openalex.org/A5075838314,9,1
https://openalex.org/A5078679974,9,1
https://openalex.org/A5055469774,10,419
https://openalex.org/A5050209478,10,39
https://openalex.org/A5040900346,10,29
https://openalex.org/A5079448044,10,26
https://openalex.org/A5035950313,10,22
https://openalex.org/A5014720604,10,21
https://openalex.org/A5015882351,10,21
https://openalex.org/A5017597537,10,20
https://openalex.org/A5100355692,10,19
https://openalex.org/A5003217535,10,18
https://openalex.org/A5100431792,10,18
https://openalex.org/A5008666077,10,15
https://openalex.org/A5027959479,10,15
https://openalex.org/A5100435848,10,15
https://openalex.org/A5003268415,10,14
https://openalex.org/A5070224744,10,14
https://openalex.org/A5101822837,10,14
https://openalex.org/A5078141810,10,13
https://openalex.org/A5103187717,10,13
https://openalex.org/A5105508446,10,13
https://openalex.org/A5039792198,10,12
https://openalex.org/A5100610029,10,12
https://openalex.org/A5006477225,10,11
https://openalex.org/A5016267591,10,11
https://openalex.org/A5021798148,10,11
https://openalex.org/A5029691902,10,11
https://openalex.org/A5053206926,10,11
https://openalex.org/A5066091819,10,11
https://openalex.org/A5074250521,10,11
https://openalex.org/A5083814325,10,11
https://openalex.org/A5091159493,10,11
https://openalex.org/A5100407758,10,11
https://openalex.org/A5100462996,10,11
https://openalex.org/A5100748135,10,11
https://openalex.org/A5004652202,10,10
https://openalex.org/A5008983384,10,10
https://openalex.org/A5024833177,10,10
https://openalex.org/A5043151044,10,10
https://openalex.org/A5066326238,10,10
https://openalex.org/A5067858887,10,10
https://openalex.org/A5072029041,10,10
https://openalex.org/A5082235131,10,10
https://openalex.org/A5088760097,10,10
https://openalex.org/A5100336444,10,10
https://openalex.org/A5100538014,10,10
https://openalex.org/A5100730690,10,10
https://openalex.org/A5102027020,10,10
https://openalex.org/A5102965197,10,10
https://openalex.org/A5011070646,10,9
https://openalex.org/A5011504177,10,9
https://openalex.org/A5012800942,10,9
https://openalex.org/A5031269302,10,9
https://openalex.org/A5046805800,10,9
https://openalex.org/A5047834423,10,9
https://openalex.org/A5051120254,10,9
https://openalex.org/A5059027378,10,9
https://openalex.org/A5068917997,10,9
https://openalex.org/A5082181536,10,9
https://openalex.org/A5088040986,10,9
https://openalex.org/A5100358523,10,9
https://openalex.org/A5100436501,10,9
https://openalex.org/A5100675608,10,9
https://openalex.org/A5102175976,10,9
https://openalex.org/A5102851352,10,9
https://openalex.org/A5103551927,10,9
https://openalex.org/A5000684736,10,8
https://openalex.org/A5005421447,10,8
https://openalex.org/A5011817403,10,8
https://openalex.org/A5012014229,10,8
https://openalex.org/A5016208052,10,8
https://openalex.org/A5017116858,10,8
https://openalex.org/A5021136987,10,8
https://openalex.org/A5023518578,10,8
https://openalex.org/A5038362365,10,8
https://openalex.org/A5041591669,10,8
https://openalex.org/A5042802004,10,8
https://openalex.org/A5046305086,10,8
https://openalex.org/A5049822606,10,8
https://openalex.org/A5061601210,10,8
https://openalex.org/A5067002890,10,8
https://openalex.org/A5068582966,10,8
https://openalex.org/A5081992105,10,8
https://openalex.org/A5086776932,10,8
https://openalex.org/A5100328995,10,8
https://openalex.org/A5100329006,10,8
https://openalex.org/A5100371324,10,8
https://openalex.org/A5100404176,10,8
https://openalex.org/A5100433899,10,8
https://openalex.org/A5100433972,10,8
https://openalex.org/A5100440800,10,8
https://openalex.org/A5100446119,10,8
https://openalex.org/A5100566791,10,8
https://openalex.org/A5100634431,10,8
https://openalex.org/A5100731042,10,8
https://openalex.org/A5100780330,10,8
https://openalex.org/A5101890579,10,8
https://openalex.org/A5101944601,10,8
https://openalex.org/A5103191026,10,8
https://openalex.org/A5107117626,10,8
https://openalex.org/A5108638166,10,8
https://openalex.org/A5110436959,10,8
https://openalex.org/A5000780442,10,7
https://openalex.org/A5018249303,10,7
https://openalex.org/A5031880575,10,7
https://openalex.org/A5042052893,10,7
https://openalex.org/A5042319392,10,7
https://openalex.org/A5053418697,10,7
https://openalex.org/A5059368105,10,7
https://openalex.org/A5065701116,10,7
https://openalex.org/A5073199084,10,7
https://openalex.org/A5074354806,10,7
https://openalex.org/A5100353673,10,7
https://openalex.org/A5100383565,10,7
https://openalex.org/A5100396318,10,7
https://openalex.org/A5100404631,10,7
https://openalex.org/A5103097683,10,7
https://openalex.org/A5004882141,10,6
https://openalex.org/A5006269113,10,6
https://openalex.org/A5008539933,10,6
https://openalex.org/A5010238198,10,6
https://openalex.org/A5014004464,10,6
https://openalex.org/A5021751767,10,6
https://openalex.org/A5022422213,10,6
https://openalex.org/A5022696348,10,6
https://openalex.org/A5024102664,10,6
https://openalex.org/A5024849044,10,6
https://openalex.org/A5028207350,10,6
https://openalex.org/A5028803123,10,6
https://openalex.org/A5034150082,10,6
https://openalex.org/A5036041413,10,6
https://openalex.org/A5038106045,10,6
https://openalex.org/A5049994385,10,6
https://openalex.org/A5055620966,10,6
https://openalex.org/A5056683457,10,6
https://openalex.org/A5062141420,10,6
https://openalex.org/A5067929709,10,6
https://openalex.org/A5068625652,10,6
https://openalex.org/A5068755602,10,6
https://openalex.org/A5074342179,10,6
https://openalex.org/A5077401853,10,6
https://openalex.org/A5080689586,10,6
https://openalex.org/A5082634513,10,6
https://openalex.org/A5086027193,10,6
https://openalex.org/A5087247298,10,6
https://openalex.org/A5087258613,10,6
https://openalex.org/A5087384752,10,6
https://openalex.org/A5088031350,10,6
https://openalex.org/A5088609880,10,6
https://openalex.org/A5090775158,10,6
https://openalex.org/A5091064356,10,6
https://openalex.org/A5100378248,10,6
https://openalex.org/A5100400043,10,6
https://openalex.org/A5100417601,10,6
https://openalex.org/A5100423306,10,6
https://openalex.org/A5100450549,10,6
https://openalex.org/A5100728762,10,6
https://openalex.org/A5100848615,10,6
https://openalex.org/A5101517779,10,6
https://openalex.org/A5101541107,10,6
https://openalex.org/A5101629880,10,6
https://openalex.org/A5101986762,10,6
https://openalex.org/A5102017522,10,6
https://openalex.org/A5102210959,10,6
https://openalex.org/A5103090910,10,6
https://openalex.org/A5103124223,10,6
https://openalex.org/A5103230182,10,6
https://openalex.org/A5108731086,10,6
https://openalex.org/A5108961510,10,6
https://openalex.org/A5109787260,10,6
https://openalex.org/A5109855132,10,6
https://openalex.org/A5112495273,10,6
https://openalex.org/A5000159830,10,5
https://openalex.org/A5002572296,10,5
https://openalex.org/A5004299336,10,5
https://openalex.org/A5005866333,10,5
https://openalex.org/A5008274338,10,5
https://openalex.org/A5009877586,10,5
https://openalex.org/A5016080094,10,5
https://openalex.org/A5017087561,10,5
https://openalex.org/A5018009756,10,5
https://openalex.org/A5023724461,10,5
https://openalex.org/A5025619401,10,5
https://openalex.org/A5026542958,10,5
https://openalex.org/A5028337614,10,5
https://openalex.org/A5028597017,10,5
https://openalex.org/A5031819155,10,5
https://openalex.org/A5032811396,10,5
https://openalex.org/A5036375847,10,5
https://openalex.org/A5038527788,10,5
https://openalex.org/A5039363991,10,5
https://openalex.org/A5039636508,10,5
https://openalex.org/A5042537847,10,5
https://openalex.org/A5044388347,10,5
https://openalex.org/A5046902140,10,5
https://openalex.org/A5047281666,10,5
https://openalex.org/A5047385834,10,5
https://openalex.org/A5051149140,10,5
https://openalex.org/A5052610760,10,5
https://openalex.org/A5052933431,10,5
https://openalex.org/A5053078011,10,5
https://openalex.org/A5054548830,10,5
https://openalex.org/A5055149475,10,5
https://openalex.org/A5055917015,10,5
https://openalex.org/A5056924576,10,5
https://openalex.org/A5058252339,10,5
https://openalex.org/A5058314486,10,5
https://openalex.org/A5059976286,10,5
https://openalex.org/A5062252650,10,5
https://openalex.org/A5064805926,10,5
https://openalex.org/A5069747026,10,5
https://openalex.org/A5069782842,10,5
https://openalex.org/A5071386799,10,5
https://openalex.org/A5071516594,10,5
https://openalex.org/A5074834854,10,5
https://openalex.org/A5080033413,10,5
https://openalex.org/A5083715162,10,5
https://openalex.org/A5086834120,10,5
https://openalex.org/A5086991902,10,5
https://openalex.org/A5087043856,10,5
https://openalex.org/A5100363740,10,5
https://openalex.org/A5100387935,10,5
https://openalex.org/A5100389169,10,5
https://openalex.org/A5100398953,10,5
https://openalex.org/A5100404160,10,5
https://openalex.org/A5100600471,10,5
https://openalex.org/A5100630016,10,5
https://openalex.org/A5100644285,10,5
https://openalex.org/A5100669593,10,5
https://openalex.org/A5100743423,10,5
https://openalex.org/A5100747794,10,5
https://openalex.org/A5101425640,10,5
https://openalex.org/A5101452655,10,5
https://openalex.org/A5101617890,10,5
https://openalex.org/A5101766174,10,5
https://openalex.org/A5101835756,10,5
https://openalex.org/A5101896776,10,5
https://openalex.org/A5101930309,10,5
https://openalex.org/A5102311216,10,5
https://openalex.org/A5102507347,10,5
https://openalex.org/A5103041611,10,5
https://openalex.org/A5103750286,10,5
https://openalex.org/A5103893223,10,5
https://openalex.org/A5103960169,10,5
https://openalex.org/A5107193055,10,5
https://openalex.org/A5108575452,10,5
https://openalex.org/A5109175228,10,5
https://openalex.org/A5111504451,10,5
https://openalex.org/A5002192231,10,4
https://openalex.org/A5003222421,10,4
https://openalex.org/A5005443526,10,4
https://openalex.org/A5007354180,10,4
https://openalex.org/A5008013601,10,4
https://openalex.org/A5008337640,10,4
https://openalex.org/A5008612863,10,4
https://openalex.org/A5009066619,10,4
https://openalex.org/A5013286843,10,4
https://openalex.org/A5018137748,10,4
https://openalex.org/A5018852939,10,4
https://openalex.org/A5019185222,10,4
https://openalex.org/A5019514950,10,4
https://openalex.org/A5019539533,10,4
https://openalex.org/A5021076223,10,4
https://openalex.org/A5021639720,10,4
https://openalex.org/A5021772140,10,4
https://openalex.org/A5023184215,10,4
https://openalex.org/A5023241047,10,4
https://openalex.org/A5023442981,10,4
https://openalex.org/A5027156714,10,4
https://openalex.org/A5027360874,10,4
https://openalex.org/A5027554931,10,4
https://openalex.org/A5028465673,10,4
https://openalex.org/A5029105574,10,4
https://openalex.org/A5029157617,10,4
https://openalex.org/A5031333887,10,4
https://openalex.org/A5031797118,10,4
https://openalex.org/A5032682539,10,4
https://openalex.org/A5034640518,10,4
https://openalex.org/A5038550641,10,4
https://openalex.org/A5044796125,10,4
https://openalex.org/A5046908098,10,4
https://openalex.org/A5049462675,10,4
https://openalex.org/A5052507628,10,4
https://openalex.org/A5052632893,10,4
https://openalex.org/A5052934693,10,4
https://openalex.org/A5053606860,10,4
https://openalex.org/A5055848990,10,4
https://openalex.org/A5057200156,10,4
https://openalex.org/A5058107332,10,4
https://openalex.org/A5059482234,10,4
https://openalex.org/A5067405565,10,4
https://openalex.org/A5068940319,10,4
https://openalex.org/A5069983647,10,4
https://openalex.org/A5071054399,10,4
https://openalex.org/A5075329194,10,4
https://openalex.org/A5078310831,10,4
https://openalex.org/A5078857437,10,4
https://openalex.org/A5079572598,10,4
https://openalex.org/A5080093489,10,4
https://openalex.org/A5080155791,10,4
https://openalex.org/A5081110905,10,4
https://openalex.org/A5081796777,10,4
https://openalex.org/A5082564408,10,4
https://openalex.org/A5085365474,10,4
https://openalex.org/A5085406955,10,4
https://openalex.org/A5089128848,10,4
https://openalex.org/A5100306540,10,4
https://openalex.org/A5100342204,10,4
https://openalex.org/A5100343435,10,4
https://openalex.org/A5100396622,10,4
https://openalex.org/A5100433824,10,4
https://openalex.org/A5100434314,10,4
https://openalex.org/A5100443935,10,4
https://openalex.org/A5100449906,10,4
https://openalex.org/A5100453676,10,4
https://openalex.org/A5100457150,10,4
https://openalex.org/A5100602481,10,4
https://openalex.org/A5100620250,10,4
https://openalex.org/A5100626680,10,4
https://openalex.org/A5100640220,10,4
https://openalex.org/A5100668696,10,4
https://openalex.org/A5100668926,10,4
https://openalex.org/A5100675606,10,4
https://openalex.org/A5100700905,10,4
https://openalex.org/A5100701612,10,4
https://openalex.org/A5100743424,10,4
https://openalex.org/A5100745599,10,4
https://openalex.org/A5100770061,10,4
https://openalex.org/A5101433884,10,4
https://openalex.org/A5101450228,10,4
https://openalex.org/A5101629882,10,4
https://openalex.org/A5101685050,10,4
https://openalex.org/A5101859905,10,4
https://openalex.org/A5101883649,10,4
https://openalex.org/A5101896775,10,4
https://openalex.org/A5101942278,10,4
https://openalex.org/A5102019264,10,4
https://openalex.org/A5102086775,10,4
https://openalex.org/A5108583842,10,4
https://openalex.org/A5109131224,10,4
https://openalex.org/A5112584233,10,4
https://openalex.org/A5003045117,10,3
https://openalex.org/A5005379781,10,3
https://openalex.org/A5010851725,10,3
https://openalex.org/A5011739429,10,3
https://openalex.org/A5012121355,10,3
https://openalex.org/A5015914784,10,3
https://openalex.org/A5022961965,10,3
https://openalex.org/A5025016953,10,3
https://openalex.org/A5028762600,10,3
https://openalex.org/A5032988165,10,3
https://openalex.org/A5034228010,10,3
https://openalex.org/A5037635591,10,3
https://openalex.org/A5063348024,10,3
https://openalex.org/A5075017622,10,3
https://openalex.org/A5075786464,10,3
https://openalex.org/A5076610581,10,3
https://openalex.org/A5080409305,10,3
https://openalex.org/A5080756501,10,3
https://openalex.org/A5081254155,10,3
https://openalex.org/A5085245110,10,3
https://openalex.org/A5087130295,10,3
https://openalex.org/A5089938252,10,3
https://openalex.org/A5091015678,10,3
https://openalex.org/A5100349058,10,3
https://openalex.org/A5100366786,10,3
https://openalex.org/A5100403816,10,3
https://openalex.org/A5100406725,10,3
https://openalex.org/A5100420451,10,3
https://openalex.org/A5100427863,10,3
https://openalex.org/A5100443680,10,3
https://openalex.org/A5100675607,10,3
https://openalex.org/A5100746549,10,3
https://openalex.org/A5100766907,10,3
https://openalex.org/A5100780327,10,3
https://openalex.org/A5101628482,10,3
https://openalex.org/A5101703549,10,3
https://openalex.org/A5101795165,10,3
https://openalex.org/A5101953053,10,3
https://openalex.org/A5109589429,10,3
https://openalex.org/A5110044155,10,3
https://openalex.org/A5110204571,10,3
https://openalex.org/A5111483878,10,3
https://openalex.org/A5111726577,10,3
https://openalex.org/A5000454484,10,2
https://openalex.org/A5009429470,10,2
https://openalex.org/A5009806337,10,2
https://openalex.org/A5011208746,10,2
https://openalex.org/A5025347316,10,2
https://openalex.org/A5028220099,10,2
https://openalex.org/A5030038763,10,2
https://openalex.org/A5032839898,10,2
https://openalex.org/A5034166629,10,2
https://openalex.org/A5035112538,10,2
https://openalex.org/A5040537492,10,2
https://openalex.org/A5049480929,10,2
https://openalex.org/A5055669079,10,2
https://openalex.org/A5058203448,10,2
https://openalex.org/A5059267426,10,2
https://openalex.org/A5060827647,10,2
https://openalex.org/A5061744856,10,2
https://openalex.org/A5079082222,10,2
https://openalex.org/A5086087603,10,2
https://openalex.org/A5100378733,10,2
https://openalex.org/A5102935166,10,2
https://openalex.org/A5002910787,10,1
https://openalex.org/A5085212630,10,1
https://openalex.org/A5089617051,10,1
https://openalex.org/A5100707343,10,1
https://openalex.org/A5101748777,10,1
https://openalex.org/A5102962995,11,188
https://openalex.org/A5089413311,11,121
https://openalex.org/A5024795472,11,85
https://openalex.org/A5077179813,11,58
https://openalex.org/A5057029055,11,54
https://openalex.org/A5003213649,11,46
https://openalex.org/A5046126345,11,34
https://openalex.org/A5017564609,11,29
https://openalex.org/A5049176398,11,28
https://openalex.org/A5084649058,11,24
https://openalex.org/A5002621773,11,23
https://openalex.org/A5030047353,11,21
https://openalex.org/A5046479021,11,20
https://openalex.org/A5000700625,11,19
https://openalex.org/A5069919112,11,19
https://openalex.org/A5112283852,11,19
https://openalex.org/A5047699861,11,18
https://openalex.org/A5078182007,11,18
https://openalex.org/A5004031088,11,17
https://openalex.org/A5069041669,11,16
https://openalex.org/A5031522503,11,15
https://openalex.org/A5072925582,11,15
https://openalex.org/A5086210209,11,15
https://openalex.org/A5008316506,11,14
https://openalex.org/A5033829606,11,14
https://openalex.org/A5049055745,11,14
https://openalex.org/A5056142478,11,14
https://openalex.org/A5063638205,11,14
https://openalex.org/A5089539629,11,14
https://openalex.org/A5025530148,11,13
https://openalex.org/A5039784085,11,13
https://openalex.org/A5026523515,11,12
https://openalex.org/A5051023985,11,12
https://openalex.org/A5054854113,11,12
https://openalex.org/A5058794631,11,12
https://openalex.org/A5100550303,11,12
https://openalex.org/A5108693795,11,12
https://openalex.org/A5001647657,11,11
https://openalex.org/A5010879920,11,11
https://openalex.org/A5011449176,11,11
https://openalex.org/A5022638781,11,11
https://openalex.org/A5101934708,11,11
https://openalex.org/A5008547559,11,10
https://openalex.org/A5020968972,11,10
https://openalex.org/A5036446070,11,10
https://openalex.org/A5050228339,11,10
https://openalex.org/A5057291277,11,10
https://openalex.org/A5066637071,11,10
https://openalex.org/A5075198678,11,10
https://openalex.org/A5078443228,11,10
https://openalex.org/A5083697275,11,10
https://openalex.org/A5084466913,11,10
https://openalex.org/A5001270504,11,9
https://openalex.org/A5005898634,11,9
https://openalex.org/A5012172886,11,9
https://openalex.org/A5032953678,11,9
https://openalex.org/A5035052603,11,9
https://openalex.org/A5037299618,11,9
https://openalex.org/A5038035157,11,9
https://openalex.org/A5045528013,11,9
https://openalex.org/A5048928683,11,9
https://openalex.org/A5049581614,11,9
https://openalex.org/A5050636888,11,9
https://openalex.org/A5051842323,11,9
https://openalex.org/A5091262280,11,9
https://openalex.org/A5001729445,11,8
https://openalex.org/A5003327929,11,8
https://openalex.org/A5019243136,11,8
https://openalex.org/A5019394008,11,8
https://openalex.org/A5020793872,11,8
https://openalex.org/A5025858716,11,8
https://openalex.org/A5028998480,11,8
https://openalex.org/A5029015119,11,8
https://openalex.org/A5029283880,11,8
https://openalex.org/A5030471602,11,8
https://openalex.org/A5038461285,11,8
https://openalex.org/A5055959450,11,8
https://openalex.org/A5056057774,11,8
https://openalex.org/A5058923124,11,8
https://openalex.org/A5060129312,11,8
https://openalex.org/A5063852715,11,8
https://openalex.org/A5068912456,11,8
https://openalex.org/A5071909501,11,8
https://openalex.org/A5087611680,11,8
https://openalex.org/A5109972562,11,8
https://openalex.org/A5110828386,11,8
https://openalex.org/A5019142982,11,7
https://openalex.org/A5020526977,11,7
https://openalex.org/A5025436534,11,7
https://openalex.org/A5025758023,11,7
https://openalex.org/A5040824554,11,7
https://openalex.org/A5040994454,11,7
https://openalex.org/A5042013742,11,7
https://openalex.org/A5044691513,11,7
https://openalex.org/A5052052855,11,7
https://openalex.org/A5052560647,11,7
https://openalex.org/A5056602602,11,7
https://openalex.org/A5057828485,11,7
https://openalex.org/A5057904061,11,7
https://openalex.org/A5058098939,11,7
https://openalex.org/A5059724555,11,7
https://openalex.org/A5061686151,11,7
https://openalex.org/A5065590661,11,7
https://openalex.org/A5069870254,11,7
https://openalex.org/A5070395413,11,7
https://openalex.org/A5072967500,11,7
https://openalex.org/A5100329828,11,7
https://openalex.org/A5100929110,11,7
https://openalex.org/A5002671229,11,6
https://openalex.org/A5002969950,11,6
https://openalex.org/A5005046138,11,6
https://openalex.org/A5007056150,11,6
https://openalex.org/A5007066697,11,6
https://openalex.org/A5014047432,11,6
https://openalex.org/A5014876896,11,6
https://openalex.org/A5014947418,11,6
https://openalex.org/A5016839661,11,6
https://openalex.org/A5020132931,11,6
https://openalex.org/A5021055773,11,6
https://openalex.org/A5023705928,11,6
https://openalex.org/A5023881307,11,6
https://openalex.org/A5026789962,11,6
https://openalex.org/A5028105084,11,6
https://openalex.org/A5029291959,11,6
https://openalex.org/A5033265331,11,6
https://openalex.org/A5034989344,11,6
https://openalex.org/A5035622491,11,6
https://openalex.org/A5035687002,11,6
https://openalex.org/A5038211988,11,6
https://openalex.org/A5039125291,11,6
https://openalex.org/A5039988490,11,6
https://openalex.org/A5042050067,11,6
https://openalex.org/A5042325054,11,6
https://openalex.org/A5044301298,11,6
https://openalex.org/A5045216067,11,6
https://openalex.org/A5045518349,11,6
https://openalex.org/A5047643510,11,6
https://openalex.org/A5048153185,11,6
https://openalex.org/A5048744714,11,6
https://openalex.org/A5049661803,11,6
https://openalex.org/A5050948555,11,6
https://openalex.org/A5051429372,11,6
https://openalex.org/A5051472163,11,6
https://openalex.org/A5052634198,11,6
https://openalex.org/A5052759783,11,6
https://openalex.org/A5053248246,11,6
https://openalex.org/A5053477112,11,6
https://openalex.org/A5054447149,11,6
https://openalex.org/A5054720505,11,6
https://openalex.org/A5055033421,11,6
https://openalex.org/A5056385779,11,6
https://openalex.org/A5059946729,11,6
https://openalex.org/A5065863233,11,6
https://openalex.org/A5066730320,11,6
https://openalex.org/A5069159299,11,6
https://openalex.org/A5071429578,11,6
https://openalex.org/A5072157516,11,6
https://openalex.org/A5077494001,11,6
https://openalex.org/A5077674580,11,6
https://openalex.org/A5078160161,11,6
https://openalex.org/A5080320641,11,6
https://openalex.org/A5081735030,11,6
https://openalex.org/A5083896973,11,6
https://openalex.org/A5100618617,11,6
https://openalex.org/A5100761450,11,6
https://openalex.org/A5102537653,11,6
https://openalex.org/A5102712618,11,6
https://openalex.org/A5102984496,11,6
https://openalex.org/A5103234063,11,6
https://openalex.org/A5103243552,11,6
https://openalex.org/A5109937799,11,6
https://openalex.org/A5110422746,11,6
https://openalex.org/A5110669819,11,6
https://openalex.org/A5111516020,11,6
https://openalex.org/A5112487958,11,6
https://openalex.org/A5112549982,11,6
https://openalex.org/A5000706062,11,5
https://openalex.org/A5010148429,11,5
https://openalex.org/A5010637153,11,5
https://openalex.org/A5014327875,11,5
https://openalex.org/A5018504015,11,5
https://openalex.org/A5024845063,11,5
https://openalex.org/A5026376235,11,5
https://openalex.org/A5026439947,11,5
https://openalex.org/A5026925377,11,5
https://openalex.org/A5027017695,11,5
https://openalex.org/A5029052900,11,5
https://openalex.org/A5032380578,11,5
https://openalex.org/A5036004533,11,5
https://openalex.org/A5037168621,11,5
https://openalex.org/A5039011995,11,5
https://openalex.org/A5039568717,11,5
https://openalex.org/A5039926801,11,5
https://openalex.org/A5040036708,11,5
https://openalex.org/A5040414771,11,5
https://openalex.org/A5040567962,11,5
https://openalex.org/A5043703375,11,5
https://openalex.org/A5044403966,11,5
https://openalex.org/A5044588650,11,5
https://openalex.org/A5047951879,11,5
https://openalex.org/A5051163444,11,5
https://openalex.org/A5053993953,11,5
https://openalex.org/A5058713747,11,5
https://openalex.org/A5058911878,11,5
https://openalex.org/A5060896596,11,5
https://openalex.org/A5064878466,11,5
https://openalex.org/A5064931337,11,5
https://openalex.org/A5069576325,11,5
https://openalex.org/A5070555973,11,5
https://openalex.org/A5070962435,11,5
https://openalex.org/A5081718999,11,5
https://openalex.org/A5084658659,11,5
https://openalex.org/A5085250715,11,5
https://openalex.org/A5091679406,11,5
https://openalex.org/A5091858287,11,5
https://openalex.org/A5097055353,11,5
https://openalex.org/A5100413576,11,5
https://openalex.org/A5100654854,11,5
https://openalex.org/A5101201263,11,5
https://openalex.org/A5101403774,11,5
https://openalex.org/A5101403775,11,5
https://openalex.org/A5101487540,11,5
https://openalex.org/A5101508272,11,5
https://openalex.org/A5101806421,11,5
https://openalex.org/A5102807016,11,5
https://openalex.org/A5103895169,11,5
https://openalex.org/A5110644699,11,5
https://openalex.org/A5002023162,11,4
https://openalex.org/A5004505276,11,4
https://openalex.org/A5005533943,11,4
https://openalex.org/A5006827289,11,4
https://openalex.org/A5007240808,11,4
https://openalex.org/A5007295995,11,4
https://openalex.org/A5010102166,11,4
https://openalex.org/A5010406221,11,4
https://openalex.org/A5011178134,11,4
https://openalex.org/A5013542441,11,4
https://openalex.org/A5014614038,11,4
https://openalex.org/A5016194897,11,4
https://openalex.org/A5017713240,11,4
https://openalex.org/A5018083885,11,4
https://openalex.org/A5018532037,11,4
https://openalex.org/A5019141418,11,4
https://openalex.org/A5019984358,11,4
https://openalex.org/A5022730878,11,4
https://openalex.org/A5026734277,11,4
https://openalex.org/A5027389283,11,4
https://openalex.org/A5029561487,11,4
https://openalex.org/A5029931608,11,4
https://openalex.org/A5036241480,11,4
https://openalex.org/A5037058496,11,4
https://openalex.org/A5039928918,11,4
https://openalex.org/A5040735139,11,4
https://openalex.org/A5041959500,11,4
https://openalex.org/A5042126127,11,4
https://openalex.org/A5045349970,11,4
https://openalex.org/A5046535830,11,4
https://openalex.org/A5051291319,11,4
https://openalex.org/A5052080132,11,4
https://openalex.org/A5053096615,11,4
https://openalex.org/A5055236250,11,4
https://openalex.org/A5055404227,11,4
https://openalex.org/A5058856783,11,4
https://openalex.org/A5061279074,11,4
https://openalex.org/A5062550465,11,4
https://openalex.org/A5064396720,11,4
https://openalex.org/A5066399723,11,4
https://openalex.org/A5066507823,11,4
https://openalex.org/A5067173764,11,4
https://openalex.org/A5069321643,11,4
https://openalex.org/A5069326020,11,4
https://openalex.org/A5071800484,11,4
https://openalex.org/A5073947433,11,4
https://openalex.org/A5074079579,11,4
https://openalex.org/A5074743981,11,4
https://openalex.org/A5074830740,11,4
https://openalex.org/A5075474804,11,4
https://openalex.org/A5082784139,11,4
https://openalex.org/A5083575573,11,4
https://openalex.org/A5084814820,11,4
https://openalex.org/A5085267660,11,4
https://openalex.org/A5086059098,11,4
https://openalex.org/A5088617975,11,4
https://openalex.org/A5090560893,11,4
https://openalex.org/A5090777955,11,4
https://openalex.org/A5095927344,11,4
https://openalex.org/A5100313471,11,4
https://openalex.org/A5100347295,11,4
https://openalex.org/A5100725217,11,4
https://openalex.org/A5100734069,11,4
https://openalex.org/A5100741900,11,4
https://openalex.org/A5100777469,11,4
https://openalex.org/A5101403827,11,4
https://openalex.org/A5101505324,11,4
https://openalex.org/A5101564744,11,4
https://openalex.org/A5101587247,11,4
https://openalex.org/A5102905792,11,4
https://openalex.org/A5102941860,11,4
https://openalex.org/A5103213915,11,4
https://openalex.org/A5103265539,11,4
https://openalex.org/A5109894084,11,4
https://openalex.org/A5111876732,11,4
https://openalex.org/A5112456983,11,4
https://openalex.org/A5004979407,11,3
https://openalex.org/A5007768309,11,3
https://openalex.org/A5010875544,11,3
https://openalex.org/A5011045460,11,3
https://openalex.org/A5011949686,11,3
https://openalex.org/A5014669546,11,3
https://openalex.org/A5016131848,11,3
https://openalex.org/A5016585658,11,3
https://openalex.org/A5020322058,11,3
https://openalex.org/A5021656842,11,3
https://openalex.org/A5022683477,11,3
https://openalex.org/A5025361608,11,3
https://openalex.org/A5025649906,11,3
https://openalex.org/A5026189296,11,3
https://openalex.org/A5030732784,11,3
https://openalex.org/A5034653482,11,3
https://openalex.org/A5042817035,11,3
https://openalex.org/A5045063479,11,3
https://openalex.org/A5046454544,11,3
https://openalex.org/A5051442967,11,3
https://openalex.org/A5052710990,11,3
https://openalex.org/A5054943958,11,3
https://openalex.org/A5060339045,11,3
https://openalex.org/A5061883150,11,3
https://openalex.org/A5061938809,11,3
https://openalex.org/A5065734653,11,3
https://openalex.org/A5066409426,11,3
https://openalex.org/A5068986034,11,3
https://openalex.org/A5069827178,11,3
https://openalex.org/A5072755496,11,3
https://openalex.org/A5073318154,11,3
https://openalex.org/A5075214995,11,3
https://openalex.org/A5075466372,11,3
https://openalex.org/A5076205660,11,3
https://openalex.org/A5081132420,11,3
https://openalex.org/A5090594863,11,3
https://openalex.org/A5100410743,11,3
https://openalex.org/A5100442358,11,3
https://openalex.org/A5100659937,11,3
https://openalex.org/A5101495517,11,3
https://openalex.org/A5101664552,11,3
https://openalex.org/A5101870054,11,3
https://openalex.org/A5101884287,11,3
https://openalex.org/A5103554636,11,3
https://openalex.org/A5113105905,11,3
https://openalex.org/A5005725425,11,2
https://openalex.org/A5009214488,11,2
https://openalex.org/A5013226317,11,2
https://openalex.org/A5020004423,11,2
https://openalex.org/A5024099895,11,2
https://openalex.org/A5028278233,11,2
https://openalex.org/A5034374474,11,2
https://openalex.org/A5035116769,11,2
https://openalex.org/A5043022150,11,2
https://openalex.org/A5044671587,11,2
https://openalex.org/A5047291651,11,2
https://openalex.org/A5048012581,11,2
https://openalex.org/A5048360391,11,2
https://openalex.org/A5057305505,11,2
https://openalex.org/A5062948993,11,2
https://openalex.org/A5065811310,11,2
https://openalex.org/A5068060952,11,2
https://openalex.org/A5068081084,11,2
https://openalex.org/A5074963371,11,2
https://openalex.org/A5075326816,11,2
https://openalex.org/A5075667610,11,2
https://openalex.org/A5077509916,11,2
https://openalex.org/A5078022728,11,2
https://openalex.org/A5078285171,11,2
https://openalex.org/A5078672329,11,2
https://openalex.org/A5079095206,11,2
https://openalex.org/A5088218802,11,2
https://openalex.org/A5089173454,11,2
https://openalex.org/A5089657373,11,2
https://openalex.org/A5091707904,11,2
https://openalex.org/A5101635026,11,2
https://openalex.org/A5101810223,11,2
https://openalex.org/A5101888873,11,2
https://openalex.org/A5103495710,11,2
https://openalex.org/A5006565592,11,1
https://openalex.org/A5009770702,11,1
https://openalex.org/A5024292585,11,1
https://openalex.org/A5032466125,11,1
https://openalex.org/A5034434806,11,1
https://openalex.org/A5039902111,11,1
https://openalex.org/A5039946407,11,1
https://openalex.org/A5057314209,11,1
https://openalex.org/A5065854593,11,1
https://openalex.org/A5070473290,11,1
https://openalex.org/A5076284492,11,1
https://openalex.org/A5083556065,11,1
https://openalex.org/A5091406779,11,1
https://openalex.org/A5102907512,11,1
https://openalex.org/A5102986685,11,1
https://openalex.org/A5103497149,11,1
https://openalex.org/A5108332188,11,1
https://openalex.org/A5111794085,11,1
https://openalex.org/A5061160911,12,184
https://openalex.org/A5111672074,12,112
https://openalex.org/A5044898565,12,102
https://openalex.org/A5024505700,12,85
https://openalex.org/A5002330321,12,42
https://openalex.org/A5068819495,12,38
https://openalex.org/A5075756309,12,29
https://openalex.org/A5087990460,12,29
https://openalex.org/A5024898168,12,28
https://openalex.org/A5032926589,12,28
https://openalex.org/A5003777693,12,27
https://openalex.org/A5009248582,12,25
https://openalex.org/A5022272025,12,25
https://openalex.org/A5002595735,12,24
https://openalex.org/A5015100237,12,24
https://openalex.org/A5051851888,12,24
https://openalex.org/A5073578227,12,24
https://openalex.org/A5016104509,12,22
https://openalex.org/A5018158882,12,20
https://openalex.org/A5056226566,12,19
https://openalex.org/A5004099218,12,17
https://openalex.org/A5035070413,12,16
https://openalex.org/A5046561315,12,16
https://openalex.org/A5056754015,12,16
https://openalex.org/A5036998377,12,15
https://openalex.org/A5100704962,12,14
https://openalex.org/A5004372595,12,13
https://openalex.org/A5042159546,12,13
https://openalex.org/A5060236527,12,13
https://openalex.org/A5066728847,12,13
https://openalex.org/A5071524745,12,13
https://openalex.org/A5047654204,12,12
https://openalex.org/A5071808346,12,12
https://openalex.org/A5091251187,12,12
https://openalex.org/A5110311576,12,12
https://openalex.org/A5021515262,12,11
https://openalex.org/A5048188229,12,11
https://openalex.org/A5065071611,12,11
https://openalex.org/A5066142255,12,11
https://openalex.org/A5039916323,12,10
https://openalex.org/A5043621466,12,10
https://openalex.org/A5063453660,12,10
https://openalex.org/A5078278494,12,10
https://openalex.org/A5081066624,12,10
https://openalex.org/A5081756553,12,10
https://openalex.org/A5090739863,12,10
https://openalex.org/A5004540645,12,9
https://openalex.org/A5024842056,12,9
https://openalex.org/A5029099160,12,9
https://openalex.org/A5054105542,12,9
https://openalex.org/A5059674609,12,9
https://openalex.org/A5060607844,12,9
https://openalex.org/A5077531047,12,9
https://openalex.org/A5112460828,12,9
https://openalex.org/A5001656908,12,8
https://openalex.org/A5002981651,12,8
https://openalex.org/A5008556153,12,8
https://openalex.org/A5010879670,12,8
https://openalex.org/A5011488053,12,8
https://openalex.org/A5011512226,12,8
https://openalex.org/A5023007469,12,8
https://openalex.org/A5025579437,12,8
https://openalex.org/A5025844977,12,8
https://openalex.org/A5027108467,12,8
https://openalex.org/A5028019884,12,8
https://openalex.org/A5033480119,12,8
https://openalex.org/A5036237095,12,8
https://openalex.org/A5036322121,12,8
https://openalex.org/A5037567916,12,8
https://openalex.org/A5041130759,12,8
https://openalex.org/A5043883509,12,8
https://openalex.org/A5050415063,12,8
https://openalex.org/A5051455237,12,8
https://openalex.org/A5053503915,12,8
https://openalex.org/A5054888597,12,8
https://openalex.org/A5054965256,12,8
https://openalex.org/A5057940546,12,8
https://openalex.org/A5061695825,12,8
https://openalex.org/A5069589954,12,8
https://openalex.org/A5071195976,12,8
https://openalex.org/A5075198720,12,8
https://openalex.org/A5076603414,12,8
https://openalex.org/A5080381047,12,8
https://openalex.org/A5082617644,12,8
https://openalex.org/A5083878887,12,8
https://openalex.org/A5087841476,12,8
https://openalex.org/A5089505843,12,8
https://openalex.org/A5090380495,12,8
https://openalex.org/A5110342060,12,8
https://openalex.org/A5110485225,12,8
https://openalex.org/A5111771495,12,8
https://openalex.org/A5000245456,12,7
https://openalex.org/A5006257275,12,7
https://openalex.org/A5008115861,12,7
https://openalex.org/A5016008620,12,7
https://openalex.org/A5016172737,12,7
https://openalex.org/A5019821396,12,7
https://openalex.org/A5024236037,12,7
https://openalex.org/A5024652723,12,7
https://openalex.org/A5026203505,12,7
https://openalex.org/A5027859155,12,7
https://openalex.org/A5028813886,12,7
https://openalex.org/A5029180655,12,7
https://openalex.org/A5031314286,12,7
https://openalex.org/A5032098139,12,7
https://openalex.org/A5038106530,12,7
https://openalex.org/A5038710769,12,7
https://openalex.org/A5044030753,12,7
https://openalex.org/A5052479172,12,7
https://openalex.org/A5057767892,12,7
https://openalex.org/A5066814701,12,7
https://openalex.org/A5067417895,12,7
https://openalex.org/A5068809197,12,7
https://openalex.org/A5071357308,12,7
https://openalex.org/A5074269040,12,7
https://openalex.org/A5086285176,12,7
https://openalex.org/A5087901292,12,7
https://openalex.org/A5111657041,12,7
https://openalex.org/A5000251403,12,6
https://openalex.org/A5001192084,12,6
https://openalex.org/A5002352296,12,6
https://openalex.org/A5002952880,12,6
https://openalex.org/A5004745888,12,6
https://openalex.org/A5004951359,12,6
https://openalex.org/A5012895765,12,6
https://openalex.org/A5015858148,12,6
https://openalex.org/A5019942579,12,6
https://openalex.org/A5021905573,12,6
https://openalex.org/A5022785200,12,6
https://openalex.org/A5024622223,12,6
https://openalex.org/A5024990133,12,6
https://openalex.org/A5027642904,12,6
https://openalex.org/A5033076979,12,6
https://openalex.org/A5033987904,12,6
https://openalex.org/A5039079864,12,6
https://openalex.org/A5039205717,12,6
https://openalex.org/A5047339162,12,6
https://openalex.org/A5047437165,12,6
https://openalex.org/A5047703518,12,6
https://openalex.org/A5049590469,12,6
https://openalex.org/A5053340643,12,6
https://openalex.org/A5054087761,12,6
https://openalex.org/A5054358438,12,6
https://openalex.org/A5058446604,12,6
https://openalex.org/A5064288325,12,6
https://openalex.org/A5064513666,12,6
https://openalex.org/A5067086870,12,6
https://openalex.org/A5067456203,12,6
https://openalex.org/A5071799098,12,6
https://openalex.org/A5072738115,12,6
https://openalex.org/A5075004264,12,6
https://openalex.org/A5080713233,12,6
https://openalex.org/A5081680496,12,6
https://openalex.org/A5082937374,12,6
https://openalex.org/A5084402010,12,6
https://openalex.org/A5084551501,12,6
https://openalex.org/A5088184513,12,6
https://openalex.org/A5089575499,12,6
https://openalex.org/A5092997145,12,6
https://openalex.org/A5101898978,12,6
https://openalex.org/A5101948829,12,6
https://openalex.org/A5111681966,12,6
https://openalex.org/A5114130143,12,6
https://openalex.org/A5001225581,12,5
https://openalex.org/A5001716903,12,5
https://openalex.org/A5002182406,12,5
https://openalex.org/A5003046078,12,5
https://openalex.org/A5004246683,12,5
https://openalex.org/A5004491419,12,5
https://openalex.org/A5006773462,12,5
https://openalex.org/A5008060421,12,5
https://openalex.org/A5012278258,12,5
https://openalex.org/A5014416228,12,5
https://openalex.org/A5015162351,12,5
https://openalex.org/A5017223442,12,5
https://openalex.org/A5019000888,12,5
https://openalex.org/A5019048636,12,5
https://openalex.org/A5031422686,12,5
https://openalex.org/A5032997049,12,5
https://openalex.org/A5033107100,12,5
https://openalex.org/A5033998859,12,5
https://openalex.org/A5036274839,12,5
https://openalex.org/A5039189324,12,5
https://openalex.org/A5039493399,12,5
https://openalex.org/A5040132574,12,5
https://openalex.org/A5040239324,12,5
https://openalex.org/A5043378003,12,5
https://openalex.org/A5044452559,12,5
https://openalex.org/A5046889112,12,5
https://openalex.org/A5047127505,12,5
https://openalex.org/A5050981030,12,5
https://openalex.org/A5052165197,12,5
https://openalex.org/A5054906837,12,5
https://openalex.org/A5055067049,12,5
https://openalex.org/A5056498896,12,5
https://openalex.org/A5059867481,12,5
https://openalex.org/A5062410336,12,5
https://openalex.org/A5063975186,12,5
https://openalex.org/A5069645767,12,5
https://openalex.org/A5071080751,12,5
https://openalex.org/A5076918406,12,5
https://openalex.org/A5078136609,12,5
https://openalex.org/A5080566146,12,5
https://openalex.org/A5082933570,12,5
https://openalex.org/A5083599653,12,5
https://openalex.org/A5085212075,12,5
https://openalex.org/A5086031723,12,5
https://openalex.org/A5086986003,12,5
https://openalex.org/A5087843387,12,5
https://openalex.org/A5087882533,12,5
https://openalex.org/A5088737112,12,5
https://openalex.org/A5089445519,12,5
https://openalex.org/A5091159080,12,5
https://openalex.org/A5091634932,12,5
https://openalex.org/A5100428785,12,5
https://openalex.org/A5100460778,12,5
https://openalex.org/A5100607211,12,5
https://openalex.org/A5101084171,12,5
https://openalex.org/A5101183664,12,5
https://openalex.org/A5101428008,12,5
https://openalex.org/A5101893109,12,5
https://openalex.org/A5103440282,12,5
https://openalex.org/A5104992741,12,5
https://openalex.org/A5107824825,12,5
https://openalex.org/A5110272254,12,5
https://openalex.org/A5003239040,12,4
https://openalex.org/A5004666283,12,4
https://openalex.org/A5007419039,12,4
https://openalex.org/A5010312282,12,4
https://openalex.org/A5011277077,12,4
https://openalex.org/A5011830660,12,4
https://openalex.org/A5014870857,12,4
https://openalex.org/A5019406836,12,4
https://openalex.org/A5019729791,12,4
https://openalex.org/A5020318073,12,4
https://openalex.org/A5020377010,12,4
https://openalex.org/A5021836148,12,4
https://openalex.org/A5022147804,12,4
https://openalex.org/A5023050926,12,4
https://openalex.org/A5023624762,12,4
https://openalex.org/A5026177526,12,4
https://openalex.org/A5028892842,12,4
https://openalex.org/A5029144730,12,4
https://openalex.org/A5029873060,12,4
https://openalex.org/A5031000631,12,4
https://openalex.org/A5034388158,12,4
https://openalex.org/A5035397267,12,4
https://openalex.org/A5035910541,12,4
https://openalex.org/A5037861439,12,4
https://openalex.org/A5040059094,12,4
https://openalex.org/A5041104658,12,4
https://openalex.org/A5047672782,12,4
https://openalex.org/A5048359772,12,4
https://openalex.org/A5049671186,12,4
https://openalex.org/A5049998472,12,4
https://openalex.org/A5052504556,12,4
https://openalex.org/A5052641887,12,4
https://openalex.org/A5052650685,12,4
https://openalex.org/A5056376686,12,4
https://openalex.org/A5057196170,12,4
https://openalex.org/A5058610061,12,4
https://openalex.org/A5058797762,12,4
https://openalex.org/A5059416594,12,4
https://openalex.org/A5059531306,12,4
https://openalex.org/A5059665527,12,4
https://openalex.org/A5063671424,12,4
https://openalex.org/A5065140311,12,4
https://openalex.org/A5068784452,12,4
https://openalex.org/A5069778388,12,4
https://openalex.org/A5070558970,12,4
https://openalex.org/A5070929859,12,4
https://openalex.org/A5071390808,12,4
https://openalex.org/A5072498572,12,4
https://openalex.org/A5073458992,12,4
https://openalex.org/A5079155579,12,4
https://openalex.org/A5083638997,12,4
https://openalex.org/A5084385844,12,4
https://openalex.org/A5085117267,12,4
https://openalex.org/A5085955755,12,4
https://openalex.org/A5086904102,12,4
https://openalex.org/A5088260311,12,4
https://openalex.org/A5088702266,12,4
https://openalex.org/A5089789371,12,4
https://openalex.org/A5091329986,12,4
https://openalex.org/A5101472495,12,4
https://openalex.org/A5101486419,12,4
https://openalex.org/A5103241665,12,4
https://openalex.org/A5104355996,12,4
https://openalex.org/A5109262098,12,4
https://openalex.org/A5110050357,12,4
https://openalex.org/A5114376321,12,4
https://openalex.org/A5000527050,12,3
https://openalex.org/A5002610662,12,3
https://openalex.org/A5006426641,12,3
https://openalex.org/A5008800167,12,3
https://openalex.org/A5010923592,12,3
https://openalex.org/A5011763169,12,3
https://openalex.org/A5012682000,12,3
https://openalex.org/A5015053453,12,3
https://openalex.org/A5015661882,12,3
https://openalex.org/A5015989956,12,3
https://openalex.org/A5018930022,12,3
https://openalex.org/A5019337230,12,3
https://openalex.org/A5023143366,12,3
https://openalex.org/A5025045559,12,3
https://openalex.org/A5027476346,12,3
https://openalex.org/A5028984379,12,3
https://openalex.org/A5033025687,12,3
https://openalex.org/A5035635558,12,3
https://openalex.org/A5035698539,12,3
https://openalex.org/A5036035101,12,3
https://openalex.org/A5037732794,12,3
https://openalex.org/A5041759311,12,3
https://openalex.org/A5042893723,12,3
https://openalex.org/A5044006852,12,3
https://openalex.org/A5048799673,12,3
https://openalex.org/A5049009656,12,3
https://openalex.org/A5051372377,12,3
https://openalex.org/A5053686294,12,3
https://openalex.org/A5055099183,12,3
https://openalex.org/A5055148517,12,3
https://openalex.org/A5055403360,12,3
https://openalex.org/A5055943837,12,3
https://openalex.org/A5056217950,12,3
https://openalex.org/A5056984416,12,3
https://openalex.org/A5058754609,12,3
https://openalex.org/A5059336492,12,3
https://openalex.org/A5063676573,12,3
https://openalex.org/A5064748776,12,3
https://openalex.org/A5066061569,12,3
https://openalex.org/A5067605351,12,3
https://openalex.org/A5069790362,12,3
https://openalex.org/A5071118771,12,3
https://openalex.org/A5072163094,12,3
https://openalex.org/A5074323238,12,3
https://openalex.org/A5074679618,12,3
https://openalex.org/A5076982741,12,3
https://openalex.org/A5078910762,12,3
https://openalex.org/A5080319167,12,3
https://openalex.org/A5082820996,12,3
https://openalex.org/A5086440724,12,3
https://openalex.org/A5087401191,12,3
https://openalex.org/A5088282279,12,3
https://openalex.org/A5088736577,12,3
https://openalex.org/A5089452158,12,3
https://openalex.org/A5090928686,12,3
https://openalex.org/A5109231893,12,3
https://openalex.org/A5111491370,12,3
https://openalex.org/A5002312767,12,2
https://openalex.org/A5002793121,12,2
https://openalex.org/A5003676926,12,2
https://openalex.org/A5007522324,12,2
https://openalex.org/A5019949140,12,2
https://openalex.org/A5023558826,12,2
https://openalex.org/A5026276254,12,2
https://openalex.org/A5026685515,12,2
https://openalex.org/A5027693883,12,2
https://openalex.org/A5029095817,12,2
https://openalex.org/A5029098298,12,2
https://openalex.org/A5033722315,12,2
https://openalex.org/A5037129157,12,2
https://openalex.org/A5037781118,12,2
https://openalex.org/A5040237524,12,2
https://openalex.org/A5046739089,12,2
https://openalex.org/A5052026918,12,2
https://openalex.org/A5055700341,12,2
https://openalex.org/A5059314808,12,2
https://openalex.org/A5062894332,12,2
https://openalex.org/A5064486598,12,2
https://openalex.org/A5069974828,12,2
https://openalex.org/A5070644605,12,2
https://openalex.org/A5078028655,12,2
https://openalex.org/A5079773687,12,2
https://openalex.org/A5080431457,12,2
https://openalex.org/A5084991203,12,2
https://openalex.org/A5085423155,12,2
https://openalex.org/A5086707385,12,2
https://openalex.org/A5087942099,12,2
https://openalex.org/A5088788488,12,2
https://openalex.org/A5090427084,12,2
https://openalex.org/A5103204998,12,2
https://openalex.org/A5108695718,12,2
https://openalex.org/A5109270642,12,2
https://openalex.org/A5111483282,12,2
https://openalex.org/A5111501791,12,2
https://openalex.org/A5112465732,12,2
https://openalex.org/A5002686023,12,1
https://openalex.org/A5015981012,12,1
https://openalex.org/A5016689644,12,1
https://openalex.org/A5018797763,12,1
https://openalex.org/A5021945218,12,1
https://openalex.org/A5022249384,12,1
https://openalex.org/A5025105803,12,1
https://openalex.org/A5040855918,12,1
https://openalex.org/A5042418599,12,1
https://openalex.org/A5055370366,12,1
https://openalex.org/A5057220026,12,1
https://openalex.org/A5100383517,12,1
https://openalex.org/A5033656008,13,144
https://openalex.org/A5033444412,13,104
https://openalex.org/A5086453253,13,90
https://openalex.org/A5065295188,13,48
https://openalex.org/A5062663565,13,32
https://openalex.org/A5085020955,13,27
https://openalex.org/A5100451477,13,25
https://openalex.org/A5048176602,13,21
https://openalex.org/A5070069894,13,21
https://openalex.org/A5040323504,13,20
https://openalex.org/A5028327260,13,19
https://openalex.org/A5063557800,13,19
https://openalex.org/A5091382678,13,19
https://openalex.org/A5065594776,13,17
https://openalex.org/A5031279419,13,16
https://openalex.org/A5067953991,13,16
https://openalex.org/A5100444820,13,16
https://openalex.org/A5016780363,13,14
https://openalex.org/A5025976462,13,13
https://openalex.org/A5056410851,13,13
https://openalex.org/A5101424688,13,13
https://openalex.org/A5045958113,13,12
https://openalex.org/A5103003762,13,12
https://openalex.org/A5010087030,13,11
https://openalex.org/A5014611768,13,11
https://openalex.org/A5019024625,13,11
https://openalex.org/A5022164041,13,11
https://openalex.org/A5023796355,13,11
https://openalex.org/A5041246275,13,11
https://openalex.org/A5045132686,13,11
https://openalex.org/A5045494255,13,11
https://openalex.org/A5004892784,13,10
https://openalex.org/A5008288695,13,10
https://openalex.org/A5027599381,13,10
https://openalex.org/A5053945884,13,10
https://openalex.org/A5054043838,13,10
https://openalex.org/A5076653924,13,10
https://openalex.org/A5013389509,13,9
https://openalex.org/A5033305045,13,9
https://openalex.org/A5050698435,13,9
https://openalex.org/A5054865304,13,9
https://openalex.org/A5065691762,13,9
https://openalex.org/A5067809445,13,9
https://openalex.org/A5076159734,13,9
https://openalex.org/A5102871046,13,9
https://openalex.org/A5107963786,13,9
https://openalex.org/A5109521346,13,9
https://openalex.org/A5000613714,13,8
https://openalex.org/A5003017476,13,8
https://openalex.org/A5017139435,13,8
https://openalex.org/A5022914503,13,8
https://openalex.org/A5025114648,13,8
https://openalex.org/A5025403362,13,8
https://openalex.org/A5029517776,13,8
https://openalex.org/A5040994034,13,8
https://openalex.org/A5050023810,13,8
https://openalex.org/A5061303616,13,8
https://openalex.org/A5063479107,13,8
https://openalex.org/A5065910587,13,8
https://openalex.org/A5070508566,13,8
https://openalex.org/A5071662091,13,8
https://openalex.org/A5072932865,13,8
https://openalex.org/A5075847557,13,8
https://openalex.org/A5078337982,13,8
https://openalex.org/A5080436996,13,8
https://openalex.org/A5081167336,13,8
https://openalex.org/A5083451202,13,8
https://openalex.org/A5085403325,13,8
https://openalex.org/A5087165831,13,8
https://openalex.org/A5087739396,13,8
https://openalex.org/A5090216634,13,8
https://openalex.org/A5090968735,13,8
https://openalex.org/A5100371595,13,8
https://openalex.org/A5100413572,13,8
https://openalex.org/A5100418980,13,8
https://openalex.org/A5100654390,13,8
https://openalex.org/A5100678098,13,8
https://openalex.org/A5103042605,13,8
https://openalex.org/A5104084682,13,8
https://openalex.org/A5110041654,13,8
https://openalex.org/A5111875851,13,8
https://openalex.org/A5003387691,13,7
https://openalex.org/A5005221942,13,7
https://openalex.org/A5011976065,13,7
https://openalex.org/A5014810871,13,7
https://openalex.org/A5017448934,13,7
https://openalex.org/A5018602016,13,7
https://openalex.org/A5022129033,13,7
https://openalex.org/A5032533885,13,7
https://openalex.org/A5033060770,13,7
https://openalex.org/A5034267335,13,7
https://openalex.org/A5036979277,13,7
https://openalex.org/A5046099149,13,7
https://openalex.org/A5051495330,13,7
https://openalex.org/A5051601515,13,7
https://openalex.org/A5052433616,13,7
https://openalex.org/A5053281055,13,7
https://openalex.org/A5059372830,13,7
https://openalex.org/A5060318536,13,7
https://openalex.org/A5069801477,13,7
https://openalex.org/A5071074935,13,7
https://openalex.org/A5073313211,13,7
https://openalex.org/A5078512124,13,7
https://openalex.org/A5080906517,13,7
https://openalex.org/A5083370977,13,7
https://openalex.org/A5088062069,13,7
https://openalex.org/A5090973869,13,7
https://openalex.org/A5100406050,13,7
https://openalex.org/A5100418783,13,7
https://openalex.org/A5100455395,13,7
https://openalex.org/A5100643225,13,7
https://openalex.org/A5100670614,13,7
https://openalex.org/A5100707855,13,7
https://openalex.org/A5101814482,13,7
https://openalex.org/A5101990494,13,7
https://openalex.org/A5104008303,13,7
https://openalex.org/A5112698575,13,7
https://openalex.org/A5000465689,13,6
https://openalex.org/A5000824875,13,6
https://openalex.org/A5003185083,13,6
https://openalex.org/A5003810400,13,6
https://openalex.org/A5004896252,13,6
https://openalex.org/A5005457856,13,6
https://openalex.org/A5005770588,13,6
https://openalex.org/A5011514175,13,6
https://openalex.org/A5017612757,13,6
https://openalex.org/A5018972880,13,6
https://openalex.org/A5020813225,13,6
https://openalex.org/A5021257546,13,6
https://openalex.org/A5024491455,13,6
https://openalex.org/A5026272753,13,6
https://openalex.org/A5028901479,13,6
https://openalex.org/A5032558155,13,6
https://openalex.org/A5033157076,13,6
https://openalex.org/A5033208803,13,6
https://openalex.org/A5034153283,13,6
https://openalex.org/A5042018181,13,6
https://openalex.org/A5045705124,13,6
https://openalex.org/A5046369855,13,6
https://openalex.org/A5048304116,13,6
https://openalex.org/A5062334356,13,6
https://openalex.org/A5063538554,13,6
https://openalex.org/A5064302077,13,6
https://openalex.org/A5064938053,13,6
https://openalex.org/A5067715162,13,6
https://openalex.org/A5067890045,13,6
https://openalex.org/A5069629170,13,6
https://openalex.org/A5070624001,13,6
https://openalex.org/A5070642269,13,6
https://openalex.org/A5072317523,13,6
https://openalex.org/A5074159130,13,6
https://openalex.org/A5074301962,13,6
https://openalex.org/A5074429265,13,6
https://openalex.org/A5084459196,13,6
https://openalex.org/A5084714502,13,6
https://openalex.org/A5087818121,13,6
https://openalex.org/A5091981124,13,6
https://openalex.org/A5100386372,13,6
https://openalex.org/A5100663691,13,6
https://openalex.org/A5100701572,13,6
https://openalex.org/A5101461522,13,6
https://openalex.org/A5101826600,13,6
https://openalex.org/A5102757449,13,6
https://openalex.org/A5102883508,13,6
https://openalex.org/A5103080414,13,6
https://openalex.org/A5103125510,13,6
https://openalex.org/A5103954271,13,6
https://openalex.org/A5107209536,13,6
https://openalex.org/A5108806839,13,6
https://openalex.org/A5001612952,13,5
https://openalex.org/A5002918911,13,5
https://openalex.org/A5003641345,13,5
https://openalex.org/A5006664678,13,5
https://openalex.org/A5009222917,13,5
https://openalex.org/A5009670109,13,5
https://openalex.org/A5016812212,13,5
https://openalex.org/A5017708876,13,5
https://openalex.org/A5023855672,13,5
https://openalex.org/A5024572557,13,5
https://openalex.org/A5025265611,13,5
https://openalex.org/A5026175186,13,5
https://openalex.org/A5046214073,13,5
https://openalex.org/A5047279790,13,5
https://openalex.org/A5048005854,13,5
https://openalex.org/A5049354499,13,5
https://openalex.org/A5052829033,13,5
https://openalex.org/A5059458646,13,5
https://openalex.org/A5060019444,13,5
https://openalex.org/A5061193324,13,5
https://openalex.org/A5065853739,13,5
https://openalex.org/A5066261059,13,5
https://openalex.org/A5069855349,13,5
https://openalex.org/A5072234270,13,5
https://openalex.org/A5073061598,13,5
https://openalex.org/A5073818477,13,5
https://openalex.org/A5075745387,13,5
https://openalex.org/A5087399565,13,5
https://openalex.org/A5088006907,13,5
https://openalex.org/A5100320749,13,5
https://openalex.org/A5100455941,13,5
https://openalex.org/A5100707660,13,5
https://openalex.org/A5101537245,13,5
https://openalex.org/A5102991514,13,5
https://openalex.org/A5103106349,13,5
https://openalex.org/A5103186357,13,5
https://openalex.org/A5103613834,13,5
https://openalex.org/A5108052411,13,5
https://openalex.org/A5108892274,13,5
https://openalex.org/A5110380387,13,5
https://openalex.org/A5005425763,13,4
https://openalex.org/A5005626854,13,4
https://openalex.org/A5010376144,13,4
https://openalex.org/A5012213855,13,4
https://openalex.org/A5012975385,13,4
https://openalex.org/A5013508523,13,4
https://openalex.org/A5013883778,13,4
https://openalex.org/A5015326615,13,4
https://openalex.org/A5019104528,13,4
https://openalex.org/A5024219829,13,4
https://openalex.org/A5027649744,13,4
https://openalex.org/A5028701322,13,4
https://openalex.org/A5033321966,13,4
https://openalex.org/A5037419606,13,4
https://openalex.org/A5039618797,13,4
https://openalex.org/A5043276931,13,4
https://openalex.org/A5044640145,13,4
https://openalex.org/A5045628618,13,4
https://openalex.org/A5048096244,13,4
https://openalex.org/A5050321033,13,4
https://openalex.org/A5050554579,13,4
https://openalex.org/A5051757791,13,4
https://openalex.org/A5052645068,13,4
https://openalex.org/A5054470348,13,4
https://openalex.org/A5059093534,13,4
https://openalex.org/A5059297253,13,4
https://openalex.org/A5063239904,13,4
https://openalex.org/A5064488288,13,4
https://openalex.org/A5065661266,13,4
https://openalex.org/A5066113250,13,4
https://openalex.org/A5068345732,13,4
https://openalex.org/A5070881484,13,4
https://openalex.org/A5072325945,13,4
https://openalex.org/A5073087748,13,4
https://openalex.org/A5073996787,13,4
https://openalex.org/A5078843154,13,4
https://openalex.org/A5081369567,13,4
https://openalex.org/A5083642709,13,4
https://openalex.org/A5083678661,13,4
https://openalex.org/A5087371675,13,4
https://openalex.org/A5088674104,13,4
https://openalex.org/A5100381260,13,4
https://openalex.org/A5100386370,13,4
https://openalex.org/A5100437924,13,4
https://openalex.org/A5100449001,13,4
https://openalex.org/A5100459801,13,4
https://openalex.org/A5100621223,13,4
https://openalex.org/A5100739940,13,4
https://openalex.org/A5100745348,13,4
https://openalex.org/A5100785015,13,4
https://openalex.org/A5101538534,13,4
https://openalex.org/A5101909495,13,4
https://openalex.org/A5101990493,13,4
https://openalex.org/A5102329522,13,4
https://openalex.org/A5110779259,13,4
https://openalex.org/A5112275494,13,4
https://openalex.org/A5001390698,13,3
https://openalex.org/A5001732267,13,3
https://openalex.org/A5001864555,13,3
https://openalex.org/A5008531526,13,3
https://openalex.org/A5010582057,13,3
https://openalex.org/A5011090827,13,3
https://openalex.org/A5015615642,13,3
https://openalex.org/A5017770962,13,3
https://openalex.org/A5019710285,13,3
https://openalex.org/A5019720345,13,3
https://openalex.org/A5023538210,13,3
https://openalex.org/A5024142629,13,3
https://openalex.org/A5028165929,13,3
https://openalex.org/A5029544044,13,3
https://openalex.org/A5029597575,13,3
https://openalex.org/A5030173821,13,3
https://openalex.org/A5032054213,13,3
https://openalex.org/A5032415221,13,3
https://openalex.org/A5033856056,13,3
https://openalex.org/A5035831645,13,3
https://openalex.org/A5041711564,13,3
https://openalex.org/A5043862366,13,3
https://openalex.org/A5048104591,13,3
https://openalex.org/A5049309526,13,3
https://openalex.org/A5049688433,13,3
https://openalex.org/A5053469058,13,3
https://openalex.org/A5054749125,13,3
https://openalex.org/A5056467528,13,3
https://openalex.org/A5056852711,13,3
https://openalex.org/A5059257039,13,3
https://openalex.org/A5059331417,13,3
https://openalex.org/A5059765313,13,3
https://openalex.org/A5060614906,13,3
https://openalex.org/A5061838779,13,3
https://openalex.org/A5064454188,13,3
https://openalex.org/A5067359251,13,3
https://openalex.org/A5071902216,13,3
https://openalex.org/A5073700655,13,3
https://openalex.org/A5075193114,13,3
https://openalex.org/A5076225305,13,3
https://openalex.org/A5077299582,13,3
https://openalex.org/A5078100073,13,3
https://openalex.org/A5078571347,13,3
https://openalex.org/A5080992939,13,3
https://openalex.org/A5082800423,13,3
https://openalex.org/A5082912418,13,3
https://openalex.org/A5084167541,13,3
https://openalex.org/A5084882005,13,3
https://openalex.org/A5085778849,13,3
https://openalex.org/A5087292303,13,3
https://openalex.org/A5087300335,13,3
https://openalex.org/A5100381248,13,3
https://openalex.org/A5100459808,13,3
https://openalex.org/A5100459811,13,3
https://openalex.org/A5100665595,13,3
https://openalex.org/A5101595154,13,3
https://openalex.org/A5110441529,13,3
https://openalex.org/A5115592978,13,3
https://openalex.org/A5001410589,13,2
https://openalex.org/A5002134314,13,2
https://openalex.org/A5006016644,13,2
https://openalex.org/A5006126647,13,2
https://openalex.org/A5007355158,13,2
https://openalex.org/A5009025808,13,2
https://openalex.org/A5010989710,13,2
https://openalex.org/A5013616968,13,2
https://openalex.org/A5021632752,13,2
https://openalex.org/A5026170977,13,2
https://openalex.org/A5026382684,13,2
https://openalex.org/A5026515381,13,2
https://openalex.org/A5030201679,13,2
https://openalex.org/A5030358452,13,2
https://openalex.org/A5030563082,13,2
https://openalex.org/A5032478242,13,2
https://openalex.org/A5035014629,13,2
https://openalex.org/A5043590307,13,2
https://openalex.org/A5044467567,13,2
https://openalex.org/A5045362637,13,2
https://openalex.org/A5051113192,13,2
https://openalex.org/A5057467969,13,2
https://openalex.org/A5058933126,13,2
https://openalex.org/A5065258960,13,2
https://openalex.org/A5066597217,13,2
https://openalex.org/A5066955365,13,2
https://openalex.org/A5069048388,13,2
https://openalex.org/A5069264465,13,2
https://openalex.org/A5076573805,13,2
https://openalex.org/A5080823547,13,2
https://openalex.org/A5086390492,13,2
https://openalex.org/A5086482546,13,2
https://openalex.org/A5087686904,13,2
https://openalex.org/A5089058945,13,2
https://openalex.org/A5091245588,13,2
https://openalex.org/A5100432091,13,2
https://openalex.org/A5100459797,13,2
https://openalex.org/A5100665597,13,2
https://openalex.org/A5100718491,13,2
https://openalex.org/A5100741568,13,2
https://openalex.org/A5101770181,13,2
https://openalex.org/A5103254100,13,2
https://openalex.org/A5104029561,13,2
https://openalex.org/A5112388876,13,2
https://openalex.org/A5112493103,13,2
https://openalex.org/A5006237435,13,1
https://openalex.org/A5007123583,13,1
https://openalex.org/A5019429290,13,1
https://openalex.org/A5020779955,13,1
https://openalex.org/A5033513969,13,1
https://openalex.org/A5045758498,13,1
https://openalex.org/A5046542764,13,1
https://openalex.org/A5049071894,13,1
https://openalex.org/A5053823853,13,1
https://openalex.org/A5082583686,13,1
https://openalex.org/A5090815313,13,1
https://openalex.org/A5090589044,14,116
https://openalex.org/A5021448872,14,102
https://openalex.org/A5025218700,14,47
https://openalex.org/A5084222212,14,34
https://openalex.org/A5051095866,14,28
https://openalex.org/A5090526778,14,27
https://openalex.org/A5042631896,14,26
https://openalex.org/A5055631608,14,25
https://openalex.org/A5064565742,14,20
https://openalex.org/A5004337400,14,18
https://openalex.org/A5047315859,14,17
https://openalex.org/A5050035833,14,16
https://openalex.org/A5008385014,14,15
https://openalex.org/A5037225650,14,15
https://openalex.org/A5076627572,14,15
https://openalex.org/A5101853916,14,15
https://openalex.org/A5028428138,14,14
https://openalex.org/A5083913334,14,14
https://openalex.org/A5009974649,14,13
https://openalex.org/A5017938670,14,13
https://openalex.org/A5083523038,14,13
https://openalex.org/A5086305845,14,13
https://openalex.org/A5089310000,14,13
https://openalex.org/A5047055323,14,12
https://openalex.org/A5054283888,14,12
https://openalex.org/A5036484581,14,11
https://openalex.org/A5055467011,14,11
https://openalex.org/A5001849766,14,10
https://openalex.org/A5010941899,14,10
https://openalex.org/A5017619946,14,10
https://openalex.org/A5028941070,14,10
https://openalex.org/A5047944229,14,10
https://openalex.org/A5071902504,14,10
https://openalex.org/A5076517907,14,10
https://openalex.org/A5076642772,14,10
https://openalex.org/A5080306538,14,10
https://openalex.org/A5000176068,14,9
https://openalex.org/A5027348599,14,9
https://openalex.org/A5029891941,14,9
https://openalex.org/A5043715752,14,9
https://openalex.org/A5045897430,14,9
https://openalex.org/A5001490620,14,8
https://openalex.org/A5038850161,14,8
https://openalex.org/A5049210866,14,8
https://openalex.org/A5049728299,14,8
https://openalex.org/A5054153651,14,8
https://openalex.org/A5056071932,14,8
https://openalex.org/A5067264638,14,8
https://openalex.org/A5070059815,14,8
https://openalex.org/A5079745007,14,8
https://openalex.org/A5086340355,14,8
https://openalex.org/A5088237213,14,8
https://openalex.org/A5101048485,14,8
https://openalex.org/A5007178173,14,7
https://openalex.org/A5009199818,14,7
https://openalex.org/A5015354903,14,7
https://openalex.org/A5017516720,14,7
https://openalex.org/A5021482542,14,7
https://openalex.org/A5027110040,14,7
https://openalex.org/A5027642003,14,7
https://openalex.org/A5027956510,14,7
https://openalex.org/A5036033259,14,7
https://openalex.org/A5038267865,14,7
https://openalex.org/A5039420662,14,7
https://openalex.org/A5040271513,14,7
https://openalex.org/A5043611713,14,7
https://openalex.org/A5046821941,14,7
https://openalex.org/A5049414839,14,7
https://openalex.org/A5051460861,14,7
https://openalex.org/A5051846732,14,7
https://openalex.org/A5055862445,14,7
https://openalex.org/A5057904875,14,7
https://openalex.org/A5058137827,14,7
https://openalex.org/A5059965657,14,7
https://openalex.org/A5060364668,14,7
https://openalex.org/A5067557590,14,7
https://openalex.org/A5071117363,14,7
https://openalex.org/A5077357233,14,7
https://openalex.org/A5080328618,14,7
https://openalex.org/A5101828453,14,7
https://openalex.org/A5103060517,14,7
https://openalex.org/A5107999727,14,7
https://openalex.org/A5002666479,14,6
https://openalex.org/A5003763447,14,6
https://openalex.org/A5004252612,14,6
https://openalex.org/A5010513018,14,6
https://openalex.org/A5012089497,14,6
https://openalex.org/A5015409419,14,6
https://openalex.org/A5024451217,14,6
https://openalex.org/A5024790234,14,6
https://openalex.org/A5025451678,14,6
https://openalex.org/A5031676195,14,6
https://openalex.org/A5031715686,14,6
https://openalex.org/A5033266759,14,6
https://openalex.org/A5033484534,14,6
https://openalex.org/A5033785127,14,6
https://openalex.org/A5045475903,14,6
https://openalex.org/A5058826186,14,6
https://openalex.org/A5064325969,14,6
https://openalex.org/A5069059219,14,6
https://openalex.org/A5069704439,14,6
https://openalex.org/A5069800971,14,6
https://openalex.org/A5071617021,14,6
https://openalex.org/A5073217268,14,6
https://openalex.org/A5074361241,14,6
https://openalex.org/A5075852205,14,6
https://openalex.org/A5081875586,14,6
https://openalex.org/A5081995440,14,6
https://openalex.org/A5085400052,14,6
https://openalex.org/A5086761239,14,6
https://openalex.org/A5087650169,14,6
https://openalex.org/A5090423513,14,6
https://openalex.org/A5103084598,14,6
https://openalex.org/A5001270419,14,5
https://openalex.org/A5001911347,14,5
https://openalex.org/A5002037511,14,5
https://openalex.org/A5003101081,14,5
https://openalex.org/A5003282344,14,5
https://openalex.org/A5005598555,14,5
https://openalex.org/A5009093972,14,5
https://openalex.org/A5011249942,14,5
https://openalex.org/A5015356258,14,5
https://openalex.org/A5017024985,14,5
https://openalex.org/A5019207085,14,5
https://openalex.org/A5020665960,14,5
https://openalex.org/A5021016862,14,5
https://openalex.org/A5022243584,14,5
https://openalex.org/A5022827102,14,5
https://openalex.org/A5024606920,14,5
https://openalex.org/A5025142359,14,5
https://openalex.org/A5026527638,14,5
https://openalex.org/A5027598056,14,5
https://openalex.org/A5029077543,14,5
https://openalex.org/A5034915197,14,5
https://openalex.org/A5035800370,14,5
https://openalex.org/A5040183938,14,5
https://openalex.org/A5040468552,14,5
https://openalex.org/A5042061414,14,5
https://openalex.org/A5045427733,14,5
https://openalex.org/A5045603917,14,5
https://openalex.org/A5046053642,14,5
https://openalex.org/A5046114119,14,5
https://openalex.org/A5047577457,14,5
https://openalex.org/A5049082865,14,5
https://openalex.org/A5049255134,14,5
https://openalex.org/A5049365731,14,5
https://openalex.org/A5051801016,14,5
https://openalex.org/A5054907278,14,5
https://openalex.org/A5057733690,14,5
https://openalex.org/A5058881210,14,5
https://openalex.org/A5072427511,14,5
https://openalex.org/A5076037542,14,5
https://openalex.org/A5082155200,14,5
https://openalex.org/A5084785674,14,5
https://openalex.org/A5085817958,14,5
https://openalex.org/A5087824889,14,5
https://openalex.org/A5090802136,14,5
https://openalex.org/A5104285776,14,5
https://openalex.org/A5111686598,14,5
https://openalex.org/A5113183086,14,5
https://openalex.org/A5000361569,14,4
https://openalex.org/A5001949402,14,4
https://openalex.org/A5005493160,14,4
https://openalex.org/A5005786792,14,4
https://openalex.org/A5006492499,14,4
https://openalex.org/A5007095978,14,4
https://openalex.org/A5010049988,14,4
https://openalex.org/A5010437701,14,4
https://openalex.org/A5012528110,14,4
https://openalex.org/A5013362048,14,4
https://openalex.org/A5014518251,14,4
https://openalex.org/A5015012749,14,4
https://openalex.org/A5016235025,14,4
https://openalex.org/A5017208568,14,4
https://openalex.org/A5020347604,14,4
https://openalex.org/A5022900079,14,4
https://openalex.org/A5023630167,14,4
https://openalex.org/A5023720160,14,4
https://openalex.org/A5023845889,14,4
https://openalex.org/A5023908603,14,4
https://openalex.org/A5024874859,14,4
https://openalex.org/A5025994427,14,4
https://openalex.org/A5026590794,14,4
https://openalex.org/A5027693284,14,4
https://openalex.org/A5028677147,14,4
https://openalex.org/A5028828782,14,4
https://openalex.org/A5033638566,14,4
https://openalex.org/A5035250049,14,4
https://openalex.org/A5035298407,14,4
https://openalex.org/A5035728245,14,4
https://openalex.org/A5036832571,14,4
https://openalex.org/A5037777746,14,4
https://openalex.org/A5039453977,14,4
https://openalex.org/A5041706974,14,4
https://openalex.org/A5042168549,14,4
https://openalex.org/A5043312930,14,4
https://openalex.org/A5050242706,14,4
https://openalex.org/A5051333016,14,4
https://openalex.org/A5052153374,14,4
https://openalex.org/A5052914581,14,4
https://openalex.org/A5053889441,14,4
https://openalex.org/A5054419110,14,4
https://openalex.org/A5054793827,14,4
https://openalex.org/A5056555776,14,4
https://openalex.org/A5059230796,14,4
https://openalex.org/A5061215429,14,4
https://openalex.org/A5061734205,14,4
https://openalex.org/A5064273899,14,4
https://openalex.org/A5066745390,14,4
https://openalex.org/A5068338104,14,4
https://openalex.org/A5069077564,14,4
https://openalex.org/A5069725782,14,4
https://openalex.org/A5070590590,14,4
https://openalex.org/A5070632521,14,4
https://openalex.org/A5071222369,14,4
https://openalex.org/A5073120176,14,4
https://openalex.org/A5075520162,14,4
https://openalex.org/A5078268780,14,4
https://openalex.org/A5079144674,14,4
https://openalex.org/A5082802156,14,4
https://openalex.org/A5082946642,14,4
https://openalex.org/A5085206812,14,4
https://openalex.org/A5085768387,14,4
https://openalex.org/A5085949290,14,4
https://openalex.org/A5086106600,14,4
https://openalex.org/A5086996144,14,4
https://openalex.org/A5087273965,14,4
https://openalex.org/A5088106549,14,4
https://openalex.org/A5089241700,14,4
https://openalex.org/A5108740865,14,4
https://openalex.org/A5113524488,14,4
https://openalex.org/A5001481450,14,3
https://openalex.org/A5001568012,14,3
https://openalex.org/A5007966023,14,3
https://openalex.org/A5009128737,14,3
https://openalex.org/A5010550929,14,3
https://openalex.org/A5011776538,14,3
https://openalex.org/A5011798182,14,3
https://openalex.org/A5013441165,14,3
https://openalex.org/A5014468347,14,3
https://openalex.org/A5015663807,14,3
https://openalex.org/A5017055217,14,3
https://openalex.org/A5021751992,14,3
https://openalex.org/A5022100892,14,3
https://openalex.org/A5022321383,14,3
https://openalex.org/A5023810719,14,3
https://openalex.org/A5024590923,14,3
https://openalex.org/A5025021728,14,3
https://openalex.org/A5025336259,14,3
https://openalex.org/A5027243859,14,3
https://openalex.org/A5027463796,14,3
https://openalex.org/A5029811284,14,3
https://openalex.org/A5032509238,14,3
https://openalex.org/A5032696533,14,3
https://openalex.org/A5032965080,14,3
https://openalex.org/A5033657141,14,3
https://openalex.org/A5040298130,14,3
https://openalex.org/A5040714625,14,3
https://openalex.org/A5040742000,14,3
https://openalex.org/A5042215163,14,3
https://openalex.org/A5042457243,14,3
https://openalex.org/A5045479268,14,3
https://openalex.org/A5045879688,14,3
https://openalex.org/A5047312329,14,3
https://openalex.org/A5048174088,14,3
https://openalex.org/A5049240786,14,3
https://openalex.org/A5054399498,14,3
https://openalex.org/A5056734902,14,3
https://openalex.org/A5059471951,14,3
https://openalex.org/A5059990582,14,3
https://openalex.org/A5060345759,14,3
https://openalex.org/A5063432471,14,3
https://openalex.org/A5064602622,14,3
https://openalex.org/A5067730497,14,3
https://openalex.org/A5069191618,14,3
https://openalex.org/A5073498858,14,3
https://openalex.org/A5075679324,14,3
https://openalex.org/A5077170004,14,3
https://openalex.org/A5077285288,14,3
https://openalex.org/A5078904438,14,3
https://openalex.org/A5079210038,14,3
https://openalex.org/A5079370099,14,3
https://openalex.org/A5084409658,14,3
https://openalex.org/A5084961631,14,3
https://openalex.org/A5085338681,14,3
https://openalex.org/A5100641848,14,3
https://openalex.org/A5100667850,14,3
https://openalex.org/A5102581419,14,3
https://openalex.org/A5102737614,14,3
https://openalex.org/A5102797797,14,3
https://openalex.org/A5102851815,14,3
https://openalex.org/A5103583756,14,3
https://openalex.org/A5106824046,14,3
https://openalex.org/A5108736027,14,3
https://openalex.org/A5109103219,14,3
https://openalex.org/A5110728898,14,3
https://openalex.org/A5111740164,14,3
https://openalex.org/A5111947805,14,3
https://openalex.org/A5112242278,14,3
https://openalex.org/A5113438854,14,3
https://openalex.org/A5000716832,14,2
https://openalex.org/A5003141343,14,2
https://openalex.org/A5004183052,14,2
https://openalex.org/A5004640896,14,2
https://openalex.org/A5006368447,14,2
https://openalex.org/A5007349438,14,2
https://openalex.org/A5011137701,14,2
https://openalex.org/A5011427604,14,2
https://openalex.org/A5013262297,14,2
https://openalex.org/A5014297393,14,2
https://openalex.org/A5016428996,14,2
https://openalex.org/A5019193882,14,2
https://openalex.org/A5022992413,14,2
https://openalex.org/A5027021161,14,2
https://openalex.org/A5028580306,14,2
https://openalex.org/A5028786434,14,2
https://openalex.org/A5031202920,14,2
https://openalex.org/A5032672215,14,2
https://openalex.org/A5033055029,14,2
https://openalex.org/A5033299730,14,2
https://openalex.org/A5040629621,14,2
https://openalex.org/A5042854721,14,2
https://openalex.org/A5047801594,14,2
https://openalex.org/A5048790674,14,2
https://openalex.org/A5053120787,14,2
https://openalex.org/A5056471973,14,2
https://openalex.org/A5057966689,14,2
https://openalex.org/A5058645081,14,2
https://openalex.org/A5060445285,14,2
https://openalex.org/A5066686727,14,2
https://openalex.org/A5067250281,14,2
https://openalex.org/A5070956145,14,2
https://openalex.org/A5073084376,14,2
https://openalex.org/A5073100881,14,2
https://openalex.org/A5076863552,14,2
https://openalex.org/A5077216344,14,2
https://openalex.org/A5080218059,14,2
https://openalex.org/A5085242733,14,2
https://openalex.org/A5086013357,14,2
https://openalex.org/A5086523672,14,2
https://openalex.org/A5086869136,14,2
https://openalex.org/A5086937554,14,2
https://openalex.org/A5087791438,14,2
https://openalex.org/A5102890441,14,2
https://openalex.org/A5111703246,14,2
https://openalex.org/A5113516515,14,2
https://openalex.org/A5003433987,14,1
https://openalex.org/A5003519547,14,1
https://openalex.org/A5005083201,14,1
https://openalex.org/A5008951875,14,1
https://openalex.org/A5010137520,14,1
https://openalex.org/A5018314395,14,1
https://openalex.org/A5023868468,14,1
https://openalex.org/A5031105273,14,1
https://openalex.org/A5031399019,14,1
https://openalex.org/A5031627296,14,1
https://openalex.org/A5032485748,14,1
https://openalex.org/A5037625232,14,1
https://openalex.org/A5038726317,14,1
https://openalex.org/A5039002184,14,1
https://openalex.org/A5047792029,14,1
https://openalex.org/A5050249057,14,1
https://openalex.org/A5052628590,14,1
https://openalex.org/A5055206375,14,1
https://openalex.org/A5055562401,14,1
https://openalex.org/A5058358036,14,1
https://openalex.org/A5059319052,14,1
https://openalex.org/A5063585250,14,1
https://openalex.org/A5064459726,14,1
https://openalex.org/A5067302341,14,1
https://openalex.org/A5069250487,14,1
https://openalex.org/A5071082518,14,1
https://openalex.org/A5079443498,14,1
https://openalex.org/A5084716051,14,1
https://openalex.org/A5085378961,14,1
https://openalex.org/A5089752790,14,1
https://openalex.org/A5109486218,14,1
https://openalex.org/A5112081957,14,1
https://openalex.org/A5068508539,15,107
https://openalex.org/A5062910836,15,90
https://openalex.org/A5015128745,15,85
https://openalex.org/A5004412943,15,70
https://openalex.org/A5088517824,15,54
https://openalex.org/A5102992157,15,52
https://openalex.org/A5111222692,15,39
https://openalex.org/A5067919401,15,37
https://openalex.org/A5058212934,15,36
https://openalex.org/A5107337645,15,26
https://openalex.org/A5022994077,15,23
https://openalex.org/A5014855689,15,22
https://openalex.org/A5074307166,15,22
https://openalex.org/A5043228682,15,21
https://openalex.org/A5050023117,15,20
https://openalex.org/A5062276512,15,19
https://openalex.org/A5087505541,15,19
https://openalex.org/A5003775059,15,18
https://openalex.org/A5049634702,15,17
https://openalex.org/A5053850863,15,17
https://openalex.org/A5006531172,15,16
https://openalex.org/A5012491878,15,15
https://openalex.org/A5051050719,15,15
https://openalex.org/A5070767948,15,14
https://openalex.org/A5075783850,15,14
https://openalex.org/A5079904764,15,14
https://openalex.org/A5108541589,15,14
https://openalex.org/A5022479813,15,13
https://openalex.org/A5029563909,15,13
https://openalex.org/A5075825791,15,13
https://openalex.org/A5002316432,15,12
https://openalex.org/A5024378198,15,12
https://openalex.org/A5029323348,15,12
https://openalex.org/A5076412680,15,12
https://openalex.org/A5082305994,15,12
https://openalex.org/A5003714034,15,11
https://openalex.org/A5011684148,15,11
https://openalex.org/A5011974509,15,11
https://openalex.org/A5043628255,15,11
https://openalex.org/A5070905937,15,11
https://openalex.org/A5084505122,15,11
https://openalex.org/A5012850897,15,10
https://openalex.org/A5039472047,15,10
https://openalex.org/A5044005697,15,10
https://openalex.org/A5048292406,15,10
https://openalex.org/A5059969678,15,10
https://openalex.org/A5091822496,15,10
https://openalex.org/A5100330223,15,10
https://openalex.org/A5100664729,15,10
https://openalex.org/A5103238719,15,10
https://openalex.org/A5014008069,15,9
https://openalex.org/A5014923355,15,9
https://openalex.org/A5016054994,15,9
https://openalex.org/A5024230879,15,9
https://openalex.org/A5024437840,15,9
https://openalex.org/A5032948428,15,9
https://openalex.org/A5040387457,15,9
https://openalex.org/A5045050802,15,9
https://openalex.org/A5046422522,15,9
https://openalex.org/A5049904411,15,9
https://openalex.org/A5054371148,15,9
https://openalex.org/A5057851690,15,9
https://openalex.org/A5062471396,15,9
https://openalex.org/A5076880940,15,9
https://openalex.org/A5080544237,15,9
https://openalex.org/A5082462234,15,9
https://openalex.org/A5005513786,15,8
https://openalex.org/A5006314068,15,8
https://openalex.org/A5008257790,15,8
https://openalex.org/A5008920438,15,8
https://openalex.org/A5009034593,15,8
https://openalex.org/A5009648800,15,8
https://openalex.org/A5014580424,15,8
https://openalex.org/A5015147112,15,8
https://openalex.org/A5016724158,15,8
https://openalex.org/A5019946709,15,8
https://openalex.org/A5021789878,15,8
https://openalex.org/A5022500379,15,8
https://openalex.org/A5024879161,15,8
https://openalex.org/A5026227210,15,8
https://openalex.org/A5026967592,15,8
https://openalex.org/A5029809608,15,8
https://openalex.org/A5039158419,15,8
https://openalex.org/A5040564747,15,8
https://openalex.org/A5044250030,15,8
https://openalex.org/A5045031910,15,8
https://openalex.org/A5046454604,15,8
https://openalex.org/A5047843932,15,8
https://openalex.org/A5059859009,15,8
https://openalex.org/A5063151917,15,8
https://openalex.org/A5066873932,15,8
https://openalex.org/A5076852435,15,8
https://openalex.org/A5078893115,15,8
https://openalex.org/A5082450455,15,8
https://openalex.org/A5082767919,15,8
https://openalex.org/A5089575055,15,8
https://openalex.org/A5100359839,15,8
https://openalex.org/A5100608515,15,8
https://openalex.org/A5100659915,15,8
https://openalex.org/A5100782898,15,8
https://openalex.org/A5100843472,15,8
https://openalex.org/A5101105239,15,8
https://openalex.org/A5101554423,15,8
https://openalex.org/A5101949890,15,8
https://openalex.org/A5101973422,15,8
https://openalex.org/A5113085388,15,8
https://openalex.org/A5000725688,15,7
https://openalex.org/A5004047792,15,7
https://openalex.org/A5007803354,15,7
https://openalex.org/A5012730104,15,7
https://openalex.org/A5016113002,15,7
https://openalex.org/A5017860043,15,7
https://openalex.org/A5019081674,15,7
https://openalex.org/A5028476919,15,7
https://openalex.org/A5035867340,15,7
https://openalex.org/A5037790283,15,7
https://openalex.org/A5053381843,15,7
https://openalex.org/A5054590402,15,7
https://openalex.org/A5055023881,15,7
https://openalex.org/A5055592482,15,7
https://openalex.org/A5056785441,15,7
https://openalex.org/A5057083232,15,7
https://openalex.org/A5060347694,15,7
https://openalex.org/A5061256224,15,7
https://openalex.org/A5066376294,15,7
https://openalex.org/A5068377890,15,7
https://openalex.org/A5070619747,15,7
https://openalex.org/A5075834790,15,7
https://openalex.org/A5076548181,15,7
https://openalex.org/A5078278146,15,7
https://openalex.org/A5078817661,15,7
https://openalex.org/A5085101123,15,7
https://openalex.org/A5090037466,15,7
https://openalex.org/A5100425452,15,7
https://openalex.org/A5100727331,15,7
https://openalex.org/A5101881857,15,7
https://openalex.org/A5101989491,15,7
https://openalex.org/A5102930940,15,7
https://openalex.org/A5107657775,15,7
https://openalex.org/A5108266978,15,7
https://openalex.org/A5112237032,15,7
https://openalex.org/A5112542984,15,7
https://openalex.org/A5112977814,15,7
https://openalex.org/A5113813635,15,7
https://openalex.org/A5007521376,15,6
https://openalex.org/A5012344099,15,6
https://openalex.org/A5012470628,15,6
https://openalex.org/A5017490568,15,6
https://openalex.org/A5020785659,15,6
https://openalex.org/A5022671092,15,6
https://openalex.org/A5024495536,15,6
https://openalex.org/A5024746221,15,6
https://openalex.org/A5026169107,15,6
https://openalex.org/A5033684482,15,6
https://openalex.org/A5034257647,15,6
https://openalex.org/A5034284314,15,6
https://openalex.org/A5034624275,15,6
https://openalex.org/A5035040850,15,6
https://openalex.org/A5035142405,15,6
https://openalex.org/A5035958267,15,6
https://openalex.org/A5035974861,15,6
https://openalex.org/A5039148315,15,6
https://openalex.org/A5040800839,15,6
https://openalex.org/A5045088356,15,6
https://openalex.org/A5045156473,15,6
https://openalex.org/A5045316225,15,6
https://openalex.org/A5046682689,15,6
https://openalex.org/A5049124089,15,6
https://openalex.org/A5049948514,15,6
https://openalex.org/A5051161227,15,6
https://openalex.org/A5059465416,15,6
https://openalex.org/A5060717781,15,6
https://openalex.org/A5065865972,15,6
https://openalex.org/A5066134932,15,6
https://openalex.org/A5066847430,15,6
https://openalex.org/A5069625710,15,6
https://openalex.org/A5079952846,15,6
https://openalex.org/A5083185771,15,6
https://openalex.org/A5085362675,15,6
https://openalex.org/A5085570615,15,6
https://openalex.org/A5086192753,15,6
https://openalex.org/A5086411093,15,6
https://openalex.org/A5086675026,15,6
https://openalex.org/A5086962305,15,6
https://openalex.org/A5087013085,15,6
https://openalex.org/A5087454958,15,6
https://openalex.org/A5088839810,15,6
https://openalex.org/A5094018608,15,6
https://openalex.org/A5100376348,15,6
https://openalex.org/A5100687845,15,6
https://openalex.org/A5101230845,15,6
https://openalex.org/A5101561897,15,6
https://openalex.org/A5104051762,15,6
https://openalex.org/A5107568560,15,6
https://openalex.org/A5108202364,15,6
https://openalex.org/A5108777053,15,6
https://openalex.org/A5113699157,15,6
https://openalex.org/A5113775732,15,6
https://openalex.org/A5000508033,15,5
https://openalex.org/A5001205723,15,5
https://openalex.org/A5002288369,15,5
https://openalex.org/A5003895851,15,5
https://openalex.org/A5004059124,15,5
https://openalex.org/A5004921249,15,5
https://openalex.org/A5004970789,15,5
https://openalex.org/A5007903277,15,5
https://openalex.org/A5008577423,15,5
https://openalex.org/A5009625151,15,5
https://openalex.org/A5011785735,15,5
https://openalex.org/A5011791808,15,5
https://openalex.org/A5015346458,15,5
https://openalex.org/A5015566443,15,5
https://openalex.org/A5017761829,15,5
https://openalex.org/A5019725977,15,5
https://openalex.org/A5020881468,15,5
https://openalex.org/A5020887623,15,5
https://openalex.org/A5025155925,15,5
https://openalex.org/A5028284958,15,5
https://openalex.org/A5029252194,15,5
https://openalex.org/A5030468199,15,5
https://openalex.org/A5030546839,15,5
https://openalex.org/A5031545717,15,5
https://openalex.org/A5032082399,15,5
https://openalex.org/A5035752789,15,5
https://openalex.org/A5041631143,15,5
https://openalex.org/A5044875578,15,5
https://openalex.org/A5045077843,15,5
https://openalex.org/A5045729519,15,5
https://openalex.org/A5048216582,15,5
https://openalex.org/A5050311558,15,5
https://openalex.org/A5052408504,15,5
https://openalex.org/A5059415539,15,5
https://openalex.org/A5060426024,15,5
https://openalex.org/A5065321401,15,5
https://openalex.org/A5065366021,15,5
https://openalex.org/A5071925869,15,5
https://openalex.org/A5072753988,15,5
https://openalex.org/A5072877957,15,5
https://openalex.org/A5076846819,15,5
https://openalex.org/A5076924886,15,5
https://openalex.org/A5078338025,15,5
https://openalex.org/A5083184681,15,5
https://openalex.org/A5083524596,15,5
https://openalex.org/A5084195779,15,5
https://openalex.org/A5085287152,15,5
https://openalex.org/A5085634481,15,5
https://openalex.org/A5087104756,15,5
https://openalex.org/A5087628417,15,5
https://openalex.org/A5090149660,15,5
https://openalex.org/A5090701958,15,5
https://openalex.org/A5091060035,15,5
https://openalex.org/A5091869105,15,5
https://openalex.org/A5100659382,15,5
https://openalex.org/A5101455544,15,5
https://openalex.org/A5101519226,15,5
https://openalex.org/A5102016303,15,5
https://openalex.org/A5102727943,15,5
https://openalex.org/A5110564361,15,5
https://openalex.org/A5112759123,15,5
https://openalex.org/A5113922728,15,5
https://openalex.org/A5001421193,15,4
https://openalex.org/A5001423147,15,4
https://openalex.org/A5002262440,15,4
https://openalex.org/A5003637850,15,4
https://openalex.org/A5011118385,15,4
https://openalex.org/A5013793053,15,4
https://openalex.org/A5014035752,15,4
https://openalex.org/A5023802054,15,4
https://openalex.org/A5025747145,15,4
https://openalex.org/A5027254612,15,4
https://openalex.org/A5029637639,15,4
https://openalex.org/A5030753656,15,4
https://openalex.org/A5034181783,15,4
https://openalex.org/A5035914396,15,4
https://openalex.org/A5037054163,15,4
https://openalex.org/A5038386528,15,4
https://openalex.org/A5042805801,15,4
https://openalex.org/A5043567153,15,4
https://openalex.org/A5044301434,15,4
https://openalex.org/A5046118655,15,4
https://openalex.org/A5047013318,15,4
https://openalex.org/A5050832932,15,4
https://openalex.org/A5052311554,15,4
https://openalex.org/A5052627610,15,4
https://openalex.org/A5053822814,15,4
https://openalex.org/A5060923104,15,4
https://openalex.org/A5060931546,15,4
https://openalex.org/A5066720336,15,4
https://openalex.org/A5071234918,15,4
https://openalex.org/A5074890965,15,4
https://openalex.org/A5075719776,15,4
https://openalex.org/A5076544613,15,4
https://openalex.org/A5081625117,15,4
https://openalex.org/A5085737296,15,4
https://openalex.org/A5086456267,15,4
https://openalex.org/A5088410008,15,4
https://openalex.org/A5091112545,15,4
https://openalex.org/A5100398677,15,4
https://openalex.org/A5101823158,15,4
https://openalex.org/A5101989589,15,4
https://openalex.org/A5106668475,15,4
https://openalex.org/A5106821597,15,4
https://openalex.org/A5112315093,15,4
https://openalex.org/A5000188096,15,3
https://openalex.org/A5002296599,15,3
https://openalex.org/A5003473641,15,3
https://openalex.org/A5006663881,15,3
https://openalex.org/A5013663289,15,3
https://openalex.org/A5018467280,15,3
https://openalex.org/A5018718606,15,3
https://openalex.org/A5018805044,15,3
https://openalex.org/A5020258556,15,3
https://openalex.org/A5020885720,15,3
https://openalex.org/A5021529600,15,3
https://openalex.org/A5024842018,15,3
https://openalex.org/A5025887224,15,3
https://openalex.org/A5038665001,15,3
https://openalex.org/A5039166924,15,3
https://openalex.org/A5041024491,15,3
https://openalex.org/A5050718476,15,3
https://openalex.org/A5061633582,15,3
https://openalex.org/A5062165986,15,3
https://openalex.org/A5065912572,15,3
https://openalex.org/A5074764224,15,3
https://openalex.org/A5079821742,15,3
https://openalex.org/A5081635691,15,3
https://openalex.org/A5084685031,15,3
https://openalex.org/A5091102153,15,3
https://openalex.org/A5100350532,15,3
https://openalex.org/A5100607794,15,3
https://openalex.org/A5100775952,15,3
https://openalex.org/A5101519083,15,3
https://openalex.org/A5102004945,15,3
https://openalex.org/A5103568128,15,3
https://openalex.org/A5108690891,15,3
https://openalex.org/A5109059955,15,3
https://openalex.org/A5002364120,15,2
https://openalex.org/A5002428796,15,2
https://openalex.org/A5003465314,15,2
https://openalex.org/A5013200803,15,2
https://openalex.org/A5017817734,15,2
https://openalex.org/A5018367168,15,2
https://openalex.org/A5026809679,15,2
https://openalex.org/A5035538068,15,2
https://openalex.org/A5036790226,15,2
https://openalex.org/A5038315768,15,2
https://openalex.org/A5038581447,15,2
https://openalex.org/A5039860554,15,2
https://openalex.org/A5041906762,15,2
https://openalex.org/A5057693146,15,2
https://openalex.org/A5058230090,15,2
https://openalex.org/A5065695802,15,2
https://openalex.org/A5067156068,15,2
https://openalex.org/A5068811427,15,2
https://openalex.org/A5070145410,15,2
https://openalex.org/A5077304103,15,2
https://openalex.org/A5078530959,15,2
https://openalex.org/A5081354576,15,2
https://openalex.org/A5082491596,15,2
https://openalex.org/A5091175785,15,2
https://openalex.org/A5100382950,15,2
https://openalex.org/A5100425448,15,2
https://openalex.org/A5100425725,15,2
https://openalex.org/A5100648498,15,2
https://openalex.org/A5102123110,15,2
https://openalex.org/A5103230346,15,2
https://openalex.org/A5103982993,15,2
https://openalex.org/A5108542460,15,2
https://openalex.org/A5111494550,15,2
https://openalex.org/A5114029578,15,2
https://openalex.org/A5039152133,15,1
https://openalex.org/A5044603466,15,1
https://openalex.org/A5048775153,15,1
https://openalex.org/A5049920688,15,1
https://openalex.org/A5078971564,15,1
https://openalex.org/A5101719317,15,1
https://openalex.org/A5109717160,15,1
https://openalex.org/A5072046918,16,68
https://openalex.org/A5033771984,16,60
https://openalex.org/A5044652655,16,57
https://openalex.org/A5064437896,16,47
https://openalex.org/A5032538899,16,42
https://openalex.org/A5037708423,16,38
https://openalex.org/A5055203249,16,33
https://openalex.org/A5024663213,16,31
https://openalex.org/A5076235905,16,31
https://openalex.org/A5078039217,16,29
https://openalex.org/A5040553648,16,23
https://openalex.org/A5052195406,16,21
https://openalex.org/A5025029489,16,20
https://openalex.org/A5077630021,16,20
https://openalex.org/A5022353920,16,19
https://openalex.org/A5005694063,16,18
https://openalex.org/A5014931127,16,18
https://openalex.org/A5018300444,16,18
https://openalex.org/A5025502494,16,18
https://openalex.org/A5023229681,16,14
https://openalex.org/A5066329166,16,14
https://openalex.org/A5069884896,16,14
https://openalex.org/A5070913945,16,14
https://openalex.org/A5086655976,16,14
https://openalex.org/A5010601798,16,13
https://openalex.org/A5058038900,16,13
https://openalex.org/A5061935602,16,12
https://openalex.org/A5072930140,16,12
https://openalex.org/A5074826112,16,12
https://openalex.org/A5007885685,16,11
https://openalex.org/A5011499718,16,11
https://openalex.org/A5013542557,16,11
https://openalex.org/A5025945757,16,11
https://openalex.org/A5081839926,16,11
https://openalex.org/A5112342998,16,11
https://openalex.org/A5006534173,16,10
https://openalex.org/A5008630281,16,10
https://openalex.org/A5010913808,16,10
https://openalex.org/A5012676548,16,10
https://openalex.org/A5015770363,16,10
https://openalex.org/A5029605074,16,10
https://openalex.org/A5064053881,16,10
https://openalex.org/A5090090567,16,10
https://openalex.org/A5004550829,16,9
https://openalex.org/A5013072551,16,9
https://openalex.org/A5015458200,16,9
https://openalex.org/A5030807434,16,9
https://openalex.org/A5040666037,16,9
https://openalex.org/A5048426254,16,9
https://openalex.org/A5066850067,16,9
https://openalex.org/A5103061001,16,9
https://openalex.org/A5006986289,16,8
https://openalex.org/A5009674009,16,8
https://openalex.org/A5033227248,16,8
https://openalex.org/A5033336255,16,8
https://openalex.org/A5037048423,16,8
https://openalex.org/A5048165961,16,8
https://openalex.org/A5054890347,16,8
https://openalex.org/A5065307054,16,8
https://openalex.org/A5072261480,16,8
https://openalex.org/A5076786881,16,8
https://openalex.org/A5077178634,16,8
https://openalex.org/A5077490518,16,8
https://openalex.org/A5087304346,16,8
https://openalex.org/A5004489992,16,7
https://openalex.org/A5006264215,16,7
https://openalex.org/A5008178092,16,7
https://openalex.org/A5010873235,16,7
https://openalex.org/A5014666782,16,7
https://openalex.org/A5025372077,16,7
https://openalex.org/A5035901797,16,7
https://openalex.org/A5038432636,16,7
https://openalex.org/A5050477935,16,7
https://openalex.org/A5053964476,16,7
https://openalex.org/A5060926394,16,7
https://openalex.org/A5062168541,16,7
https://openalex.org/A5064910024,16,7
https://openalex.org/A5068651250,16,7
https://openalex.org/A5073517348,16,7
https://openalex.org/A5079643273,16,7
https://openalex.org/A5086439160,16,7
https://openalex.org/A5087900468,16,7
https://openalex.org/A5102003075,16,7
https://openalex.org/A5001927089,16,6
https://openalex.org/A5002195215,16,6
https://openalex.org/A5005410642,16,6
https://openalex.org/A5007160163,16,6
https://openalex.org/A5009939188,16,6
https://openalex.org/A5010883283,16,6
https://openalex.org/A5012465973,16,6
https://openalex.org/A5013485569,16,6
https://openalex.org/A5015471711,16,6
https://openalex.org/A5015864229,16,6
https://openalex.org/A5016292904,16,6
https://openalex.org/A5019904524,16,6
https://openalex.org/A5019989944,16,6
https://openalex.org/A5020552168,16,6
https://openalex.org/A5021527359,16,6
https://openalex.org/A5021914492,16,6
https://openalex.org/A5022179384,16,6
https://openalex.org/A5022362463,16,6
https://openalex.org/A5023662949,16,6
https://openalex.org/A5026924779,16,6
https://openalex.org/A5027163845,16,6
https://openalex.org/A5028843362,16,6
https://openalex.org/A5035746903,16,6
https://openalex.org/A5036664039,16,6
https://openalex.org/A5036944959,16,6
https://openalex.org/A5038183818,16,6
https://openalex.org/A5039484875,16,6
https://openalex.org/A5045701523,16,6
https://openalex.org/A5047556150,16,6
https://openalex.org/A5052649262,16,6
https://openalex.org/A5055444532,16,6
https://openalex.org/A5055838836,16,6
https://openalex.org/A5057165546,16,6
https://openalex.org/A5057729251,16,6
https://openalex.org/A5060519154,16,6
https://openalex.org/A5061330788,16,6
https://openalex.org/A5062548654,16,6
https://openalex.org/A5066883909,16,6
https://openalex.org/A5067055967,16,6
https://openalex.org/A5067134501,16,6
https://openalex.org/A5067437521,16,6
https://openalex.org/A5067943980,16,6
https://openalex.org/A5069292100,16,6
https://openalex.org/A5072646992,16,6
https://openalex.org/A5074661306,16,6
https://openalex.org/A5075325907,16,6
https://openalex.org/A5076464311,16,6
https://openalex.org/A5079366194,16,6
https://openalex.org/A5079964819,16,6
https://openalex.org/A5080107395,16,6
https://openalex.org/A5080376553,16,6
https://openalex.org/A5080599696,16,6
https://openalex.org/A5081529594,16,6
https://openalex.org/A5081641856,16,6
https://openalex.org/A5083685278,16,6
https://openalex.org/A5084686808,16,6
https://openalex.org/A5085245896,16,6
https://openalex.org/A5088299520,16,6
https://openalex.org/A5088498363,16,6
https://openalex.org/A5088888270,16,6
https://openalex.org/A5089330955,16,6
https://openalex.org/A5092507251,16,6
https://openalex.org/A5100333916,16,6
https://openalex.org/A5103140610,16,6
https://openalex.org/A5103836157,16,6
https://openalex.org/A5103854496,16,6
https://openalex.org/A5109226126,16,6
https://openalex.org/A5111452036,16,6
https://openalex.org/A5000096333,16,5
https://openalex.org/A5002554721,16,5
https://openalex.org/A5006666166,16,5
https://openalex.org/A5017357969,16,5
https://openalex.org/A5022645982,16,5
https://openalex.org/A5023335715,16,5
https://openalex.org/A5023371191,16,5
https://openalex.org/A5025201374,16,5
https://openalex.org/A5025594376,16,5
https://openalex.org/A5026357117,16,5
https://openalex.org/A5026985652,16,5
https://openalex.org/A5028060479,16,5
https://openalex.org/A5034231342,16,5
https://openalex.org/A5035307290,16,5
https://openalex.org/A5036647651,16,5
https://openalex.org/A5036739924,16,5
https://openalex.org/A5037848976,16,5
https://openalex.org/A5040630504,16,5
https://openalex.org/A5041912661,16,5
https://openalex.org/A5042179857,16,5
https://openalex.org/A5044421492,16,5
https://openalex.org/A5046649453,16,5
https://openalex.org/A5051370302,16,5
https://openalex.org/A5051836354,16,5
https://openalex.org/A5052256865,16,5
https://openalex.org/A5052390500,16,5
https://openalex.org/A5053217291,16,5
https://openalex.org/A5055040471,16,5
https://openalex.org/A5055659007,16,5
https://openalex.org/A5057760823,16,5
https://openalex.org/A5058797533,16,5
https://openalex.org/A5058817386,16,5
https://openalex.org/A5060922161,16,5
https://openalex.org/A5061224153,16,5
https://openalex.org/A5061282606,16,5
https://openalex.org/A5064065735,16,5
https://openalex.org/A5065368839,16,5
https://openalex.org/A5067349909,16,5
https://openalex.org/A5072870150,16,5
https://openalex.org/A5073886734,16,5
https://openalex.org/A5076116208,16,5
https://openalex.org/A5076754883,16,5
https://openalex.org/A5077663332,16,5
https://openalex.org/A5089888658,16,5
https://openalex.org/A5091244241,16,5
https://openalex.org/A5091324572,16,5
https://openalex.org/A5092142578,16,5
https://openalex.org/A5100352263,16,5
https://openalex.org/A5100352330,16,5
https://openalex.org/A5104357062,16,5
https://openalex.org/A5001546632,16,4
https://openalex.org/A5008148499,16,4
https://openalex.org/A5009480394,16,4
https://openalex.org/A5013563265,16,4
https://openalex.org/A5016609191,16,4
https://openalex.org/A5018048484,16,4
https://openalex.org/A5018430213,16,4
https://openalex.org/A5019064241,16,4
https://openalex.org/A5020636475,16,4
https://openalex.org/A5020918654,16,4
https://openalex.org/A5021506624,16,4
https://openalex.org/A5022205703,16,4
https://openalex.org/A5028746639,16,4
https://openalex.org/A5029529751,16,4
https://openalex.org/A5029769161,16,4
https://openalex.org/A5030217667,16,4
https://openalex.org/A5033847936,16,4
https://openalex.org/A5034270202,16,4
https://openalex.org/A5036236584,16,4
https://openalex.org/A5037113997,16,4
https://openalex.org/A5037955176,16,4
https://openalex.org/A5040386086,16,4
https://openalex.org/A5041209516,16,4
https://openalex.org/A5042049771,16,4
https://openalex.org/A5042208432,16,4
https://openalex.org/A5044448103,16,4
https://openalex.org/A5046305380,16,4
https://openalex.org/A5047056582,16,4
https://openalex.org/A5049752109,16,4
https://openalex.org/A5050021092,16,4
https://openalex.org/A5050102541,16,4
https://openalex.org/A5051425257,16,4
https://openalex.org/A5053015700,16,4
https://openalex.org/A5053559282,16,4
https://openalex.org/A5054264386,16,4
https://openalex.org/A5054719879,16,4
https://openalex.org/A5055160277,16,4
https://openalex.org/A5055177522,16,4
https://openalex.org/A5057686337,16,4
https://openalex.org/A5062885156,16,4
https://openalex.org/A5065867207,16,4
https://openalex.org/A5071871794,16,4
https://openalex.org/A5073594490,16,4
https://openalex.org/A5077775094,16,4
https://openalex.org/A5077943819,16,4
https://openalex.org/A5081209856,16,4
https://openalex.org/A5082946336,16,4
https://openalex.org/A5085545989,16,4
https://openalex.org/A5085595278,16,4
https://openalex.org/A5090795640,16,4
https://openalex.org/A5093346420,16,4
https://openalex.org/A5100418144,16,4
https://openalex.org/A5101414318,16,4
https://openalex.org/A5102842347,16,4
https://openalex.org/A5113095751,16,4
https://openalex.org/A5001030322,16,3
https://openalex.org/A5006469364,16,3
https://openalex.org/A5008750243,16,3
https://openalex.org/A5012146017,16,3
https://openalex.org/A5012749606,16,3
https://openalex.org/A5013000439,16,3
https://openalex.org/A5015311126,16,3
https://openalex.org/A5016766075,16,3
https://openalex.org/A5019084743,16,3
https://openalex.org/A5022049038,16,3
https://openalex.org/A5023034625,16,3
https://openalex.org/A5024913120,16,3
https://openalex.org/A5027736166,16,3
https://openalex.org/A5028717824,16,3
https://openalex.org/A5029187649,16,3
https://openalex.org/A5029199963,16,3
https://openalex.org/A5034864096,16,3
https://openalex.org/A5035007249,16,3
https://openalex.org/A5036651204,16,3
https://openalex.org/A5041492481,16,3
https://openalex.org/A5043881096,16,3
https://openalex.org/A5044984659,16,3
https://openalex.org/A5045312320,16,3
https://openalex.org/A5045486442,16,3
https://openalex.org/A5045803551,16,3
https://openalex.org/A5048574875,16,3
https://openalex.org/A5049017079,16,3
https://openalex.org/A5049570488,16,3
https://openalex.org/A5049639750,16,3
https://openalex.org/A5050918996,16,3
https://openalex.org/A5053962679,16,3
https://openalex.org/A5054652558,16,3
https://openalex.org/A5056015267,16,3
https://openalex.org/A5061969152,16,3
https://openalex.org/A5063005449,16,3
https://openalex.org/A5063555906,16,3
https://openalex.org/A5063896849,16,3
https://openalex.org/A5066755498,16,3
https://openalex.org/A5068626480,16,3
https://openalex.org/A5069989076,16,3
https://openalex.org/A5070783596,16,3
https://openalex.org/A5073630399,16,3
https://openalex.org/A5074538126,16,3
https://openalex.org/A5081802970,16,3
https://openalex.org/A5082033256,16,3
https://openalex.org/A5082408253,16,3
https://openalex.org/A5083167408,16,3
https://openalex.org/A5083370450,16,3
https://openalex.org/A5084209458,16,3
https://openalex.org/A5085667441,16,3
https://openalex.org/A5085695709,16,3
https://openalex.org/A5086855077,16,3
https://openalex.org/A5087337622,16,3
https://openalex.org/A5089015288,16,3
https://openalex.org/A5090435215,16,3
https://openalex.org/A5091432624,16,3
https://openalex.org/A5091776941,16,3
https://openalex.org/A5092002730,16,3
https://openalex.org/A5100779200,16,3
https://openalex.org/A5101376359,16,3
https://openalex.org/A5101908206,16,3
https://openalex.org/A5103582770,16,3
https://openalex.org/A5109289580,16,3
https://openalex.org/A5111921615,16,3
https://openalex.org/A5113454191,16,3
https://openalex.org/A5010602246,16,2
https://openalex.org/A5011170714,16,2
https://openalex.org/A5011682322,16,2
https://openalex.org/A5013048286,16,2
https://openalex.org/A5020119183,16,2
https://openalex.org/A5022050902,16,2
https://openalex.org/A5031016818,16,2
https://openalex.org/A5036824717,16,2
https://openalex.org/A5040732687,16,2
https://openalex.org/A5042734519,16,2
https://openalex.org/A5043329298,16,2
https://openalex.org/A5044356213,16,2
https://openalex.org/A5044375211,16,2
https://openalex.org/A5045751654,16,2
https://openalex.org/A5046355927,16,2
https://openalex.org/A5048550938,16,2
https://openalex.org/A5050365567,16,2
https://openalex.org/A5055805230,16,2
https://openalex.org/A5056371148,16,2
https://openalex.org/A5060273715,16,2
https://openalex.org/A5062826665,16,2
https://openalex.org/A5063864326,16,2
https://openalex.org/A5067238306,16,2
https://openalex.org/A5067286136,16,2
https://openalex.org/A5067991374,16,2
https://openalex.org/A5074671304,16,2
https://openalex.org/A5077079487,16,2
https://openalex.org/A5078834181,16,2
https://openalex.org/A5079383725,16,2
https://openalex.org/A5080464517,16,2
https://openalex.org/A5085991451,16,2
https://openalex.org/A5086289154,16,2
https://openalex.org/A5090885202,16,2
https://openalex.org/A5091620740,16,2
https://openalex.org/A5100319311,16,2
https://openalex.org/A5103060010,16,2
https://openalex.org/A5108778132,16,2
https://openalex.org/A5108935091,16,2
https://openalex.org/A5113655179,16,2
https://openalex.org/A5001495373,16,1
https://openalex.org/A5005025043,16,1
https://openalex.org/A5005053885,16,1
https://openalex.org/A5014610119,16,1
https://openalex.org/A5047866752,16,1
https://openalex.org/A5052685354,16,1
https://openalex.org/A5060609387,16,1
https://openalex.org/A5072315815,16,1
https://openalex.org/A5075353787,16,1
https://openalex.org/A5079568362,16,1
https://openalex.org/A5083093359,16,1
https://openalex.org/A5103976104,16,1
https://openalex.org/A5104313398,16,1
https://openalex.org/A5108377589,16,1
https://openalex.org/A5112549868,16,1
https://openalex.org/A5008389022,17,156
https://openalex.org/A5073853084,17,88
https://openalex.org/A5091759851,17,78
https://openalex.org/A5025717153,17,48
https://openalex.org/A5008439962,17,45
https://openalex.org/A5055063594,17,28
https://openalex.org/A5077712228,17,24
https://openalex.org/A5055111984,17,23
https://openalex.org/A5076555421,17,22
https://openalex.org/A5081171729,17,22
https://openalex.org/A5054976458,17,21
https://openalex.org/A5054523913,17,20
https://openalex.org/A5055855657,17,20
https://openalex.org/A5034773967,17,18
https://openalex.org/A5010366012,17,17
https://openalex.org/A5065882969,17,17
https://openalex.org/A5091068467,17,17
https://openalex.org/A5029930130,17,16
https://openalex.org/A5040129734,17,16
https://openalex.org/A5041381906,17,16
https://openalex.org/A5012288315,17,15
https://openalex.org/A5035054017,17,15
https://openalex.org/A5040023067,17,15
https://openalex.org/A5055944620,17,15
https://openalex.org/A5017756140,17,14
https://openalex.org/A5032304399,17,14
https://openalex.org/A5034536501,17,14
https://openalex.org/A5044286419,17,14
https://openalex.org/A5075292368,17,13
https://openalex.org/A5084762812,17,13
https://openalex.org/A5013216755,17,12
https://openalex.org/A5024316518,17,12
https://openalex.org/A5031386218,17,12
https://openalex.org/A5034550396,17,12
https://openalex.org/A5061914740,17,12
https://openalex.org/A5085884601,17,12
https://openalex.org/A5011996396,17,11
https://openalex.org/A5017494791,17,11
https://openalex.org/A5021654408,17,11
https://openalex.org/A5060774866,17,11
https://openalex.org/A5086577266,17,11
https://openalex.org/A5086852785,17,11
https://openalex.org/A5102770532,17,11
https://openalex.org/A5008840813,17,10
https://openalex.org/A5009433086,17,10
https://openalex.org/A5016554094,17,10
https://openalex.org/A5021687207,17,10
https://openalex.org/A5024091899,17,10
https://openalex.org/A5039731249,17,10
https://openalex.org/A5044860228,17,10
https://openalex.org/A5053960312,17,10
https://openalex.org/A5060566442,17,10
https://openalex.org/A5069523477,17,10
https://openalex.org/A5072330886,17,10
https://openalex.org/A5072653864,17,10
https://openalex.org/A5073601289,17,10
https://openalex.org/A5086926559,17,10
https://openalex.org/A5012353622,17,9
https://openalex.org/A5042923032,17,9
https://openalex.org/A5049206031,17,9
https://openalex.org/A5060664795,17,9
https://openalex.org/A5072573252,17,9
https://openalex.org/A5079083940,17,9
https://openalex.org/A5004815035,17,8
https://openalex.org/A5006547973,17,8
https://openalex.org/A5010593676,17,8
https://openalex.org/A5015340386,17,8
https://openalex.org/A5018530169,17,8
https://openalex.org/A5025725089,17,8
https://openalex.org/A5031641050,17,8
https://openalex.org/A5036489223,17,8
https://openalex.org/A5041913433,17,8
https://openalex.org/A5046055804,17,8
https://openalex.org/A5048855431,17,8
https://openalex.org/A5051349514,17,8
https://openalex.org/A5051544339,17,8
https://openalex.org/A5059245308,17,8
https://openalex.org/A5060974606,17,8
https://openalex.org/A5065675756,17,8
https://openalex.org/A5066517252,17,8
https://openalex.org/A5068491982,17,8
https://openalex.org/A5069579155,17,8
https://openalex.org/A5073520168,17,8
https://openalex.org/A5076436751,17,8
https://openalex.org/A5077998932,17,8
https://openalex.org/A5078364150,17,8
https://openalex.org/A5078505870,17,8
https://openalex.org/A5078582767,17,8
https://openalex.org/A5080162463,17,8
https://openalex.org/A5080455853,17,8
https://openalex.org/A5085650804,17,8
https://openalex.org/A5091497538,17,8
https://openalex.org/A5103494020,17,8
https://openalex.org/A5111611267,17,8
https://openalex.org/A5113829962,17,8
https://openalex.org/A5000821693,17,7
https://openalex.org/A5001815846,17,7
https://openalex.org/A5005797884,17,7
https://openalex.org/A5012180185,17,7
https://openalex.org/A5012530585,17,7
https://openalex.org/A5014102199,17,7
https://openalex.org/A5017157971,17,7
https://openalex.org/A5017388440,17,7
https://openalex.org/A5025366329,17,7
https://openalex.org/A5027371267,17,7
https://openalex.org/A5029967709,17,7
https://openalex.org/A5032554222,17,7
https://openalex.org/A5040406961,17,7
https://openalex.org/A5044293755,17,7
https://openalex.org/A5047919716,17,7
https://openalex.org/A5051133978,17,7
https://openalex.org/A5071685806,17,7
https://openalex.org/A5072793957,17,7
https://openalex.org/A5074844013,17,7
https://openalex.org/A5075534027,17,7
https://openalex.org/A5080031199,17,7
https://openalex.org/A5080296321,17,7
https://openalex.org/A5083229390,17,7
https://openalex.org/A5086605880,17,7
https://openalex.org/A5087140472,17,7
https://openalex.org/A5090215616,17,7
https://openalex.org/A5090455006,17,7
https://openalex.org/A5102970960,17,7
https://openalex.org/A5107861158,17,7
https://openalex.org/A5108264915,17,7
https://openalex.org/A5108689946,17,7
https://openalex.org/A5110280556,17,7
https://openalex.org/A5111882428,17,7
https://openalex.org/A5001027796,17,6
https://openalex.org/A5002606858,17,6
https://openalex.org/A5003459432,17,6
https://openalex.org/A5004251150,17,6
https://openalex.org/A5004491755,17,6
https://openalex.org/A5008120275,17,6
https://openalex.org/A5008750322,17,6
https://openalex.org/A5012678920,17,6
https://openalex.org/A5013254960,17,6
https://openalex.org/A5014078329,17,6
https://openalex.org/A5014611168,17,6
https://openalex.org/A5022998313,17,6
https://openalex.org/A5024067855,17,6
https://openalex.org/A5028174020,17,6
https://openalex.org/A5030274190,17,6
https://openalex.org/A5035386791,17,6
https://openalex.org/A5037019511,17,6
https://openalex.org/A5038204239,17,6
https://openalex.org/A5039187916,17,6
https://openalex.org/A5040872356,17,6
https://openalex.org/A5041731593,17,6
https://openalex.org/A5042318907,17,6
https://openalex.org/A5042521690,17,6
https://openalex.org/A5043641632,17,6
https://openalex.org/A5045195250,17,6
https://openalex.org/A5045709001,17,6
https://openalex.org/A5048997213,17,6
https://openalex.org/A5049302044,17,6
https://openalex.org/A5052036815,17,6
https://openalex.org/A5053771968,17,6
https://openalex.org/A5058259950,17,6
https://openalex.org/A5058678284,17,6
https://openalex.org/A5059178446,17,6
https://openalex.org/A5059737776,17,6
https://openalex.org/A5060793104,17,6
https://openalex.org/A5063490617,17,6
https://openalex.org/A5063846198,17,6
https://openalex.org/A5065765670,17,6
https://openalex.org/A5066970211,17,6
https://openalex.org/A5067061427,17,6
https://openalex.org/A5067985343,17,6
https://openalex.org/A5072230437,17,6
https://openalex.org/A5073289523,17,6
https://openalex.org/A5073676780,17,6
https://openalex.org/A5074199979,17,6
https://openalex.org/A5076739492,17,6
https://openalex.org/A5077061947,17,6
https://openalex.org/A5077965506,17,6
https://openalex.org/A5078692891,17,6
https://openalex.org/A5080434549,17,6
https://openalex.org/A5083758600,17,6
https://openalex.org/A5084631623,17,6
https://openalex.org/A5085455650,17,6
https://openalex.org/A5089042605,17,6
https://openalex.org/A5089613173,17,6
https://openalex.org/A5091096000,17,6
https://openalex.org/A5092690582,17,6
https://openalex.org/A5103843953,17,6
https://openalex.org/A5108138877,17,6
https://openalex.org/A5109944350,17,6
https://openalex.org/A5110361274,17,6
https://openalex.org/A5111966129,17,6
https://openalex.org/A5002298394,17,5
https://openalex.org/A5006594306,17,5
https://openalex.org/A5009737035,17,5
https://openalex.org/A5010042304,17,5
https://openalex.org/A5012399238,17,5
https://openalex.org/A5013567140,17,5
https://openalex.org/A5016783162,17,5
https://openalex.org/A5017301382,17,5
https://openalex.org/A5019777711,17,5
https://openalex.org/A5021070034,17,5
https://openalex.org/A5021640058,17,5
https://openalex.org/A5022204202,17,5
https://openalex.org/A5022836666,17,5
https://openalex.org/A5025825342,17,5
https://openalex.org/A5026661010,17,5
https://openalex.org/A5028178147,17,5
https://openalex.org/A5028472563,17,5
https://openalex.org/A5028600529,17,5
https://openalex.org/A5029059234,17,5
https://openalex.org/A5034493142,17,5
https://openalex.org/A5035611980,17,5
https://openalex.org/A5036566464,17,5
https://openalex.org/A5039069227,17,5
https://openalex.org/A5042324281,17,5
https://openalex.org/A5044130350,17,5
https://openalex.org/A5044955289,17,5
https://openalex.org/A5045168215,17,5
https://openalex.org/A5045305182,17,5
https://openalex.org/A5048239223,17,5
https://openalex.org/A5053710317,17,5
https://openalex.org/A5053819994,17,5
https://openalex.org/A5056061655,17,5
https://openalex.org/A5057702802,17,5
https://openalex.org/A5058985726,17,5
https://openalex.org/A5060655103,17,5
https://openalex.org/A5061427447,17,5
https://openalex.org/A5063020735,17,5
https://openalex.org/A5064672577,17,5
https://openalex.org/A5075112270,17,5
https://openalex.org/A5079247576,17,5
https://openalex.org/A5082206832,17,5
https://openalex.org/A5086761166,17,5
https://openalex.org/A5087108547,17,5
https://openalex.org/A5089332735,17,5
https://openalex.org/A5090614477,17,5
https://openalex.org/A5090947397,17,5
https://openalex.org/A5090958241,17,5
https://openalex.org/A5091281417,17,5
https://openalex.org/A5100382274,17,5
https://openalex.org/A5101157541,17,5
https://openalex.org/A5110285959,17,5
https://openalex.org/A5110436903,17,5
https://openalex.org/A5112484602,17,5
https://openalex.org/A5000005989,17,4
https://openalex.org/A5002332632,17,4
https://openalex.org/A5002752114,17,4
https://openalex.org/A5007843596,17,4
https://openalex.org/A5009062035,17,4
https://openalex.org/A5010366466,17,4
https://openalex.org/A5010676573,17,4
https://openalex.org/A5012716010,17,4
https://openalex.org/A5017463212,17,4
https://openalex.org/A5018413219,17,4
https://openalex.org/A5019556420,17,4
https://openalex.org/A5020482296,17,4
https://openalex.org/A5022891922,17,4
https://openalex.org/A5023519179,17,4
https://openalex.org/A5030621307,17,4
https://openalex.org/A5032352148,17,4
https://openalex.org/A5032492856,17,4
https://openalex.org/A5040885551,17,4
https://openalex.org/A5041973559,17,4
https://openalex.org/A5043159241,17,4
https://openalex.org/A5047141846,17,4
https://openalex.org/A5049035119,17,4
https://openalex.org/A5049823510,17,4
https://openalex.org/A5052225367,17,4
https://openalex.org/A5053536710,17,4
https://openalex.org/A5056801604,17,4
https://openalex.org/A5058967410,17,4
https://openalex.org/A5060130082,17,4
https://openalex.org/A5060949691,17,4
https://openalex.org/A5062017197,17,4
https://openalex.org/A5064152224,17,4
https://openalex.org/A5066801724,17,4
https://openalex.org/A5067008383,17,4
https://openalex.org/A5074091552,17,4
https://openalex.org/A5075651762,17,4
https://openalex.org/A5076126290,17,4
https://openalex.org/A5077271956,17,4
https://openalex.org/A5078856272,17,4
https://openalex.org/A5080183069,17,4
https://openalex.org/A5082736573,17,4
https://openalex.org/A5083020405,17,4
https://openalex.org/A5086120608,17,4
https://openalex.org/A5090865724,17,4
https://openalex.org/A5097038464,17,4
https://openalex.org/A5097215551,17,4
https://openalex.org/A5101606456,17,4
https://openalex.org/A5109060675,17,4
https://openalex.org/A5109893103,17,4
https://openalex.org/A5110143144,17,4
https://openalex.org/A5006053371,17,3
https://openalex.org/A5007433594,17,3
https://openalex.org/A5011311849,17,3
https://openalex.org/A5011356063,17,3
https://openalex.org/A5014436931,17,3
https://openalex.org/A5014746205,17,3
https://openalex.org/A5015574414,17,3
https://openalex.org/A5016669362,17,3
https://openalex.org/A5016762409,17,3
https://openalex.org/A5019155920,17,3
https://openalex.org/A5020266693,17,3
https://openalex.org/A5020270129,17,3
https://openalex.org/A5026976522,17,3
https://openalex.org/A5027725400,17,3
https://openalex.org/A5028655647,17,3
https://openalex.org/A5030939830,17,3
https://openalex.org/A5032213499,17,3
https://openalex.org/A5033685419,17,3
https://openalex.org/A5034227359,17,3
https://openalex.org/A5035582589,17,3
https://openalex.org/A5036057602,17,3
https://openalex.org/A5038213161,17,3
https://openalex.org/A5043940203,17,3
https://openalex.org/A5048667162,17,3
https://openalex.org/A5050710342,17,3
https://openalex.org/A5052385852,17,3
https://openalex.org/A5053597477,17,3
https://openalex.org/A5057291230,17,3
https://openalex.org/A5058573282,17,3
https://openalex.org/A5061597162,17,3
https://openalex.org/A5067642477,17,3
https://openalex.org/A5069160438,17,3
https://openalex.org/A5079602247,17,3
https://openalex.org/A5080653154,17,3
https://openalex.org/A5082800592,17,3
https://openalex.org/A5086113588,17,3
https://openalex.org/A5087949826,17,3
https://openalex.org/A5089971862,17,3
https://openalex.org/A5090964638,17,3
https://openalex.org/A5102828372,17,3
https://openalex.org/A5111442609,17,3
https://openalex.org/A5111662576,17,3
https://openalex.org/A5114010285,17,3
https://openalex.org/A5006895683,17,2
https://openalex.org/A5024554540,17,2
https://openalex.org/A5025245458,17,2
https://openalex.org/A5025865844,17,2
https://openalex.org/A5033247084,17,2
https://openalex.org/A5034217200,17,2
https://openalex.org/A5040657658,17,2
https://openalex.org/A5047129177,17,2
https://openalex.org/A5055338740,17,2
https://openalex.org/A5074485630,17,2
https://openalex.org/A5075633444,17,2
https://openalex.org/A5077179422,17,2
https://openalex.org/A5082456247,17,2
https://openalex.org/A5085406352,17,2
https://openalex.org/A5085897765,17,2
https://openalex.org/A5086526077,17,2
https://openalex.org/A5090171436,17,2
https://openalex.org/A5102782471,17,2
https://openalex.org/A5002691172,17,1
https://openalex.org/A5006431901,17,1
https://openalex.org/A5048419884,17,1
https://openalex.org/A5082635708,17,1
https://openalex.org/A5086363301,17,1
https://openalex.org/A5030685996,18,61
https://openalex.org/A5055990297,18,53
https://openalex.org/A5018108132,18,45
https://openalex.org/A5079929906,18,42
https://openalex.org/A5087885407,18,42
https://openalex.org/A5081982677,18,40
https://openalex.org/A5032041950,18,28
https://openalex.org/A5061914240,18,23
https://openalex.org/A5040385638,18,22
https://openalex.org/A5084821293,18,22
https://openalex.org/A5015566794,18,20
https://openalex.org/A5041856505,18,20
https://openalex.org/A5060904065,18,20
https://openalex.org/A5061945368,18,20
https://openalex.org/A5037146201,18,19
https://openalex.org/A5000979874,18,17
https://openalex.org/A5070433540,18,17
https://openalex.org/A5069751036,18,16
https://openalex.org/A5005745726,18,15
https://openalex.org/A5074301708,18,14
https://openalex.org/A5036307421,18,10
https://openalex.org/A5044125536,18,10
https://openalex.org/A5050653653,18,10
https://openalex.org/A5002693967,18,9
https://openalex.org/A5013381182,18,9
https://openalex.org/A5032045555,18,9
https://openalex.org/A5046886059,18,9
https://openalex.org/A5065077550,18,9
https://openalex.org/A5065568334,18,9
https://openalex.org/A5070109368,18,9
https://openalex.org/A5004220414,18,8
https://openalex.org/A5013148883,18,8
https://openalex.org/A5023426397,18,8
https://openalex.org/A5023831295,18,8
https://openalex.org/A5038519232,18,8
https://openalex.org/A5044965233,18,8
https://openalex.org/A5045575210,18,8
https://openalex.org/A5046187244,18,8
https://openalex.org/A5050896294,18,8
https://openalex.org/A5051193242,18,8
https://openalex.org/A5059831902,18,8
https://openalex.org/A5060970505,18,8
https://openalex.org/A5061802355,18,8
https://openalex.org/A5063450222,18,8
https://openalex.org/A5068110851,18,8
https://openalex.org/A5072511347,18,8
https://openalex.org/A5076329621,18,8
https://openalex.org/A5084896543,18,8
https://openalex.org/A5086608277,18,8
https://openalex.org/A5087978527,18,8
https://openalex.org/A5102930558,18,8
https://openalex.org/A5102959740,18,8
https://openalex.org/A5019054084,18,7
https://openalex.org/A5024189843,18,7
https://openalex.org/A5025962380,18,7
https://openalex.org/A5025967818,18,7
https://openalex.org/A5029360150,18,7
https://openalex.org/A5035350892,18,7
https://openalex.org/A5044445824,18,7
https://openalex.org/A5045632494,18,7
https://openalex.org/A5046746723,18,7
https://openalex.org/A5048185855,18,7
https://openalex.org/A5056237244,18,7
https://openalex.org/A5075866737,18,7
https://openalex.org/A5077591903,18,7
https://openalex.org/A5079179998,18,7
https://openalex.org/A5081614562,18,7
https://openalex.org/A5087380803,18,7
https://openalex.org/A5091314544,18,7
https://openalex.org/A5091476524,18,7
https://openalex.org/A5107943552,18,7
https://openalex.org/A5112135278,18,7
https://openalex.org/A5000591994,18,6
https://openalex.org/A5001137039,18,6
https://openalex.org/A5008432010,18,6
https://openalex.org/A5009220843,18,6
https://openalex.org/A5009855063,18,6
https://openalex.org/A5012273953,18,6
https://openalex.org/A5024100899,18,6
https://openalex.org/A5030337104,18,6
https://openalex.org/A5034156811,18,6
https://openalex.org/A5040520518,18,6
https://openalex.org/A5042843279,18,6
https://openalex.org/A5052713512,18,6
https://openalex.org/A5057415705,18,6
https://openalex.org/A5062722994,18,6
https://openalex.org/A5064036832,18,6
https://openalex.org/A5068892781,18,6
https://openalex.org/A5071269894,18,6
https://openalex.org/A5077758165,18,6
https://openalex.org/A5078262057,18,6
https://openalex.org/A5080304748,18,6
https://openalex.org/A5082983516,18,6
https://openalex.org/A5113662645,18,6
https://openalex.org/A5000934751,18,5
https://openalex.org/A5002570936,18,5
https://openalex.org/A5003038995,18,5
https://openalex.org/A5007050127,18,5
https://openalex.org/A5007427785,18,5
https://openalex.org/A5008108045,18,5
https://openalex.org/A5015148858,18,5
https://openalex.org/A5017727767,18,5
https://openalex.org/A5026623706,18,5
https://openalex.org/A5028553503,18,5
https://openalex.org/A5032121391,18,5
https://openalex.org/A5037318194,18,5
https://openalex.org/A5037506201,18,5
https://openalex.org/A5038843493,18,5
https://openalex.org/A5041021335,18,5
https://openalex.org/A5042747548,18,5
https://openalex.org/A5044977424,18,5
https://openalex.org/A5045165855,18,5
https://openalex.org/A5046202953,18,5
https://openalex.org/A5047629108,18,5
https://openalex.org/A5055578079,18,5
https://openalex.org/A5055909908,18,5
https://openalex.org/A5057055085,18,5
https://openalex.org/A5059772625,18,5
https://openalex.org/A5062352129,18,5
https://openalex.org/A5063328146,18,5
https://openalex.org/A5067690043,18,5
https://openalex.org/A5069340068,18,5
https://openalex.org/A5071296348,18,5
https://openalex.org/A5071560736,18,5
https://openalex.org/A5078403898,18,5
https://openalex.org/A5080606380,18,5
https://openalex.org/A5081542021,18,5
https://openalex.org/A5084199348,18,5
https://openalex.org/A5085851140,18,5
https://openalex.org/A5089574004,18,5
https://openalex.org/A5100376761,18,5
https://openalex.org/A5102797825,18,5
https://openalex.org/A5102915467,18,5
https://openalex.org/A5108654723,18,5
https://openalex.org/A5000625068,18,4
https://openalex.org/A5001198340,18,4
https://openalex.org/A5001995612,18,4
https://openalex.org/A5002328249,18,4
https://openalex.org/A5004434563,18,4
https://openalex.org/A5005093860,18,4
https://openalex.org/A5005917791,18,4
https://openalex.org/A5006716626,18,4
https://openalex.org/A5009477152,18,4
https://openalex.org/A5011309901,18,4
https://openalex.org/A5011480367,18,4
https://openalex.org/A5012595591,18,4
https://openalex.org/A5013255108,18,4
https://openalex.org/A5015375969,18,4
https://openalex.org/A5016113998,18,4
https://openalex.org/A5019052119,18,4
https://openalex.org/A5021090586,18,4
https://openalex.org/A5022017487,18,4
https://openalex.org/A5022243966,18,4
https://openalex.org/A5023304968,18,4
https://openalex.org/A5024122723,18,4
https://openalex.org/A5027792187,18,4
https://openalex.org/A5029832705,18,4
https://openalex.org/A5030279233,18,4
https://openalex.org/A5032914357,18,4
https://openalex.org/A5033064796,18,4
https://openalex.org/A5033685732,18,4
https://openalex.org/A5034751621,18,4
https://openalex.org/A5037170795,18,4
https://openalex.org/A5042437033,18,4
https://openalex.org/A5042566717,18,4
https://openalex.org/A5044278097,18,4
https://openalex.org/A5044404041,18,4
https://openalex.org/A5044715532,18,4
https://openalex.org/A5046322702,18,4
https://openalex.org/A5046551525,18,4
https://openalex.org/A5047870167,18,4
https://openalex.org/A5050270181,18,4
https://openalex.org/A5052348192,18,4
https://openalex.org/A5052438394,18,4
https://openalex.org/A5052841537,18,4
https://openalex.org/A5055527258,18,4
https://openalex.org/A5056545859,18,4
https://openalex.org/A5056557463,18,4
https://openalex.org/A5057227631,18,4
https://openalex.org/A5057602880,18,4
https://openalex.org/A5061829152,18,4
https://openalex.org/A5061962436,18,4
https://openalex.org/A5062479191,18,4
https://openalex.org/A5063319935,18,4
https://openalex.org/A5063983894,18,4
https://openalex.org/A5065837975,18,4
https://openalex.org/A5070554674,18,4
https://openalex.org/A5070711999,18,4
https://openalex.org/A5070802837,18,4
https://openalex.org/A5076803284,18,4
https://openalex.org/A5080137491,18,4
https://openalex.org/A5080560235,18,4
https://openalex.org/A5084074695,18,4
https://openalex.org/A5085525465,18,4
https://openalex.org/A5085776816,18,4
https://openalex.org/A5086720301,18,4
https://openalex.org/A5090160801,18,4
https://openalex.org/A5090733079,18,4
https://openalex.org/A5091322523,18,4
https://openalex.org/A5101546344,18,4
https://openalex.org/A5106699385,18,4
https://openalex.org/A5111694690,18,4
https://openalex.org/A5001931279,18,3
https://openalex.org/A5004908738,18,3
https://openalex.org/A5006101444,18,3
https://openalex.org/A5009442809,18,3
https://openalex.org/A5010455304,18,3
https://openalex.org/A5013965040,18,3
https://openalex.org/A5015041288,18,3
https://openalex.org/A5015085612,18,3
https://openalex.org/A5017949214,18,3
https://openalex.org/A5019299380,18,3
https://openalex.org/A5023538758,18,3
https://openalex.org/A5024237389,18,3
https://openalex.org/A5024468323,18,3
https://openalex.org/A5026122976,18,3
https://openalex.org/A5027169997,18,3
https://openalex.org/A5027197967,18,3
https://openalex.org/A5027461314,18,3
https://openalex.org/A5028120183,18,3
https://openalex.org/A5033272403,18,3
https://openalex.org/A5034207239,18,3
https://openalex.org/A5036923077,18,3
https://openalex.org/A5037069958,18,3
https://openalex.org/A5039131111,18,3
https://openalex.org/A5040996223,18,3
https://openalex.org/A5043441302,18,3
https://openalex.org/A5043481987,18,3
https://openalex.org/A5045871594,18,3
https://openalex.org/A5048074496,18,3
https://openalex.org/A5055540413,18,3
https://openalex.org/A5057226228,18,3
https://openalex.org/A5057350038,18,3
https://openalex.org/A5061689237,18,3
https://openalex.org/A5065148077,18,3
https://openalex.org/A5066320010,18,3
https://openalex.org/A5067821004,18,3
https://openalex.org/A5068013966,18,3
https://openalex.org/A5070227572,18,3
https://openalex.org/A5071338269,18,3
https://openalex.org/A5072177695,18,3
https://openalex.org/A5072692556,18,3
https://openalex.org/A5072826092,18,3
https://openalex.org/A5080386746,18,3
https://openalex.org/A5081492901,18,3
https://openalex.org/A5081891117,18,3
https://openalex.org/A5083830008,18,3
https://openalex.org/A5085163690,18,3
https://openalex.org/A5085173493,18,3
https://openalex.org/A5091477617,18,3
https://openalex.org/A5102953495,18,3
https://openalex.org/A5110252564,18,3
https://openalex.org/A5110264866,18,3
https://openalex.org/A5110565253,18,3
https://openalex.org/A5110586816,18,3
https://openalex.org/A5000415140,18,2
https://openalex.org/A5001458437,18,2
https://openalex.org/A5002319407,18,2
https://openalex.org/A5003791181,18,2
https://openalex.org/A5004798560,18,2
https://openalex.org/A5006784703,18,2
https://openalex.org/A5007059202,18,2
https://openalex.org/A5007760114,18,2
https://openalex.org/A5007912643,18,2
https://openalex.org/A5011964538,18,2
https://openalex.org/A5013933082,18,2
https://openalex.org/A5017094062,18,2
https://openalex.org/A5018160415,18,2
https://openalex.org/A5022452963,18,2
https://openalex.org/A5025186963,18,2
https://openalex.org/A5026337596,18,2
https://openalex.org/A5028456228,18,2
https://openalex.org/A5028673694,18,2
https://openalex.org/A5028732829,18,2
https://openalex.org/A5030842134,18,2
https://openalex.org/A5033311124,18,2
https://openalex.org/A5036161976,18,2
https://openalex.org/A5037315957,18,2
https://openalex.org/A5037847519,18,2
https://openalex.org/A5038425122,18,2
https://openalex.org/A5040021245,18,2
https://openalex.org/A5040455173,18,2
https://openalex.org/A5041265029,18,2
https://openalex.org/A5041558515,18,2
https://openalex.org/A5043392016,18,2
https://openalex.org/A5045640044,18,2
https://openalex.org/A5049804099,18,2
https://openalex.org/A5049970028,18,2
https://openalex.org/A5050843383,18,2
https://openalex.org/A5052699626,18,2
https://openalex.org/A5055013655,18,2
https://openalex.org/A5055187249,18,2
https://openalex.org/A5057912649,18,2
https://openalex.org/A5058607781,18,2
https://openalex.org/A5061019981,18,2
https://openalex.org/A5062131803,18,2
https://openalex.org/A5062981201,18,2
https://openalex.org/A5064240073,18,2
https://openalex.org/A5065490876,18,2
https://openalex.org/A5065919650,18,2
https://openalex.org/A5066781342,18,2
https://openalex.org/A5067597632,18,2
https://openalex.org/A5067792459,18,2
https://openalex.org/A5068952945,18,2
https://openalex.org/A5071222277,18,2
https://openalex.org/A5071531577,18,2
https://openalex.org/A5071576677,18,2
https://openalex.org/A5072283975,18,2
https://openalex.org/A5073070015,18,2
https://openalex.org/A5074155573,18,2
https://openalex.org/A5075640200,18,2
https://openalex.org/A5075971606,18,2
https://openalex.org/A5076171532,18,2
https://openalex.org/A5076912481,18,2
https://openalex.org/A5079752137,18,2
https://openalex.org/A5080093407,18,2
https://openalex.org/A5081222009,18,2
https://openalex.org/A5081241202,18,2
https://openalex.org/A5081404129,18,2
https://openalex.org/A5088666050,18,2
https://openalex.org/A5089329406,18,2
https://openalex.org/A5089382696,18,2
https://openalex.org/A5090600182,18,2
https://openalex.org/A5108290599,18,2
https://openalex.org/A5110470198,18,2
https://openalex.org/A5111561069,18,2
https://openalex.org/A5112243664,18,2
https://openalex.org/A5005907348,18,1
https://openalex.org/A5013830230,18,1
https://openalex.org/A5015205818,18,1
https://openalex.org/A5021392940,18,1
https://openalex.org/A5025143744,18,1
https://openalex.org/A5028002527,18,1
https://openalex.org/A5031024092,18,1
https://openalex.org/A5035188307,18,1
https://openalex.org/A5038652598,18,1
https://openalex.org/A5039435334,18,1
https://openalex.org/A5045778144,18,1
https://openalex.org/A5050105351,18,1
https://openalex.org/A5050961647,18,1
https://openalex.org/A5064416353,18,1
https://openalex.org/A5076891153,18,1
https://openalex.org/A5083914559,18,1
https://openalex.org/A5085906703,18,1
https://openalex.org/A5085964768,18,1
https://openalex.org/A5090024968,18,1
https://openalex.org/A5102890544,18,1
https://openalex.org/A5103448355,18,1
https://openalex.org/A5106179794,18,1
https://openalex.org/A5044944954,19,274
https://openalex.org/A5046253607,19,59
https://openalex.org/A5079039372,19,54
https://openalex.org/A5010646067,19,51
https://openalex.org/A5029821479,19,47
https://openalex.org/A5079154791,19,45
https://openalex.org/A5083007909,19,44
https://openalex.org/A5078693030,19,37
https://openalex.org/A5012554861,19,35
https://openalex.org/A5040448723,19,34
https://openalex.org/A5004868515,19,33
https://openalex.org/A5010311977,19,29
https://openalex.org/A5086173474,19,29
https://openalex.org/A5041710385,19,27
https://openalex.org/A5050101991,19,27
https://openalex.org/A5076193392,19,27
https://openalex.org/A5058954591,19,26
https://openalex.org/A5040185719,19,25
https://openalex.org/A5051245888,19,25
https://openalex.org/A5101774276,19,24
https://openalex.org/A5100706822,19,22
https://openalex.org/A5072047827,19,20
https://openalex.org/A5064981523,19,19
https://openalex.org/A5065364149,19,18
https://openalex.org/A5079740027,19,18
https://openalex.org/A5080186393,19,18
https://openalex.org/A5101904251,19,18
https://openalex.org/A5014744641,19,17
https://openalex.org/A5031008982,19,17
https://openalex.org/A5019539940,19,16
https://openalex.org/A5084077919,19,16
https://openalex.org/A5043084615,19,15
https://openalex.org/A5103329247,19,15
https://openalex.org/A5015272156,19,14
https://openalex.org/A5016551394,19,14
https://openalex.org/A5039486115,19,14
https://openalex.org/A5058343329,19,14
https://openalex.org/A5078039434,19,13
https://openalex.org/A5042386213,19,12
https://openalex.org/A5042590162,19,12
https://openalex.org/A5060741187,19,12
https://openalex.org/A5078459283,19,12
https://openalex.org/A5103279630,19,12
https://openalex.org/A5014435955,19,11
https://openalex.org/A5018783452,19,11
https://openalex.org/A5030816915,19,11
https://openalex.org/A5033632230,19,11
https://openalex.org/A5035461185,19,11
https://openalex.org/A5041908055,19,11
https://openalex.org/A5087456892,19,11
https://openalex.org/A5009647937,19,10
https://openalex.org/A5013097792,19,10
https://openalex.org/A5025235140,19,10
https://openalex.org/A5057746925,19,10
https://openalex.org/A5066524105,19,10
https://openalex.org/A5072228421,19,10
https://openalex.org/A5076567873,19,10
https://openalex.org/A5078126526,19,10
https://openalex.org/A5082859239,19,10
https://openalex.org/A5083708332,19,10
https://openalex.org/A5089383748,19,10
https://openalex.org/A5101756071,19,10
https://openalex.org/A5000027643,19,9
https://openalex.org/A5000204548,19,9
https://openalex.org/A5004858670,19,9
https://openalex.org/A5029015389,19,9
https://openalex.org/A5042065248,19,9
https://openalex.org/A5042133242,19,9
https://openalex.org/A5045539382,19,9
https://openalex.org/A5047296614,19,9
https://openalex.org/A5055970007,19,9
https://openalex.org/A5063223563,19,9
https://openalex.org/A5065188738,19,9
https://openalex.org/A5066305082,19,9
https://openalex.org/A5086087170,19,9
https://openalex.org/A5090967945,19,9
https://openalex.org/A5101780067,19,9
https://openalex.org/A5003966744,19,8
https://openalex.org/A5005209337,19,8
https://openalex.org/A5012870565,19,8
https://openalex.org/A5014185626,19,8
https://openalex.org/A5014412201,19,8
https://openalex.org/A5021768388,19,8
https://openalex.org/A5026366340,19,8
https://openalex.org/A5040347024,19,8
https://openalex.org/A5040486560,19,8
https://openalex.org/A5042417097,19,8
https://openalex.org/A5045847972,19,8
https://openalex.org/A5046014908,19,8
https://openalex.org/A5046988414,19,8
https://openalex.org/A5055979670,19,8
https://openalex.org/A5061632541,19,8
https://openalex.org/A5063414759,19,8
https://openalex.org/A5063646735,19,8
https://openalex.org/A5065032490,19,8
https://openalex.org/A5067742823,19,8
https://openalex.org/A5068787473,19,8
https://openalex.org/A5070925654,19,8
https://openalex.org/A5072509901,19,8
https://openalex.org/A5072796055,19,8
https://openalex.org/A5079285128,19,8
https://openalex.org/A5080764714,19,8
https://openalex.org/A5081125275,19,8
https://openalex.org/A5086535574,19,8
https://openalex.org/A5089344162,19,8
https://openalex.org/A5089393243,19,8
https://openalex.org/A5089999052,19,8
https://openalex.org/A5109397435,19,8
https://openalex.org/A5112908559,19,8
https://openalex.org/A5000240820,19,7
https://openalex.org/A5001142907,19,7
https://openalex.org/A5002835195,19,7
https://openalex.org/A5004785994,19,7
https://openalex.org/A5005451810,19,7
https://openalex.org/A5006605951,19,7
https://openalex.org/A5006898580,19,7
https://openalex.org/A5008185560,19,7
https://openalex.org/A5008957561,19,7
https://openalex.org/A5012370449,19,7
https://openalex.org/A5014700126,19,7
https://openalex.org/A5015283954,19,7
https://openalex.org/A5015502381,19,7
https://openalex.org/A5016103355,19,7
https://openalex.org/A5021911432,19,7
https://openalex.org/A5022444561,19,7
https://openalex.org/A5023584875,19,7
https://openalex.org/A5025509036,19,7
https://openalex.org/A5027376496,19,7
https://openalex.org/A5029500924,19,7
https://openalex.org/A5030295784,19,7
https://openalex.org/A5032708536,19,7
https://openalex.org/A5033381741,19,7
https://openalex.org/A5034024734,19,7
https://openalex.org/A5034900256,19,7
https://openalex.org/A5037438800,19,7
https://openalex.org/A5038011895,19,7
https://openalex.org/A5038033576,19,7
https://openalex.org/A5038915889,19,7
https://openalex.org/A5040260864,19,7
https://openalex.org/A5041670828,19,7
https://openalex.org/A5042975250,19,7
https://openalex.org/A5043526096,19,7
https://openalex.org/A5047255704,19,7
https://openalex.org/A5047725733,19,7
https://openalex.org/A5049737475,19,7
https://openalex.org/A5050407610,19,7
https://openalex.org/A5051869077,19,7
https://openalex.org/A5052624250,19,7
https://openalex.org/A5055809060,19,7
https://openalex.org/A5058664952,19,7
https://openalex.org/A5063767807,19,7
https://openalex.org/A5065751582,19,7
https://openalex.org/A5068071853,19,7
https://openalex.org/A5071924787,19,7
https://openalex.org/A5077421153,19,7
https://openalex.org/A5078769396,19,7
https://openalex.org/A5079172173,19,7
https://openalex.org/A5081786355,19,7
https://openalex.org/A5091125875,19,7
https://openalex.org/A5091820260,19,7
https://openalex.org/A5100435131,19,7
https://openalex.org/A5100678842,19,7
https://openalex.org/A5110271950,19,7
https://openalex.org/A5111268212,19,7
https://openalex.org/A5004470483,19,6
https://openalex.org/A5004920788,19,6
https://openalex.org/A5005901640,19,6
https://openalex.org/A5006153934,19,6
https://openalex.org/A5013913002,19,6
https://openalex.org/A5015338409,19,6
https://openalex.org/A5017359123,19,6
https://openalex.org/A5020213036,19,6
https://openalex.org/A5020695896,19,6
https://openalex.org/A5025322559,19,6
https://openalex.org/A5028629356,19,6
https://openalex.org/A5029152198,19,6
https://openalex.org/A5031029497,19,6
https://openalex.org/A5034124542,19,6
https://openalex.org/A5035733614,19,6
https://openalex.org/A5045338876,19,6
https://openalex.org/A5046384071,19,6
https://openalex.org/A5047108669,19,6
https://openalex.org/A5047618628,19,6
https://openalex.org/A5049114928,19,6
https://openalex.org/A5049854864,19,6
https://openalex.org/A5051438718,19,6
https://openalex.org/A5053391308,19,6
https://openalex.org/A5064474779,19,6
https://openalex.org/A5064627173,19,6
https://openalex.org/A5069171976,19,6
https://openalex.org/A5070703957,19,6
https://openalex.org/A5073318005,19,6
https://openalex.org/A5074407236,19,6
https://openalex.org/A5075842264,19,6
https://openalex.org/A5077903780,19,6
https://openalex.org/A5078701589,19,6
https://openalex.org/A5078795152,19,6
https://openalex.org/A5081349908,19,6
https://openalex.org/A5084451114,19,6
https://openalex.org/A5086739784,19,6
https://openalex.org/A5090419459,19,6
https://openalex.org/A5091511008,19,6
https://openalex.org/A5102914624,19,6
https://openalex.org/A5110564416,19,6
https://openalex.org/A5112264696,19,6
https://openalex.org/A5112767220,19,6
https://openalex.org/A5008926869,19,5
https://openalex.org/A5008982310,19,5
https://openalex.org/A5009064022,19,5
https://openalex.org/A5010511810,19,5
https://openalex.org/A5014416329,19,5
https://openalex.org/A5015027433,19,5
https://openalex.org/A5015080798,19,5
https://openalex.org/A5021394368,19,5
https://openalex.org/A5024786269,19,5
https://openalex.org/A5027336500,19,5
https://openalex.org/A5030783380,19,5
https://openalex.org/A5032397947,19,5
https://openalex.org/A5033729094,19,5
https://openalex.org/A5035607839,19,5
https://openalex.org/A5037938359,19,5
https://openalex.org/A5040586608,19,5
https://openalex.org/A5041387594,19,5
https://openalex.org/A5047157013,19,5
https://openalex.org/A5047767921,19,5
https://openalex.org/A5063013992,19,5
https://openalex.org/A5065080833,19,5
https://openalex.org/A5069224142,19,5
https://openalex.org/A5069768247,19,5
https://openalex.org/A5071308512,19,5
https://openalex.org/A5079075748,19,5
https://openalex.org/A5089821858,19,5
https://openalex.org/A5098060214,19,5
https://openalex.org/A5100403129,19,5
https://openalex.org/A5100443413,19,5
https://openalex.org/A5102370806,19,5
https://openalex.org/A5104313322,19,5
https://openalex.org/A5004629670,19,4
https://openalex.org/A5006523738,19,4
https://openalex.org/A5011342505,19,4
https://openalex.org/A5019861758,19,4
https://openalex.org/A5021999099,19,4
https://openalex.org/A5022090336,19,4
https://openalex.org/A5024798125,19,4
https://openalex.org/A5025014644,19,4
https://openalex.org/A5025782892,19,4
https://openalex.org/A5026873065,19,4
https://openalex.org/A5029531680,19,4
https://openalex.org/A5029768836,19,4
https://openalex.org/A5030503109,19,4
https://openalex.org/A5031368885,19,4
https://openalex.org/A5042045797,19,4
https://openalex.org/A5043563540,19,4
https://openalex.org/A5050378953,19,4
https://openalex.org/A5056064508,19,4
https://openalex.org/A5059838123,19,4
https://openalex.org/A5061235567,19,4
https://openalex.org/A5063366956,19,4
https://openalex.org/A5068846867,19,4
https://openalex.org/A5071451025,19,4
https://openalex.org/A5075939940,19,4
https://openalex.org/A5076283776,19,4
https://openalex.org/A5076658851,19,4
https://openalex.org/A5077786966,19,4
https://openalex.org/A5080785201,19,4
https://openalex.org/A5081218173,19,4
https://openalex.org/A5081505300,19,4
https://openalex.org/A5084221310,19,4
https://openalex.org/A5085039329,19,4
https://openalex.org/A5085519606,19,4
https://openalex.org/A5085857602,19,4
https://openalex.org/A5089111176,19,4
https://openalex.org/A5091554009,19,4
https://openalex.org/A5101584877,19,4
https://openalex.org/A5101939847,19,4
https://openalex.org/A5102371222,19,4
https://openalex.org/A5006752368,19,3
https://openalex.org/A5012221470,19,3
https://openalex.org/A5014269339,19,3
https://openalex.org/A5019388627,19,3
https://openalex.org/A5021340448,19,3
https://openalex.org/A5025669882,19,3
https://openalex.org/A5027431988,19,3
https://openalex.org/A5029368739,19,3
https://openalex.org/A5034512576,19,3
https://openalex.org/A5034607533,19,3
https://openalex.org/A5043941523,19,3
https://openalex.org/A5044956703,19,3
https://openalex.org/A5060958202,19,3
https://openalex.org/A5065317541,19,3
https://openalex.org/A5066418567,19,3
https://openalex.org/A5072859965,19,3
https://openalex.org/A5077915689,19,3
https://openalex.org/A5080125683,19,3
https://openalex.org/A5081844311,19,3
https://openalex.org/A5100346542,19,3
https://openalex.org/A5101407672,19,3
https://openalex.org/A5113795994,19,3
https://openalex.org/A5006633829,19,2
https://openalex.org/A5020076830,19,2
https://openalex.org/A5020127239,19,2
https://openalex.org/A5021188047,19,2
https://openalex.org/A5026867352,19,2
https://openalex.org/A5027611742,19,2
https://openalex.org/A5028703661,19,2
https://openalex.org/A5031018451,19,2
https://openalex.org/A5032220498,19,2
https://openalex.org/A5039949275,19,2
https://openalex.org/A5042591763,19,2
https://openalex.org/A5055770757,19,2
https://openalex.org/A5058634982,19,2
https://openalex.org/A5059188904,19,2
https://openalex.org/A5071516844,19,2
https://openalex.org/A5072184476,19,2
https://openalex.org/A5073323127,19,2
https://openalex.org/A5075257716,19,2
https://openalex.org/A5080804835,19,2
https://openalex.org/A5081177184,19,2
https://openalex.org/A5083402712,19,2
https://openalex.org/A5086956585,19,2
https://openalex.org/A5100374944,19,2
https://openalex.org/A5101848358,19,2
https://openalex.org/A5103149670,19,2
https://openalex.org/A5106083626,19,2
https://openalex.org/A5112436157,19,2
https://openalex.org/A5001692924,19,1
https://openalex.org/A5037333845,19,1
https://openalex.org/A5046434559,19,1
https://openalex.org/A5056524083,19,1
https://openalex.org/A5072298824,19,1
https://openalex.org/A5077172817,19,1
https://openalex.org/A5077252534,19,1
https://openalex.org/A5078886508,19,1
https://openalex.org/A5081457786,20,112
https://openalex.org/A5100783219,20,57
https://openalex.org/A5106184792,20,57
https://openalex.org/A5048263971,20,56
https://openalex.org/A5042355795,20,31
https://openalex.org/A5036506156,20,28
https://openalex.org/A5087366916,20,28
https://openalex.org/A5113714609,20,27
https://openalex.org/A5037005118,20,22
https://openalex.org/A5049074892,20,18
https://openalex.org/A5072256209,20,18
https://openalex.org/A5029380651,20,16
https://openalex.org/A5058377315,20,16
https://openalex.org/A5108557359,20,14
https://openalex.org/A5028180504,20,13
https://openalex.org/A5059213806,20,13
https://openalex.org/A5109345923,20,13
https://openalex.org/A5020423438,20,12
https://openalex.org/A5091866579,20,12
https://openalex.org/A5016625715,20,11
https://openalex.org/A5042702634,20,11
https://openalex.org/A5055639228,20,11
https://openalex.org/A5066047489,20,11
https://openalex.org/A5090421889,20,11
https://openalex.org/A5001522776,20,10
https://openalex.org/A5012166205,20,10
https://openalex.org/A5044651841,20,10
https://openalex.org/A5051649145,20,10
https://openalex.org/A5001094226,20,9
https://openalex.org/A5020214405,20,9
https://openalex.org/A5079542217,20,9
https://openalex.org/A5087426057,20,9
https://openalex.org/A5112544255,20,9
https://openalex.org/A5001996289,20,8
https://openalex.org/A5005512668,20,8
https://openalex.org/A5014243196,20,8
https://openalex.org/A5015760298,20,8
https://openalex.org/A5019644680,20,8
https://openalex.org/A5022951423,20,8
https://openalex.org/A5024833275,20,8
https://openalex.org/A5032509556,20,8
https://openalex.org/A5036387798,20,8
https://openalex.org/A5039525298,20,8
https://openalex.org/A5040263978,20,8
https://openalex.org/A5052623072,20,8
https://openalex.org/A5062128623,20,8
https://openalex.org/A5063960224,20,8
https://openalex.org/A5066553616,20,8
https://openalex.org/A5067403744,20,8
https://openalex.org/A5067851860,20,8
https://openalex.org/A5068744627,20,8
https://openalex.org/A5070016118,20,8
https://openalex.org/A5075256861,20,8
https://openalex.org/A5078038225,20,8
https://openalex.org/A5078927696,20,8
https://openalex.org/A5081362240,20,8
https://openalex.org/A5091682440,20,8
https://openalex.org/A5100354220,20,8
https://openalex.org/A5100406237,20,8
https://openalex.org/A5100748247,20,8
https://openalex.org/A5101404209,20,8
https://openalex.org/A5101499249,20,8
https://openalex.org/A5103922305,20,8
https://openalex.org/A5108167187,20,8
https://openalex.org/A5112623157,20,8
https://openalex.org/A5005210262,20,7
https://openalex.org/A5011112366,20,7
https://openalex.org/A5011698674,20,7
https://openalex.org/A5014096875,20,7
https://openalex.org/A5014300312,20,7
https://openalex.org/A5019792968,20,7
https://openalex.org/A5020196988,20,7
https://openalex.org/A5020580331,20,7
https://openalex.org/A5021715576,20,7
https://openalex.org/A5027222692,20,7
https://openalex.org/A5029566538,20,7
https://openalex.org/A5036448016,20,7
https://openalex.org/A5038144794,20,7
https://openalex.org/A5040759182,20,7
https://openalex.org/A5041032299,20,7
https://openalex.org/A5043344688,20,7
https://openalex.org/A5045752993,20,7
https://openalex.org/A5054094794,20,7
https://openalex.org/A5054365753,20,7
https://openalex.org/A5056256357,20,7
https://openalex.org/A5057635191,20,7
https://openalex.org/A5060423255,20,7
https://openalex.org/A5073580328,20,7
https://openalex.org/A5075194192,20,7
https://openalex.org/A5083496983,20,7
https://openalex.org/A5086012490,20,7
https://openalex.org/A5087369691,20,7
https://openalex.org/A5098767895,20,7
https://openalex.org/A5098767896,20,7
https://openalex.org/A5098767897,20,7
https://openalex.org/A5098767898,20,7
https://openalex.org/A5098767899,20,7
https://openalex.org/A5100420857,20,7
https://openalex.org/A5101533871,20,7
https://openalex.org/A5111699918,20,7
https://openalex.org/A5004023653,20,6
https://openalex.org/A5004408201,20,6
https://openalex.org/A5006758379,20,6
https://openalex.org/A5013666366,20,6
https://openalex.org/A5017128965,20,6
https://openalex.org/A5019917508,20,6
https://openalex.org/A5022316351,20,6
https://openalex.org/A5024650749,20,6
https://openalex.org/A5028668884,20,6
https://openalex.org/A5029791462,20,6
https://openalex.org/A5032855572,20,6
https://openalex.org/A5033373958,20,6
https://openalex.org/A5036912650,20,6
https://openalex.org/A5038306237,20,6
https://openalex.org/A5038341255,20,6
https://openalex.org/A5039566619,20,6
https://openalex.org/A5042567040,20,6
https://openalex.org/A5046720443,20,6
https://openalex.org/A5051143813,20,6
https://openalex.org/A5054889875,20,6
https://openalex.org/A5056289980,20,6
https://openalex.org/A5058467832,20,6
https://openalex.org/A5060146598,20,6
https://openalex.org/A5061811945,20,6
https://openalex.org/A5062862631,20,6
https://openalex.org/A5063871786,20,6
https://openalex.org/A5075764624,20,6
https://openalex.org/A5075914958,20,6
https://openalex.org/A5080153209,20,6
https://openalex.org/A5100621577,20,6
https://openalex.org/A5100681741,20,6
https://openalex.org/A5100764123,20,6
https://openalex.org/A5101529371,20,6
https://openalex.org/A5103003404,20,6
https://openalex.org/A5104094684,20,6
https://openalex.org/A5000248896,20,5
https://openalex.org/A5000732454,20,5
https://openalex.org/A5002930487,20,5
https://openalex.org/A5005569079,20,5
https://openalex.org/A5006078163,20,5
https://openalex.org/A5007928179,20,5
https://openalex.org/A5012597518,20,5
https://openalex.org/A5018424095,20,5
https://openalex.org/A5019555972,20,5
https://openalex.org/A5021262580,20,5
https://openalex.org/A5024891787,20,5
https://openalex.org/A5025311916,20,5
https://openalex.org/A5025648848,20,5
https://openalex.org/A5025852071,20,5
https://openalex.org/A5026292394,20,5
https://openalex.org/A5027440970,20,5
https://openalex.org/A5029990138,20,5
https://openalex.org/A5032749574,20,5
https://openalex.org/A5036892949,20,5
https://openalex.org/A5038324244,20,5
https://openalex.org/A5051574864,20,5
https://openalex.org/A5053100310,20,5
https://openalex.org/A5057896400,20,5
https://openalex.org/A5060686905,20,5
https://openalex.org/A5062141963,20,5
https://openalex.org/A5064077634,20,5
https://openalex.org/A5065112237,20,5
https://openalex.org/A5068310449,20,5
https://openalex.org/A5076221496,20,5
https://openalex.org/A5077226300,20,5
https://openalex.org/A5082124101,20,5
https://openalex.org/A5089224331,20,5
https://openalex.org/A5091384457,20,5
https://openalex.org/A5097605725,20,5
https://openalex.org/A5100333518,20,5
https://openalex.org/A5100357080,20,5
https://openalex.org/A5100386491,20,5
https://openalex.org/A5100613491,20,5
https://openalex.org/A5100737439,20,5
https://openalex.org/A5100840681,20,5
https://openalex.org/A5101638514,20,5
https://openalex.org/A5102849600,20,5
https://openalex.org/A5109331897,20,5
https://openalex.org/A5112228635,20,5
https://openalex.org/A5114219101,20,5
https://openalex.org/A5114230903,20,5
https://openalex.org/A5115602786,20,5
https://openalex.org/A5002492763,20,4
https://openalex.org/A5003059672,20,4
https://openalex.org/A5006864115,20,4
https://openalex.org/A5007498361,20,4
https://openalex.org/A5009152399,20,4
https://openalex.org/A5010248533,20,4
https://openalex.org/A5013917250,20,4
https://openalex.org/A5014742776,20,4
https://openalex.org/A5015169173,20,4
https://openalex.org/A5016137147,20,4
https://openalex.org/A5017764143,20,4
https://openalex.org/A5022937525,20,4
https://openalex.org/A5027084430,20,4
https://openalex.org/A5033801781,20,4
https://openalex.org/A5034522188,20,4
https://openalex.org/A5039825252,20,4
https://openalex.org/A5039951970,20,4
https://openalex.org/A5042771880,20,4
https://openalex.org/A5043369298,20,4
https://openalex.org/A5046721204,20,4
https://openalex.org/A5050676193,20,4
https://openalex.org/A5052682094,20,4
https://openalex.org/A5055884793,20,4
https://openalex.org/A5056918926,20,4
https://openalex.org/A5057736319,20,4
https://openalex.org/A5060865429,20,4
https://openalex.org/A5061102615,20,4
https://openalex.org/A5061928568,20,4
https://openalex.org/A5062766716,20,4
https://openalex.org/A5062948418,20,4
https://openalex.org/A5063253886,20,4
https://openalex.org/A5064026635,20,4
https://openalex.org/A5065036373,20,4
https://openalex.org/A5065211438,20,4
https://openalex.org/A5065659960,20,4
https://openalex.org/A5070225432,20,4
https://openalex.org/A5071394525,20,4
https://openalex.org/A5076581674,20,4
https://openalex.org/A5081398601,20,4
https://openalex.org/A5083297330,20,4
https://openalex.org/A5084515381,20,4
https://openalex.org/A5085450778,20,4
https://openalex.org/A5086804572,20,4
https://openalex.org/A5087190024,20,4
https://openalex.org/A5087824302,20,4
https://openalex.org/A5091712734,20,4
https://openalex.org/A5097660067,20,4
https://openalex.org/A5100456083,20,4
https://openalex.org/A5100612123,20,4
https://openalex.org/A5100724763,20,4
https://openalex.org/A5100762821,20,4
https://openalex.org/A5100771078,20,4
https://openalex.org/A5100778642,20,4
https://openalex.org/A5101650308,20,4
https://openalex.org/A5101761414,20,4
https://openalex.org/A5101813858,20,4
https://openalex.org/A5102705973,20,4
https://openalex.org/A5103237660,20,4
https://openalex.org/A5109728989,20,4
https://openalex.org/A5112033266,20,4
https://openalex.org/A5112394552,20,4
https://openalex.org/A5000098385,20,3
https://openalex.org/A5000290451,20,3
https://openalex.org/A5007557286,20,3
https://openalex.org/A5008574867,20,3
https://openalex.org/A5009594982,20,3
https://openalex.org/A5014023638,20,3
https://openalex.org/A5016631473,20,3
https://openalex.org/A5016636016,20,3
https://openalex.org/A5019188598,20,3
https://openalex.org/A5019439879,20,3
https://openalex.org/A5020298857,20,3
https://openalex.org/A5020945377,20,3
https://openalex.org/A5021570361,20,3
https://openalex.org/A5027617811,20,3
https://openalex.org/A5031331255,20,3
https://openalex.org/A5033546888,20,3
https://openalex.org/A5033760431,20,3
https://openalex.org/A5037285361,20,3
https://openalex.org/A5049483847,20,3
https://openalex.org/A5050319455,20,3
https://openalex.org/A5058982456,20,3
https://openalex.org/A5062024584,20,3
https://openalex.org/A5063046336,20,3
https://openalex.org/A5066528845,20,3
https://openalex.org/A5067048409,20,3
https://openalex.org/A5074742406,20,3
https://openalex.org/A5075021258,20,3
https://openalex.org/A5075991638,20,3
https://openalex.org/A5083306694,20,3
https://openalex.org/A5088365278,20,3
https://openalex.org/A5100656463,20,3
https://openalex.org/A5102006462,20,3
https://openalex.org/A5103597727,20,3
https://openalex.org/A5108504567,20,3
https://openalex.org/A5110282617,20,3
https://openalex.org/A5111848916,20,3
https://openalex.org/A5003047037,20,2
https://openalex.org/A5003360643,20,2
https://openalex.org/A5006644293,20,2
https://openalex.org/A5010293640,20,2
https://openalex.org/A5010373442,20,2
https://openalex.org/A5015082834,20,2
https://openalex.org/A5025427025,20,2
https://openalex.org/A5033708783,20,2
https://openalex.org/A5033902274,20,2
https://openalex.org/A5038055094,20,2
https://openalex.org/A5043333634,20,2
https://openalex.org/A5051268785,20,2
https://openalex.org/A5052549454,20,2
https://openalex.org/A5058039162,20,2
https://openalex.org/A5058088221,20,2
https://openalex.org/A5058907395,20,2
https://openalex.org/A5069645522,20,2
https://openalex.org/A5076044527,20,2
https://openalex.org/A5078467434,20,2
https://openalex.org/A5084349288,20,2
https://openalex.org/A5088176162,20,2
https://openalex.org/A5090016405,20,2
https://openalex.org/A5100323320,20,2
https://openalex.org/A5100396329,20,2
https://openalex.org/A5102811912,20,2
https://openalex.org/A5108056437,20,2
https://openalex.org/A5108955891,20,2
https://openalex.org/A5113343772,20,2
https://openalex.org/A5002584659,20,1
https://openalex.org/A5037578924,20,1
https://openalex.org/A5043325212,20,1
https://openalex.org/A5053663642,20,1
https://openalex.org/A5058791329,20,1
https://openalex.org/A5071368840,20,1
https://openalex.org/A5074140993,20,1
https://openalex.org/A5081775954,20,1
https://openalex.org/A5085312713,20,1
https://openalex.org/A5109106537,20,1
https://openalex.org/A5109830288,20,1
https://openalex.org/A5111138373,20,1
https://openalex.org/A5076189854,21,190
https://openalex.org/A5023364449,21,46
https://openalex.org/A5045528962,21,40
https://openalex.org/A5049016095,21,30
https://openalex.org/A5054248372,21,30
https://openalex.org/A5086524212,21,28
https://openalex.org/A5100355277,21,28
https://openalex.org/A5069999998,21,26
https://openalex.org/A5025255782,21,21
https://openalex.org/A5029925982,21,20
https://openalex.org/A5058390249,21,19
https://openalex.org/A5082603621,21,19
https://openalex.org/A5032451496,21,18
https://openalex.org/A5040228064,21,18
https://openalex.org/A5048264180,21,18
https://openalex.org/A5062365263,21,18
https://openalex.org/A5002809454,21,17
https://openalex.org/A5050656871,21,17
https://openalex.org/A5068008545,21,17
https://openalex.org/A5037569091,21,16
https://openalex.org/A5067621853,21,16
https://openalex.org/A5091023123,21,16
https://openalex.org/A5018318827,21,15
https://openalex.org/A5062498796,21,15
https://openalex.org/A5063574664,21,15
https://openalex.org/A5101479345,21,15
https://openalex.org/A5023397430,21,14
https://openalex.org/A5023550565,21,14
https://openalex.org/A5028125399,21,14
https://openalex.org/A5028448267,21,14
https://openalex.org/A5069608785,21,14
https://openalex.org/A5072285921,21,14
https://openalex.org/A5101836529,21,14
https://openalex.org/A5102019638,21,14
https://openalex.org/A5021261847,21,13
https://openalex.org/A5048987475,21,13
https://openalex.org/A5037084026,21,12
https://openalex.org/A5109067519,21,12
https://openalex.org/A5012497196,21,11
https://openalex.org/A5001257783,21,10
https://openalex.org/A5011607422,21,10
https://openalex.org/A5026198819,21,10
https://openalex.org/A5038833789,21,10
https://openalex.org/A5054443906,21,10
https://openalex.org/A5062285844,21,10
https://openalex.org/A5065663195,21,10
https://openalex.org/A5084965768,21,10
https://openalex.org/A5090570042,21,10
https://openalex.org/A5100334794,21,10
https://openalex.org/A5013065278,21,9
https://openalex.org/A5016998074,21,9
https://openalex.org/A5050735872,21,9
https://openalex.org/A5003378492,21,8
https://openalex.org/A5018964666,21,8
https://openalex.org/A5025992284,21,8
https://openalex.org/A5028356812,21,8
https://openalex.org/A5030125352,21,8
https://openalex.org/A5034778613,21,8
https://openalex.org/A5037671485,21,8
https://openalex.org/A5039133265,21,8
https://openalex.org/A5043513211,21,8
https://openalex.org/A5045138685,21,8
https://openalex.org/A5053713091,21,8
https://openalex.org/A5062258537,21,8
https://openalex.org/A5064176544,21,8
https://openalex.org/A5065284861,21,8
https://openalex.org/A5066411765,21,8
https://openalex.org/A5073851550,21,8
https://openalex.org/A5074416632,21,8
https://openalex.org/A5079709359,21,8
https://openalex.org/A5080179499,21,8
https://openalex.org/A5091442923,21,8
https://openalex.org/A5100751331,21,8
https://openalex.org/A5102906879,21,8
https://openalex.org/A5103337641,21,8
https://openalex.org/A5106073123,21,8
https://openalex.org/A5108353448,21,8
https://openalex.org/A5110272100,21,8
https://openalex.org/A5003138661,21,7
https://openalex.org/A5013394195,21,7
https://openalex.org/A5014504020,21,7
https://openalex.org/A5016584087,21,7
https://openalex.org/A5018480426,21,7
https://openalex.org/A5034513200,21,7
https://openalex.org/A5036943887,21,7
https://openalex.org/A5037742794,21,7
https://openalex.org/A5039540205,21,7
https://openalex.org/A5047489389,21,7
https://openalex.org/A5049173646,21,7
https://openalex.org/A5059611597,21,7
https://openalex.org/A5065242786,21,7
https://openalex.org/A5066542585,21,7
https://openalex.org/A5068413510,21,7
https://openalex.org/A5078297482,21,7
https://openalex.org/A5079222963,21,7
https://openalex.org/A5080043050,21,7
https://openalex.org/A5084449778,21,7
https://openalex.org/A5087437068,21,7
https://openalex.org/A5089939397,21,7
https://openalex.org/A5090902995,21,7
https://openalex.org/A5100733186,21,7
https://openalex.org/A5100739510,21,7
https://openalex.org/A5101850961,21,7
https://openalex.org/A5103941965,21,7
https://openalex.org/A5002164091,21,6
https://openalex.org/A5003464266,21,6
https://openalex.org/A5005874730,21,6
https://openalex.org/A5009233042,21,6
https://openalex.org/A5010019244,21,6
https://openalex.org/A5011076157,21,6
https://openalex.org/A5013657622,21,6
https://openalex.org/A5014724580,21,6
https://openalex.org/A5023475398,21,6
https://openalex.org/A5023481116,21,6
https://openalex.org/A5025621198,21,6
https://openalex.org/A5027124881,21,6
https://openalex.org/A5032259262,21,6
https://openalex.org/A5032417423,21,6
https://openalex.org/A5034086130,21,6
https://openalex.org/A5034680150,21,6
https://openalex.org/A5034699810,21,6
https://openalex.org/A5039522737,21,6
https://openalex.org/A5040965331,21,6
https://openalex.org/A5043275971,21,6
https://openalex.org/A5044100655,21,6
https://openalex.org/A5044304224,21,6
https://openalex.org/A5050851889,21,6
https://openalex.org/A5051426773,21,6
https://openalex.org/A5058867910,21,6
https://openalex.org/A5062775090,21,6
https://openalex.org/A5065106026,21,6
https://openalex.org/A5065990443,21,6
https://openalex.org/A5067041481,21,6
https://openalex.org/A5072432173,21,6
https://openalex.org/A5073327085,21,6
https://openalex.org/A5073536344,21,6
https://openalex.org/A5073901457,21,6
https://openalex.org/A5073948953,21,6
https://openalex.org/A5074193638,21,6
https://openalex.org/A5079644451,21,6
https://openalex.org/A5081157085,21,6
https://openalex.org/A5082915312,21,6
https://openalex.org/A5083064518,21,6
https://openalex.org/A5085864488,21,6
https://openalex.org/A5087267903,21,6
https://openalex.org/A5088221028,21,6
https://openalex.org/A5089287594,21,6
https://openalex.org/A5090575602,21,6
https://openalex.org/A5097430998,21,6
https://openalex.org/A5100306571,21,6
https://openalex.org/A5100711272,21,6
https://openalex.org/A5101560406,21,6
https://openalex.org/A5101780825,21,6
https://openalex.org/A5102124557,21,6
https://openalex.org/A5102851505,21,6
https://openalex.org/A5103221706,21,6
https://openalex.org/A5110095410,21,6
https://openalex.org/A5000705557,21,5
https://openalex.org/A5001912794,21,5
https://openalex.org/A5003689226,21,5
https://openalex.org/A5007261929,21,5
https://openalex.org/A5009408707,21,5
https://openalex.org/A5010135723,21,5
https://openalex.org/A5010488057,21,5
https://openalex.org/A5011345811,21,5
https://openalex.org/A5011949594,21,5
https://openalex.org/A5019815997,21,5
https://openalex.org/A5020382643,21,5
https://openalex.org/A5020484324,21,5
https://openalex.org/A5020645010,21,5
https://openalex.org/A5022724211,21,5
https://openalex.org/A5025365852,21,5
https://openalex.org/A5026791244,21,5
https://openalex.org/A5027003124,21,5
https://openalex.org/A5029499985,21,5
https://openalex.org/A5030623043,21,5
https://openalex.org/A5031345752,21,5
https://openalex.org/A5033491953,21,5
https://openalex.org/A5035815209,21,5
https://openalex.org/A5038115830,21,5
https://openalex.org/A5038120144,21,5
https://openalex.org/A5038230353,21,5
https://openalex.org/A5040747504,21,5
https://openalex.org/A5043360724,21,5
https://openalex.org/A5050184396,21,5
https://openalex.org/A5052318783,21,5
https://openalex.org/A5052910635,21,5
https://openalex.org/A5055563503,21,5
https://openalex.org/A5056748708,21,5
https://openalex.org/A5056877599,21,5
https://openalex.org/A5057098134,21,5
https://openalex.org/A5057744915,21,5
https://openalex.org/A5059543860,21,5
https://openalex.org/A5061956068,21,5
https://openalex.org/A5063364544,21,5
https://openalex.org/A5077186927,21,5
https://openalex.org/A5086193600,21,5
https://openalex.org/A5089313267,21,5
https://openalex.org/A5100359025,21,5
https://openalex.org/A5100428272,21,5
https://openalex.org/A5100432806,21,5
https://openalex.org/A5100453429,21,5
https://openalex.org/A5100453601,21,5
https://openalex.org/A5101439558,21,5
https://openalex.org/A5101476222,21,5
https://openalex.org/A5101801123,21,5
https://openalex.org/A5103130485,21,5
https://openalex.org/A5103551891,21,5
https://openalex.org/A5104034002,21,5
https://openalex.org/A5108621671,21,5
https://openalex.org/A5110647636,21,5
https://openalex.org/A5110861696,21,5
https://openalex.org/A5112481401,21,5
https://openalex.org/A5003774887,21,4
https://openalex.org/A5007307617,21,4
https://openalex.org/A5008551646,21,4
https://openalex.org/A5009029178,21,4
https://openalex.org/A5009534537,21,4
https://openalex.org/A5010481434,21,4
https://openalex.org/A5015873569,21,4
https://openalex.org/A5018713931,21,4
https://openalex.org/A5020380309,21,4
https://openalex.org/A5023192409,21,4
https://openalex.org/A5026929429,21,4
https://openalex.org/A5028114802,21,4
https://openalex.org/A5031038372,21,4
https://openalex.org/A5033428202,21,4
https://openalex.org/A5035543695,21,4
https://openalex.org/A5036525093,21,4
https://openalex.org/A5040298918,21,4
https://openalex.org/A5042366766,21,4
https://openalex.org/A5043243262,21,4
https://openalex.org/A5043763518,21,4
https://openalex.org/A5045230890,21,4
https://openalex.org/A5050157577,21,4
https://openalex.org/A5050342525,21,4
https://openalex.org/A5057120924,21,4
https://openalex.org/A5057266594,21,4
https://openalex.org/A5058276744,21,4
https://openalex.org/A5058797341,21,4
https://openalex.org/A5059244907,21,4
https://openalex.org/A5070347077,21,4
https://openalex.org/A5071015811,21,4
https://openalex.org/A5076894946,21,4
https://openalex.org/A5079682765,21,4
https://openalex.org/A5081566660,21,4
https://openalex.org/A5083511122,21,4
https://openalex.org/A5090773357,21,4
https://openalex.org/A5091596042,21,4
https://openalex.org/A5100687676,21,4
https://openalex.org/A5100703488,21,4
https://openalex.org/A5100718391,21,4
https://openalex.org/A5101464697,21,4
https://openalex.org/A5102970956,21,4
https://openalex.org/A5108099500,21,4
https://openalex.org/A5112355043,21,4
https://openalex.org/A5005226838,21,3
https://openalex.org/A5005542430,21,3
https://openalex.org/A5005775991,21,3
https://openalex.org/A5010067891,21,3
https://openalex.org/A5010367119,21,3
https://openalex.org/A5011422802,21,3
https://openalex.org/A5012564810,21,3
https://openalex.org/A5022641523,21,3
https://openalex.org/A5023292508,21,3
https://openalex.org/A5028515395,21,3
https://openalex.org/A5033172946,21,3
https://openalex.org/A5037849664,21,3
https://openalex.org/A5038561191,21,3
https://openalex.org/A5042822346,21,3
https://openalex.org/A5046765947,21,3
https://openalex.org/A5046879461,21,3
https://openalex.org/A5048800872,21,3
https://openalex.org/A5052897453,21,3
https://openalex.org/A5054163834,21,3
https://openalex.org/A5055452554,21,3
https://openalex.org/A5057995330,21,3
https://openalex.org/A5058002488,21,3
https://openalex.org/A5060708945,21,3
https://openalex.org/A5070240253,21,3
https://openalex.org/A5071948761,21,3
https://openalex.org/A5077273247,21,3
https://openalex.org/A5077824174,21,3
https://openalex.org/A5079680969,21,3
https://openalex.org/A5085192838,21,3
https://openalex.org/A5086632161,21,3
https://openalex.org/A5089319527,21,3
https://openalex.org/A5090479228,21,3
https://openalex.org/A5101520306,21,3
https://openalex.org/A5109594585,21,3
https://openalex.org/A5109962875,21,3
https://openalex.org/A5008148363,21,2
https://openalex.org/A5017324980,21,2
https://openalex.org/A5019048013,21,2
https://openalex.org/A5023825581,21,2
https://openalex.org/A5026629742,21,2
https://openalex.org/A5045835385,21,2
https://openalex.org/A5046574356,21,2
https://openalex.org/A5047566695,21,2
https://openalex.org/A5047569245,21,2
https://openalex.org/A5052552298,21,2
https://openalex.org/A5067700873,21,2
https://openalex.org/A5069473321,21,2
https://openalex.org/A5075832002,21,2
https://openalex.org/A5079244248,21,2
https://openalex.org/A5080250622,21,2
https://openalex.org/A5085875759,21,2
https://openalex.org/A5100767225,21,2
https://openalex.org/A5104057887,21,2
https://openalex.org/A5108667835,21,2
https://openalex.org/A5112848574,21,2
https://openalex.org/A5036412233,21,1
https://openalex.org/A5038492810,21,1
https://openalex.org/A5062709079,21,1
https://openalex.org/A5067296979,21,1
https://openalex.org/A5079085366,21,1
https://openalex.org/A5085696258,21,1
https://openalex.org/A5101600243,21,1
https://openalex.org/A5077287995,22,156
https://openalex.org/A5071470205,22,104
https://openalex.org/A5032381602,22,75
https://openalex.org/A5011633762,22,43
https://openalex.org/A5048056611,22,37
https://openalex.org/A5005931232,22,35
https://openalex.org/A5065764227,22,26
https://openalex.org/A5036935284,22,25
https://openalex.org/A5034735453,22,23
https://openalex.org/A5064857767,22,23
https://openalex.org/A5062077425,22,21
https://openalex.org/A5011404541,22,20
https://openalex.org/A5057302728,22,18
https://openalex.org/A5048615562,22,17
https://openalex.org/A5109261047,22,17
https://openalex.org/A5021701198,22,15
https://openalex.org/A5036120539,22,15
https://openalex.org/A5039640161,22,15
https://openalex.org/A5065563886,22,14
https://openalex.org/A5083504666,22,14
https://openalex.org/A5034801569,22,13
https://openalex.org/A5006768210,22,12
https://openalex.org/A5025477433,22,12
https://openalex.org/A5044096152,22,12
https://openalex.org/A5047492630,22,12
https://openalex.org/A5058216951,22,12
https://openalex.org/A5060873310,22,12
https://openalex.org/A5069072700,22,12
https://openalex.org/A5040912789,22,11
https://openalex.org/A5044209139,22,11
https://openalex.org/A5058957631,22,11
https://openalex.org/A5085351443,22,11
https://openalex.org/A5087889197,22,11
https://openalex.org/A5088339916,22,11
https://openalex.org/A5100422933,22,11
https://openalex.org/A5101823589,22,11
https://openalex.org/A5005766230,22,10
https://openalex.org/A5008876848,22,10
https://openalex.org/A5045501890,22,10
https://openalex.org/A5072438791,22,10
https://openalex.org/A5101523298,22,10
https://openalex.org/A5004949920,22,9
https://openalex.org/A5012378242,22,9
https://openalex.org/A5015213318,22,9
https://openalex.org/A5016086371,22,9
https://openalex.org/A5017073652,22,9
https://openalex.org/A5018152871,22,9
https://openalex.org/A5042506969,22,9
https://openalex.org/A5053433716,22,9
https://openalex.org/A5055037608,22,9
https://openalex.org/A5065508660,22,9
https://openalex.org/A5071948377,22,9
https://openalex.org/A5080710421,22,9
https://openalex.org/A5088584251,22,9
https://openalex.org/A5100431216,22,9
https://openalex.org/A5100431363,22,9
https://openalex.org/A5101746906,22,9
https://openalex.org/A5101970074,22,9
https://openalex.org/A5005618027,22,8
https://openalex.org/A5010996988,22,8
https://openalex.org/A5018389594,22,8
https://openalex.org/A5023882384,22,8
https://openalex.org/A5025106584,22,8
https://openalex.org/A5025977484,22,8
https://openalex.org/A5029722762,22,8
https://openalex.org/A5030298506,22,8
https://openalex.org/A5032339413,22,8
https://openalex.org/A5039438611,22,8
https://openalex.org/A5041539279,22,8
https://openalex.org/A5045948091,22,8
https://openalex.org/A5047319460,22,8
https://openalex.org/A5048323122,22,8
https://openalex.org/A5049761760,22,8
https://openalex.org/A5052610371,22,8
https://openalex.org/A5059520221,22,8
https://openalex.org/A5061556547,22,8
https://openalex.org/A5063880550,22,8
https://openalex.org/A5065821998,22,8
https://openalex.org/A5082329468,22,8
https://openalex.org/A5082407432,22,8
https://openalex.org/A5085189108,22,8
https://openalex.org/A5085322276,22,8
https://openalex.org/A5086222360,22,8
https://openalex.org/A5089683367,22,8
https://openalex.org/A5091300751,22,8
https://openalex.org/A5103129498,22,8
https://openalex.org/A5008396892,22,7
https://openalex.org/A5009108933,22,7
https://openalex.org/A5017675714,22,7
https://openalex.org/A5024320544,22,7
https://openalex.org/A5024449392,22,7
https://openalex.org/A5027334417,22,7
https://openalex.org/A5030592945,22,7
https://openalex.org/A5031553116,22,7
https://openalex.org/A5032161869,22,7
https://openalex.org/A5032594386,22,7
https://openalex.org/A5037206621,22,7
https://openalex.org/A5039217538,22,7
https://openalex.org/A5041865961,22,7
https://openalex.org/A5044900790,22,7
https://openalex.org/A5051843551,22,7
https://openalex.org/A5051860438,22,7
https://openalex.org/A5053577098,22,7
https://openalex.org/A5055598077,22,7
https://openalex.org/A5056187332,22,7
https://openalex.org/A5057793015,22,7
https://openalex.org/A5058386510,22,7
https://openalex.org/A5059695586,22,7
https://openalex.org/A5061720289,22,7
https://openalex.org/A5063987862,22,7
https://openalex.org/A5065680616,22,7
https://openalex.org/A5066366373,22,7
https://openalex.org/A5069933519,22,7
https://openalex.org/A5073068478,22,7
https://openalex.org/A5075970199,22,7
https://openalex.org/A5076156098,22,7
https://openalex.org/A5077659457,22,7
https://openalex.org/A5078449873,22,7
https://openalex.org/A5079184666,22,7
https://openalex.org/A5079656008,22,7
https://openalex.org/A5082775596,22,7
https://openalex.org/A5083248890,22,7
https://openalex.org/A5083429126,22,7
https://openalex.org/A5084137024,22,7
https://openalex.org/A5088842551,22,7
https://openalex.org/A5090442103,22,7
https://openalex.org/A5110319375,22,7
https://openalex.org/A5110441653,22,7
https://openalex.org/A5111210461,22,7
https://openalex.org/A5112198067,22,7
https://openalex.org/A5113849713,22,7
https://openalex.org/A5009887626,22,6
https://openalex.org/A5016224917,22,6
https://openalex.org/A5022479713,22,6
https://openalex.org/A5027132758,22,6
https://openalex.org/A5027151142,22,6
https://openalex.org/A5031377026,22,6
https://openalex.org/A5036254245,22,6
https://openalex.org/A5038454913,22,6
https://openalex.org/A5040738158,22,6
https://openalex.org/A5043910145,22,6
https://openalex.org/A5045080583,22,6
https://openalex.org/A5060761466,22,6
https://openalex.org/A5061832925,22,6
https://openalex.org/A5066869576,22,6
https://openalex.org/A5071001970,22,6
https://openalex.org/A5078117070,22,6
https://openalex.org/A5078419697,22,6
https://openalex.org/A5078653333,22,6
https://openalex.org/A5079728243,22,6
https://openalex.org/A5084296022,22,6
https://openalex.org/A5085621949,22,6
https://openalex.org/A5086622875,22,6
https://openalex.org/A5100431442,22,6
https://openalex.org/A5100685799,22,6
https://openalex.org/A5110405004,22,6
https://openalex.org/A5001299815,22,5
https://openalex.org/A5004225591,22,5
https://openalex.org/A5005805290,22,5
https://openalex.org/A5008278230,22,5
https://openalex.org/A5009210458,22,5
https://openalex.org/A5009354853,22,5
https://openalex.org/A5016741772,22,5
https://openalex.org/A5016889478,22,5
https://openalex.org/A5019019804,22,5
https://openalex.org/A5019074335,22,5
https://openalex.org/A5020489737,22,5
https://openalex.org/A5022545748,22,5
https://openalex.org/A5030494267,22,5
https://openalex.org/A5030564620,22,5
https://openalex.org/A5031561162,22,5
https://openalex.org/A5032561457,22,5
https://openalex.org/A5033759326,22,5
https://openalex.org/A5033884286,22,5
https://openalex.org/A5036991379,22,5
https://openalex.org/A5039475274,22,5
https://openalex.org/A5041969769,22,5
https://openalex.org/A5044598763,22,5
https://openalex.org/A5045638679,22,5
https://openalex.org/A5048198228,22,5
https://openalex.org/A5048266932,22,5
https://openalex.org/A5048641007,22,5
https://openalex.org/A5048823702,22,5
https://openalex.org/A5049414539,22,5
https://openalex.org/A5049866892,22,5
https://openalex.org/A5055917910,22,5
https://openalex.org/A5057175091,22,5
https://openalex.org/A5060192260,22,5
https://openalex.org/A5060265727,22,5
https://openalex.org/A5060700722,22,5
https://openalex.org/A5063968302,22,5
https://openalex.org/A5067011899,22,5
https://openalex.org/A5067179928,22,5
https://openalex.org/A5074129204,22,5
https://openalex.org/A5075104502,22,5
https://openalex.org/A5075301134,22,5
https://openalex.org/A5077051449,22,5
https://openalex.org/A5077999543,22,5
https://openalex.org/A5078459849,22,5
https://openalex.org/A5081367673,22,5
https://openalex.org/A5081904072,22,5
https://openalex.org/A5086716685,22,5
https://openalex.org/A5091588798,22,5
https://openalex.org/A5100431291,22,5
https://openalex.org/A5100752356,22,5
https://openalex.org/A5101490457,22,5
https://openalex.org/A5103570137,22,5
https://openalex.org/A5103750097,22,5
https://openalex.org/A5108710367,22,5
https://openalex.org/A5108833995,22,5
https://openalex.org/A5109007676,22,5
https://openalex.org/A5109149450,22,5
https://openalex.org/A5010964648,22,4
https://openalex.org/A5022670126,22,4
https://openalex.org/A5024538936,22,4
https://openalex.org/A5024713385,22,4
https://openalex.org/A5027619290,22,4
https://openalex.org/A5028115096,22,4
https://openalex.org/A5029735106,22,4
https://openalex.org/A5032741510,22,4
https://openalex.org/A5034788889,22,4
https://openalex.org/A5038276780,22,4
https://openalex.org/A5041294209,22,4
https://openalex.org/A5042370012,22,4
https://openalex.org/A5043712563,22,4
https://openalex.org/A5054015042,22,4
https://openalex.org/A5060625180,22,4
https://openalex.org/A5066778919,22,4
https://openalex.org/A5076550529,22,4
https://openalex.org/A5078654187,22,4
https://openalex.org/A5100431241,22,4
https://openalex.org/A5105349908,22,4
https://openalex.org/A5002375160,22,3
https://openalex.org/A5006507882,22,3
https://openalex.org/A5006915116,22,3
https://openalex.org/A5009164791,22,3
https://openalex.org/A5010777207,22,3
https://openalex.org/A5010967678,22,3
https://openalex.org/A5012563853,22,3
https://openalex.org/A5020928025,22,3
https://openalex.org/A5024767562,22,3
https://openalex.org/A5027438588,22,3
https://openalex.org/A5029506795,22,3
https://openalex.org/A5030475326,22,3
https://openalex.org/A5036613297,22,3
https://openalex.org/A5037031762,22,3
https://openalex.org/A5037031836,22,3
https://openalex.org/A5037440001,22,3
https://openalex.org/A5040353906,22,3
https://openalex.org/A5040768864,22,3
https://openalex.org/A5050342546,22,3
https://openalex.org/A5051004826,22,3
https://openalex.org/A5052392890,22,3
https://openalex.org/A5052525257,22,3
https://openalex.org/A5055165935,22,3
https://openalex.org/A5056185305,22,3
https://openalex.org/A5057026642,22,3
https://openalex.org/A5059294229,22,3
https://openalex.org/A5059896630,22,3
https://openalex.org/A5063555642,22,3
https://openalex.org/A5066426583,22,3
https://openalex.org/A5068678174,22,3
https://openalex.org/A5071510242,22,3
https://openalex.org/A5071515737,22,3
https://openalex.org/A5078497733,22,3
https://openalex.org/A5079846501,22,3
https://openalex.org/A5085456661,22,3
https://openalex.org/A5088209253,22,3
https://openalex.org/A5091101769,22,3
https://openalex.org/A5103015543,22,3
https://openalex.org/A5105465556,22,3
https://openalex.org/A5107927882,22,3
https://openalex.org/A5109469213,22,3
https://openalex.org/A5001718124,22,2
https://openalex.org/A5014288232,22,2
https://openalex.org/A5014566921,22,2
https://openalex.org/A5022094871,22,2
https://openalex.org/A5023745564,22,2
https://openalex.org/A5028593180,22,2
https://openalex.org/A5031458388,22,2
https://openalex.org/A5036964054,22,2
https://openalex.org/A5037003206,22,2
https://openalex.org/A5050855429,22,2
https://openalex.org/A5052290080,22,2
https://openalex.org/A5054326531,22,2
https://openalex.org/A5056421744,22,2
https://openalex.org/A5057780140,22,2
https://openalex.org/A5060868512,22,2
https://openalex.org/A5072127219,22,2
https://openalex.org/A5072383905,22,2
https://openalex.org/A5073795867,22,2
https://openalex.org/A5073799617,22,2
https://openalex.org/A5077684534,22,2
https://openalex.org/A5079750264,22,2
https://openalex.org/A5086539835,22,2
https://openalex.org/A5087008823,22,2
https://openalex.org/A5103401636,22,2
https://openalex.org/A5103494406,22,2
https://openalex.org/A5108425748,22,2
https://openalex.org/A5109984628,22,2
https://openalex.org/A5110645756,22,2
https://openalex.org/A5110742408,22,2
https://openalex.org/A5111682333,22,2
https://openalex.org/A5111981456,22,2
https://openalex.org/A5112759035,22,2
https://openalex.org/A5008518722,22,1
https://openalex.org/A5015789217,22,1
https://openalex.org/A5052908437,22,1
https://openalex.org/A5055538727,22,1
https://openalex.org/A5077081374,22,1
https://openalex.org/A5108652283,23,120
https://openalex.org/A5001211242,23,96
https://openalex.org/A5009049500,23,53
https://openalex.org/A5100450462,23,46
https://openalex.org/A5086934220,23,31
https://openalex.org/A5046348432,23,18
https://openalex.org/A5030092162,23,16
https://openalex.org/A5070920982,23,15
https://openalex.org/A5112456378,23,15
https://openalex.org/A5052854215,23,14
https://openalex.org/A5090730336,23,14
https://openalex.org/A5008354502,23,13
https://openalex.org/A5044145078,23,13
https://openalex.org/A5072573916,23,13
https://openalex.org/A5017529415,23,12
https://openalex.org/A5052726702,23,12
https://openalex.org/A5059955534,23,12
https://openalex.org/A5088606320,23,12
https://openalex.org/A5089493027,23,12
https://openalex.org/A5100381753,23,12
https://openalex.org/A5110628285,23,12
https://openalex.org/A5061607107,23,11
https://openalex.org/A5070348998,23,11
https://openalex.org/A5071477720,23,11
https://openalex.org/A5002713363,23,10
https://openalex.org/A5051181433,23,10
https://openalex.org/A5071983998,23,10
https://openalex.org/A5083438983,23,10
https://openalex.org/A5100722234,23,10
https://openalex.org/A5101542158,23,10
https://openalex.org/A5104110845,23,10
https://openalex.org/A5016775802,23,9
https://openalex.org/A5081787254,23,9
https://openalex.org/A5084125668,23,9
https://openalex.org/A5100572173,23,9
https://openalex.org/A5009207189,23,8
https://openalex.org/A5029082567,23,8
https://openalex.org/A5031376988,23,8
https://openalex.org/A5032046813,23,8
https://openalex.org/A5039315344,23,8
https://openalex.org/A5040821130,23,8
https://openalex.org/A5043029070,23,8
https://openalex.org/A5047709762,23,8
https://openalex.org/A5048500970,23,8
https://openalex.org/A5052900932,23,8
https://openalex.org/A5054582135,23,8
https://openalex.org/A5064600650,23,8
https://openalex.org/A5068720519,23,8
https://openalex.org/A5069010932,23,8
https://openalex.org/A5072564674,23,8
https://openalex.org/A5073450801,23,8
https://openalex.org/A5081862885,23,8
https://openalex.org/A5087900163,23,8
https://openalex.org/A5088551093,23,8
https://openalex.org/A5100685012,23,8
https://openalex.org/A5101457713,23,8
https://openalex.org/A5101583906,23,8
https://openalex.org/A5103947107,23,8
https://openalex.org/A5112059499,23,8
https://openalex.org/A5002056995,23,7
https://openalex.org/A5003577798,23,7
https://openalex.org/A5018966648,23,7
https://openalex.org/A5019114258,23,7
https://openalex.org/A5021713982,23,7
https://openalex.org/A5041526408,23,7
https://openalex.org/A5059110895,23,7
https://openalex.org/A5060909587,23,7
https://openalex.org/A5065366930,23,7
https://openalex.org/A5086062836,23,7
https://openalex.org/A5101761269,23,7
https://openalex.org/A5003124205,23,6
https://openalex.org/A5003257470,23,6
https://openalex.org/A5003850954,23,6
https://openalex.org/A5004654955,23,6
https://openalex.org/A5014018829,23,6
https://openalex.org/A5019504524,23,6
https://openalex.org/A5021649344,23,6
https://openalex.org/A5021777354,23,6
https://openalex.org/A5026322200,23,6
https://openalex.org/A5031826910,23,6
https://openalex.org/A5048606296,23,6
https://openalex.org/A5056967366,23,6
https://openalex.org/A5057773393,23,6
https://openalex.org/A5080561233,23,6
https://openalex.org/A5091054255,23,6
https://openalex.org/A5100346578,23,6
https://openalex.org/A5100659941,23,6
https://openalex.org/A5101812349,23,6
https://openalex.org/A5102928677,23,6
https://openalex.org/A5103150653,23,6
https://openalex.org/A5001364786,23,5
https://openalex.org/A5002183320,23,5
https://openalex.org/A5005043202,23,5
https://openalex.org/A5005843046,23,5
https://openalex.org/A5006814445,23,5
https://openalex.org/A5010247628,23,5
https://openalex.org/A5012740359,23,5
https://openalex.org/A5013339344,23,5
https://openalex.org/A5022811687,23,5
https://openalex.org/A5025631228,23,5
https://openalex.org/A5026452365,23,5
https://openalex.org/A5029752919,23,5
https://openalex.org/A5031202924,23,5
https://openalex.org/A5032965735,23,5
https://openalex.org/A5035113852,23,5
https://openalex.org/A5035362847,23,5
https://openalex.org/A5043272175,23,5
https://openalex.org/A5043485792,23,5
https://openalex.org/A5043951834,23,5
https://openalex.org/A5045674062,23,5
https://openalex.org/A5045825594,23,5
https://openalex.org/A5050793822,23,5
https://openalex.org/A5051115125,23,5
https://openalex.org/A5053289715,23,5
https://openalex.org/A5053947885,23,5
https://openalex.org/A5055133196,23,5
https://openalex.org/A5055260189,23,5
https://openalex.org/A5056437111,23,5
https://openalex.org/A5057457287,23,5
https://openalex.org/A5061613634,23,5
https://openalex.org/A5063910157,23,5
https://openalex.org/A5067228362,23,5
https://openalex.org/A5076834464,23,5
https://openalex.org/A5076904467,23,5
https://openalex.org/A5077461583,23,5
https://openalex.org/A5080346989,23,5
https://openalex.org/A5081024054,23,5
https://openalex.org/A5086228413,23,5
https://openalex.org/A5086692495,23,5
https://openalex.org/A5088239541,23,5
https://openalex.org/A5090586839,23,5
https://openalex.org/A5090840574,23,5
https://openalex.org/A5100346563,23,5
https://openalex.org/A5100399972,23,5
https://openalex.org/A5100620588,23,5
https://openalex.org/A5100669565,23,5
https://openalex.org/A5100758169,23,5
https://openalex.org/A5101699552,23,5
https://openalex.org/A5102842771,23,5
https://openalex.org/A5102903741,23,5
https://openalex.org/A5102911823,23,5
https://openalex.org/A5102972645,23,5
https://openalex.org/A5109934168,23,5
https://openalex.org/A5111929615,23,5
https://openalex.org/A5000650022,23,4
https://openalex.org/A5007907795,23,4
https://openalex.org/A5012712599,23,4
https://openalex.org/A5013283889,23,4
https://openalex.org/A5013758719,23,4
https://openalex.org/A5013834379,23,4
https://openalex.org/A5016408867,23,4
https://openalex.org/A5017505484,23,4
https://openalex.org/A5018441687,23,4
https://openalex.org/A5019862529,23,4
https://openalex.org/A5022164605,23,4
https://openalex.org/A5023259221,23,4
https://openalex.org/A5025778203,23,4
https://openalex.org/A5026028381,23,4
https://openalex.org/A5026532071,23,4
https://openalex.org/A5029917821,23,4
https://openalex.org/A5032356827,23,4
https://openalex.org/A5035312295,23,4
https://openalex.org/A5037434658,23,4
https://openalex.org/A5038300748,23,4
https://openalex.org/A5041381106,23,4
https://openalex.org/A5043117896,23,4
https://openalex.org/A5047736127,23,4
https://openalex.org/A5048032272,23,4
https://openalex.org/A5050672404,23,4
https://openalex.org/A5052700353,23,4
https://openalex.org/A5053183388,23,4
https://openalex.org/A5053806434,23,4
https://openalex.org/A5055734884,23,4
https://openalex.org/A5058191467,23,4
https://openalex.org/A5059415878,23,4
https://openalex.org/A5060910634,23,4
https://openalex.org/A5067416581,23,4
https://openalex.org/A5068808053,23,4
https://openalex.org/A5074954863,23,4
https://openalex.org/A5075745972,23,4
https://openalex.org/A5075829592,23,4
https://openalex.org/A5078465761,23,4
https://openalex.org/A5079272514,23,4
https://openalex.org/A5079619242,23,4
https://openalex.org/A5083293468,23,4
https://openalex.org/A5085748370,23,4
https://openalex.org/A5086651540,23,4
https://openalex.org/A5087456512,23,4
https://openalex.org/A5088335376,23,4
https://openalex.org/A5089275971,23,4
https://openalex.org/A5090248844,23,4
https://openalex.org/A5090271895,23,4
https://openalex.org/A5090426330,23,4
https://openalex.org/A5091341927,23,4
https://openalex.org/A5091745105,23,4
https://openalex.org/A5100357613,23,4
https://openalex.org/A5100404886,23,4
https://openalex.org/A5100769643,23,4
https://openalex.org/A5103264591,23,4
https://openalex.org/A5107047881,23,4
https://openalex.org/A5112529093,23,4
https://openalex.org/A5005228286,23,3
https://openalex.org/A5006249840,23,3
https://openalex.org/A5007776666,23,3
https://openalex.org/A5007879982,23,3
https://openalex.org/A5012575423,23,3
https://openalex.org/A5018871164,23,3
https://openalex.org/A5019946406,23,3
https://openalex.org/A5022426061,23,3
https://openalex.org/A5023766237,23,3
https://openalex.org/A5024199575,23,3
https://openalex.org/A5027678985,23,3
https://openalex.org/A5028742424,23,3
https://openalex.org/A5029036509,23,3
https://openalex.org/A5029197877,23,3
https://openalex.org/A5029293919,23,3
https://openalex.org/A5030826237,23,3
https://openalex.org/A5033571780,23,3
https://openalex.org/A5039111784,23,3
https://openalex.org/A5042646536,23,3
https://openalex.org/A5045644948,23,3
https://openalex.org/A5046052093,23,3
https://openalex.org/A5050883930,23,3
https://openalex.org/A5053471538,23,3
https://openalex.org/A5053491985,23,3
https://openalex.org/A5055795427,23,3
https://openalex.org/A5056401069,23,3
https://openalex.org/A5062138997,23,3
https://openalex.org/A5062180941,23,3
https://openalex.org/A5063841913,23,3
https://openalex.org/A5064420079,23,3
https://openalex.org/A5070191324,23,3
https://openalex.org/A5071470762,23,3
https://openalex.org/A5072205226,23,3
https://openalex.org/A5072267426,23,3
https://openalex.org/A5076696302,23,3
https://openalex.org/A5076766717,23,3
https://openalex.org/A5078704516,23,3
https://openalex.org/A5079191082,23,3
https://openalex.org/A5082323302,23,3
https://openalex.org/A5082456527,23,3
https://openalex.org/A5084771969,23,3
https://openalex.org/A5086374617,23,3
https://openalex.org/A5087287079,23,3
https://openalex.org/A5087913080,23,3
https://openalex.org/A5091599934,23,3
https://openalex.org/A5092264649,23,3
https://openalex.org/A5100322935,23,3
https://openalex.org/A5100399257,23,3
https://openalex.org/A5100421963,23,3
https://openalex.org/A5100422085,23,3
https://openalex.org/A5100448226,23,3
https://openalex.org/A5100451844,23,3
https://openalex.org/A5100627109,23,3
https://openalex.org/A5100665556,23,3
https://openalex.org/A5101457342,23,3
https://openalex.org/A5101566830,23,3
https://openalex.org/A5101873489,23,3
https://openalex.org/A5101992030,23,3
https://openalex.org/A5102215641,23,3
https://openalex.org/A5102916662,23,3
https://openalex.org/A5106707885,23,3
https://openalex.org/A5109975486,23,3
https://openalex.org/A5110656392,23,3
https://openalex.org/A5002007869,23,2
https://openalex.org/A5013723731,23,2
https://openalex.org/A5013777857,23,2
https://openalex.org/A5014509810,23,2
https://openalex.org/A5019584508,23,2
https://openalex.org/A5020915093,23,2
https://openalex.org/A5025139140,23,2
https://openalex.org/A5025235920,23,2
https://openalex.org/A5031364854,23,2
https://openalex.org/A5035270562,23,2
https://openalex.org/A5038827978,23,2
https://openalex.org/A5051563547,23,2
https://openalex.org/A5055035599,23,2
https://openalex.org/A5064027483,23,2
https://openalex.org/A5064041384,23,2
https://openalex.org/A5064547400,23,2
https://openalex.org/A5065136437,23,2
https://openalex.org/A5068328730,23,2
https://openalex.org/A5072722763,23,2
https://openalex.org/A5077390169,23,2
https://openalex.org/A5079641101,23,2
https://openalex.org/A5081749378,23,2
https://openalex.org/A5082582090,23,2
https://openalex.org/A5085413751,23,2
https://openalex.org/A5088326468,23,2
https://openalex.org/A5089333674,23,2
https://openalex.org/A5100318285,23,2
https://openalex.org/A5100367368,23,2
https://openalex.org/A5107835063,23,2
https://openalex.org/A5109041474,23,2
https://openalex.org/A5004176528,23,1
https://openalex.org/A5009398199,23,1
https://openalex.org/A5015797025,23,1
https://openalex.org/A5019657519,23,1
https://openalex.org/A5022505218,23,1
https://openalex.org/A5026977746,23,1
https://openalex.org/A5029019200,23,1
https://openalex.org/A5045067400,23,1
https://openalex.org/A5059686380,23,1
https://openalex.org/A5060469176,23,1
https://openalex.org/A5065207818,23,1
https://openalex.org/A5091146010,23,1
https://openalex.org/A5102913894,23,1
https://openalex.org/A5109860511,23,1
https://openalex.org/A5040984419,24,160
https://openalex.org/A5030831197,24,57
https://openalex.org/A5082591225,24,44
https://openalex.org/A5031735105,24,35
https://openalex.org/A5034664324,24,33
https://openalex.org/A5000930617,24,27
https://openalex.org/A5058593348,24,23
https://openalex.org/A5047677855,24,20
https://openalex.org/A5031295007,24,18
https://openalex.org/A5032996798,24,17
https://openalex.org/A5038755271,24,15
https://openalex.org/A5088086278,24,13
https://openalex.org/A5066110241,24,12
https://openalex.org/A5084393981,24,12
https://openalex.org/A5030860769,24,11
https://openalex.org/A5035384728,24,11
https://openalex.org/A5079358020,24,11
https://openalex.org/A5008360468,24,10
https://openalex.org/A5018834080,24,10
https://openalex.org/A5038348240,24,10
https://openalex.org/A5066913838,24,10
https://openalex.org/A5084806776,24,10
https://openalex.org/A5089913388,24,10
https://openalex.org/A5024860324,24,9
https://openalex.org/A5083285329,24,9
https://openalex.org/A5006413916,24,8
https://openalex.org/A5021458756,24,8
https://openalex.org/A5024087833,24,8
https://openalex.org/A5030311049,24,8
https://openalex.org/A5041269206,24,8
https://openalex.org/A5042318970,24,8
https://openalex.org/A5042707037,24,8
https://openalex.org/A5054272646,24,8
https://openalex.org/A5062641112,24,8
https://openalex.org/A5063869991,24,8
https://openalex.org/A5065597618,24,8
https://openalex.org/A5076177334,24,8
https://openalex.org/A5078709350,24,8
https://openalex.org/A5080914482,24,8
https://openalex.org/A5088897198,24,8
https://openalex.org/A5090161964,24,8
https://openalex.org/A5010320586,24,7
https://openalex.org/A5012908746,24,7
https://openalex.org/A5016800128,24,7
https://openalex.org/A5021144215,24,7
https://openalex.org/A5021568426,24,7
https://openalex.org/A5025653853,24,7
https://openalex.org/A5025701051,24,7
https://openalex.org/A5033733184,24,7
https://openalex.org/A5051070087,24,7
https://openalex.org/A5052249337,24,7
https://openalex.org/A5058105731,24,7
https://openalex.org/A5059151071,24,7
https://openalex.org/A5073919193,24,7
https://openalex.org/A5074175050,24,7
https://openalex.org/A5074357782,24,7
https://openalex.org/A5090540656,24,7
https://openalex.org/A5000950966,24,6
https://openalex.org/A5001730805,24,6
https://openalex.org/A5005988996,24,6
https://openalex.org/A5012436442,24,6
https://openalex.org/A5012920055,24,6
https://openalex.org/A5016483649,24,6
https://openalex.org/A5016500427,24,6
https://openalex.org/A5016898278,24,6
https://openalex.org/A5027114385,24,6
https://openalex.org/A5027126593,24,6
https://openalex.org/A5028270223,24,6
https://openalex.org/A5030721523,24,6
https://openalex.org/A5050406086,24,6
https://openalex.org/A5052679235,24,6
https://openalex.org/A5053938566,24,6
https://openalex.org/A5054188136,24,6
https://openalex.org/A5055030663,24,6
https://openalex.org/A5058269956,24,6
https://openalex.org/A5066045324,24,6
https://openalex.org/A5069861627,24,6
https://openalex.org/A5071283924,24,6
https://openalex.org/A5072787926,24,6
https://openalex.org/A5074954022,24,6
https://openalex.org/A5075539945,24,6
https://openalex.org/A5078581523,24,6
https://openalex.org/A5079572059,24,6
https://openalex.org/A5079867688,24,6
https://openalex.org/A5082772591,24,6
https://openalex.org/A5102947185,24,6
https://openalex.org/A5109422952,24,6
https://openalex.org/A5110648438,24,6
https://openalex.org/A5112329808,24,6
https://openalex.org/A5000424744,24,5
https://openalex.org/A5001179598,24,5
https://openalex.org/A5001280204,24,5
https://openalex.org/A5002702034,24,5
https://openalex.org/A5007916326,24,5
https://openalex.org/A5007999621,24,5
https://openalex.org/A5008217287,24,5
https://openalex.org/A5010376328,24,5
https://openalex.org/A5014951209,24,5
https://openalex.org/A5015838310,24,5
https://openalex.org/A5017686879,24,5
https://openalex.org/A5023229265,24,5
https://openalex.org/A5028010043,24,5
https://openalex.org/A5029518511,24,5
https://openalex.org/A5034036650,24,5
https://openalex.org/A5034634639,24,5
https://openalex.org/A5036881546,24,5
https://openalex.org/A5043498643,24,5
https://openalex.org/A5049369651,24,5
https://openalex.org/A5053146426,24,5
https://openalex.org/A5054779145,24,5
https://openalex.org/A5057503672,24,5
https://openalex.org/A5064247212,24,5
https://openalex.org/A5065037325,24,5
https://openalex.org/A5069784835,24,5
https://openalex.org/A5072335963,24,5
https://openalex.org/A5075609221,24,5
https://openalex.org/A5078747710,24,5
https://openalex.org/A5085892744,24,5
https://openalex.org/A5086489900,24,5
https://openalex.org/A5090942613,24,5
https://openalex.org/A5100422227,24,5
https://openalex.org/A5109599365,24,5
https://openalex.org/A5109737158,24,5
https://openalex.org/A5000890588,24,4
https://openalex.org/A5001724919,24,4
https://openalex.org/A5002720959,24,4
https://openalex.org/A5004265166,24,4
https://openalex.org/A5004495825,24,4
https://openalex.org/A5005094671,24,4
https://openalex.org/A5005926480,24,4
https://openalex.org/A5008381354,24,4
https://openalex.org/A5009274474,24,4
https://openalex.org/A5011631703,24,4
https://openalex.org/A5013251728,24,4
https://openalex.org/A5013558296,24,4
https://openalex.org/A5014444739,24,4
https://openalex.org/A5014452879,24,4
https://openalex.org/A5015666309,24,4
https://openalex.org/A5015706474,24,4
https://openalex.org/A5015974719,24,4
https://openalex.org/A5016428843,24,4
https://openalex.org/A5016491347,24,4
https://openalex.org/A5017817794,24,4
https://openalex.org/A5019491510,24,4
https://openalex.org/A5019645796,24,4
https://openalex.org/A5020464850,24,4
https://openalex.org/A5021357992,24,4
https://openalex.org/A5025324036,24,4
https://openalex.org/A5025350826,24,4
https://openalex.org/A5026785933,24,4
https://openalex.org/A5028103646,24,4
https://openalex.org/A5028913764,24,4
https://openalex.org/A5032637902,24,4
https://openalex.org/A5036233252,24,4
https://openalex.org/A5037605128,24,4
https://openalex.org/A5037833959,24,4
https://openalex.org/A5040158142,24,4
https://openalex.org/A5046066731,24,4
https://openalex.org/A5046190137,24,4
https://openalex.org/A5046608495,24,4
https://openalex.org/A5048900905,24,4
https://openalex.org/A5049176972,24,4
https://openalex.org/A5051166104,24,4
https://openalex.org/A5054686259,24,4
https://openalex.org/A5057627434,24,4
https://openalex.org/A5060268328,24,4
https://openalex.org/A5061405705,24,4
https://openalex.org/A5061489908,24,4
https://openalex.org/A5062995420,24,4
https://openalex.org/A5063233652,24,4
https://openalex.org/A5064314137,24,4
https://openalex.org/A5068441708,24,4
https://openalex.org/A5071007337,24,4
https://openalex.org/A5074455864,24,4
https://openalex.org/A5077096302,24,4
https://openalex.org/A5081408125,24,4
https://openalex.org/A5083031548,24,4
https://openalex.org/A5086235813,24,4
https://openalex.org/A5086428831,24,4
https://openalex.org/A5102998608,24,4
https://openalex.org/A5103195848,24,4
https://openalex.org/A5103788305,24,4
https://openalex.org/A5109613356,24,4
https://openalex.org/A5111995000,24,4
https://openalex.org/A5112867668,24,4
https://openalex.org/A5113136614,24,4
https://openalex.org/A5113466481,24,4
https://openalex.org/A5000056112,24,3
https://openalex.org/A5002418618,24,3
https://openalex.org/A5003003000,24,3
https://openalex.org/A5003657053,24,3
https://openalex.org/A5005774185,24,3
https://openalex.org/A5006725493,24,3
https://openalex.org/A5006955047,24,3
https://openalex.org/A5008929835,24,3
https://openalex.org/A5011692977,24,3
https://openalex.org/A5013451133,24,3
https://openalex.org/A5014718273,24,3
https://openalex.org/A5020480120,24,3
https://openalex.org/A5022983323,24,3
https://openalex.org/A5023052287,24,3
https://openalex.org/A5024678706,24,3
https://openalex.org/A5025007086,24,3
https://openalex.org/A5025912466,24,3
https://openalex.org/A5026482313,24,3
https://openalex.org/A5030448077,24,3
https://openalex.org/A5031576431,24,3
https://openalex.org/A5040726898,24,3
https://openalex.org/A5042729182,24,3
https://openalex.org/A5049765612,24,3
https://openalex.org/A5050278605,24,3
https://openalex.org/A5050985325,24,3
https://openalex.org/A5052122142,24,3
https://openalex.org/A5053542343,24,3
https://openalex.org/A5061658991,24,3
https://openalex.org/A5066748187,24,3
https://openalex.org/A5072143834,24,3
https://openalex.org/A5073019130,24,3
https://openalex.org/A5075799068,24,3
https://openalex.org/A5075976014,24,3
https://openalex.org/A5076108277,24,3
https://openalex.org/A5079112829,24,3
https://openalex.org/A5083945877,24,3
https://openalex.org/A5087150383,24,3
https://openalex.org/A5088455903,24,3
https://openalex.org/A5090067744,24,3
https://openalex.org/A5090955003,24,3
https://openalex.org/A5101922299,24,3
https://openalex.org/A5103052159,24,3
https://openalex.org/A5103062203,24,3
https://openalex.org/A5103437197,24,3
https://openalex.org/A5103951113,24,3
https://openalex.org/A5104044112,24,3
https://openalex.org/A5108225291,24,3
https://openalex.org/A5109296242,24,3
https://openalex.org/A5111457745,24,3
https://openalex.org/A5111663231,24,3
https://openalex.org/A5001187304,24,2
https://openalex.org/A5001345207,24,2
https://openalex.org/A5002280936,24,2
https://openalex.org/A5005353169,24,2
https://openalex.org/A5006705660,24,2
https://openalex.org/A5008089284,24,2
https://openalex.org/A5008408009,24,2
https://openalex.org/A5009897134,24,2
https://openalex.org/A5012192539,24,2
https://openalex.org/A5016530346,24,2
https://openalex.org/A5017593408,24,2
https://openalex.org/A5019555100,24,2
https://openalex.org/A5021235933,24,2
https://openalex.org/A5027832418,24,2
https://openalex.org/A5029905562,24,2
https://openalex.org/A5031537322,24,2
https://openalex.org/A5035693149,24,2
https://openalex.org/A5036706694,24,2
https://openalex.org/A5040205629,24,2
https://openalex.org/A5043431594,24,2
https://openalex.org/A5044669192,24,2
https://openalex.org/A5046719180,24,2
https://openalex.org/A5047937488,24,2
https://openalex.org/A5051442106,24,2
https://openalex.org/A5051833236,24,2
https://openalex.org/A5051915708,24,2
https://openalex.org/A5052238451,24,2
https://openalex.org/A5054763492,24,2
https://openalex.org/A5057183028,24,2
https://openalex.org/A5058738847,24,2
https://openalex.org/A5059327286,24,2
https://openalex.org/A5061210983,24,2
https://openalex.org/A5063508640,24,2
https://openalex.org/A5064153354,24,2
https://openalex.org/A5065380367,24,2
https://openalex.org/A5070548382,24,2
https://openalex.org/A5074269008,24,2
https://openalex.org/A5074973223,24,2
https://openalex.org/A5076681195,24,2
https://openalex.org/A5078026055,24,2
https://openalex.org/A5083033186,24,2
https://openalex.org/A5084189704,24,2
https://openalex.org/A5086587972,24,2
https://openalex.org/A5088030600,24,2
https://openalex.org/A5088707502,24,2
https://openalex.org/A5089114040,24,2
https://openalex.org/A5090708778,24,2
https://openalex.org/A5091553919,24,2
https://openalex.org/A5107905151,24,2
https://openalex.org/A5110741129,24,2
https://openalex.org/A5112414218,24,2
https://openalex.org/A5113999789,24,2
https://openalex.org/A5115601398,24,2
https://openalex.org/A5008656877,24,1
https://openalex.org/A5014185113,24,1
https://openalex.org/A5014664928,24,1
https://openalex.org/A5022244538,24,1
https://openalex.org/A5032398151,24,1
https://openalex.org/A5037970846,24,1
https://openalex.org/A5038289355,24,1
https://openalex.org/A5044030849,24,1
https://openalex.org/A5046752492,24,1
https://openalex.org/A5052934042,24,1
https://openalex.org/A5053744618,24,1
https://openalex.org/A5057110925,24,1
https://openalex.org/A5058045611,24,1
https://openalex.org/A5081201507,24,1
https://openalex.org/A5089922787,24,1
https://openalex.org/A5112379605,24,1
https://openalex.org/A5013670125,25,105
https://openalex.org/A5043908500,25,66
https://openalex.org/A5063647785,25,63
https://openalex.org/A5044409132,25,34
https://openalex.org/A5084279765,25,29
https://openalex.org/A5054630728,25,27
https://openalex.org/A5075283583,25,27
https://openalex.org/A5010373001,25,26
https://openalex.org/A5032694172,25,25
https://openalex.org/A5054831137,25,25
https://openalex.org/A5068414530,25,25
https://openalex.org/A5100435146,25,24
https://openalex.org/A5091686932,25,23
https://openalex.org/A5006172855,25,21
https://openalex.org/A5050834827,25,21
https://openalex.org/A5068770852,25,20
https://openalex.org/A5064278484,25,18
https://openalex.org/A5031709228,25,17
https://openalex.org/A5032475130,25,17
https://openalex.org/A5022207601,25,16
https://openalex.org/A5016691378,25,15
https://openalex.org/A5029464163,25,15
https://openalex.org/A5033291050,25,14
https://openalex.org/A5047517174,25,14
https://openalex.org/A5047847314,25,14
https://openalex.org/A5070274437,25,14
https://openalex.org/A5079648413,25,14
https://openalex.org/A5064779012,25,13
https://openalex.org/A5004566032,25,12
https://openalex.org/A5019598751,25,12
https://openalex.org/A5066493067,25,12
https://openalex.org/A5101815945,25,12
https://openalex.org/A5001998760,25,11
https://openalex.org/A5041732716,25,11
https://openalex.org/A5076415009,25,11
https://openalex.org/A5111779511,25,11
https://openalex.org/A5069001141,25,10
https://openalex.org/A5069751167,25,10
https://openalex.org/A5076021360,25,10
https://openalex.org/A5083612947,25,10
https://openalex.org/A5112752610,25,10
https://openalex.org/A5002187701,25,9
https://openalex.org/A5006786589,25,9
https://openalex.org/A5026111613,25,9
https://openalex.org/A5028963458,25,9
https://openalex.org/A5032446414,25,9
https://openalex.org/A5001164371,25,8
https://openalex.org/A5001798166,25,8
https://openalex.org/A5012369475,25,8
https://openalex.org/A5016436443,25,8
https://openalex.org/A5016657852,25,8
https://openalex.org/A5025168018,25,8
https://openalex.org/A5031340776,25,8
https://openalex.org/A5037823865,25,8
https://openalex.org/A5045451254,25,8
https://openalex.org/A5047573998,25,8
https://openalex.org/A5049260372,25,8
https://openalex.org/A5056980887,25,8
https://openalex.org/A5061230904,25,8
https://openalex.org/A5075233397,25,8
https://openalex.org/A5076872458,25,8
https://openalex.org/A5079362844,25,8
https://openalex.org/A5081543204,25,8
https://openalex.org/A5084558159,25,8
https://openalex.org/A5086626238,25,8
https://openalex.org/A5087164516,25,8
https://openalex.org/A5100403979,25,8
https://openalex.org/A5103594031,25,8
https://openalex.org/A5002265323,25,7
https://openalex.org/A5002525174,25,7
https://openalex.org/A5015293137,25,7
https://openalex.org/A5019085801,25,7
https://openalex.org/A5019956121,25,7
https://openalex.org/A5028655865,25,7
https://openalex.org/A5032881580,25,7
https://openalex.org/A5033519947,25,7
https://openalex.org/A5036709208,25,7
https://openalex.org/A5049496836,25,7
https://openalex.org/A5054569164,25,7
https://openalex.org/A5054806059,25,7
https://openalex.org/A5064222311,25,7
https://openalex.org/A5065337650,25,7
https://openalex.org/A5073317997,25,7
https://openalex.org/A5073759029,25,7
https://openalex.org/A5075116755,25,7
https://openalex.org/A5076599775,25,7
https://openalex.org/A5077995544,25,7
https://openalex.org/A5089522357,25,7
https://openalex.org/A5100686479,25,7
https://openalex.org/A5100740128,25,7
https://openalex.org/A5103148486,25,7
https://openalex.org/A5106740465,25,7
https://openalex.org/A5106753477,25,7
https://openalex.org/A5001740205,25,6
https://openalex.org/A5003058859,25,6
https://openalex.org/A5006568961,25,6
https://openalex.org/A5009692823,25,6
https://openalex.org/A5020591202,25,6
https://openalex.org/A5020869708,25,6
https://openalex.org/A5021756571,25,6
https://openalex.org/A5027375769,25,6
https://openalex.org/A5029882573,25,6
https://openalex.org/A5032022829,25,6
https://openalex.org/A5034655852,25,6
https://openalex.org/A5036366429,25,6
https://openalex.org/A5053640148,25,6
https://openalex.org/A5070134774,25,6
https://openalex.org/A5070944838,25,6
https://openalex.org/A5075501406,25,6
https://openalex.org/A5078394535,25,6
https://openalex.org/A5084930117,25,6
https://openalex.org/A5102140710,25,6
https://openalex.org/A5110239075,25,6
https://openalex.org/A5002858161,25,5
https://openalex.org/A5003947132,25,5
https://openalex.org/A5004800043,25,5
https://openalex.org/A5005516194,25,5
https://openalex.org/A5005809877,25,5
https://openalex.org/A5009187597,25,5
https://openalex.org/A5012362492,25,5
https://openalex.org/A5014358775,25,5
https://openalex.org/A5022152674,25,5
https://openalex.org/A5024951903,25,5
https://openalex.org/A5024966239,25,5
https://openalex.org/A5028190496,25,5
https://openalex.org/A5031556461,25,5
https://openalex.org/A5034060718,25,5
https://openalex.org/A5034346038,25,5
https://openalex.org/A5035852380,25,5
https://openalex.org/A5035926144,25,5
https://openalex.org/A5036068807,25,5
https://openalex.org/A5036193894,25,5
https://openalex.org/A5038407745,25,5
https://openalex.org/A5039467957,25,5
https://openalex.org/A5044825815,25,5
https://openalex.org/A5045148405,25,5
https://openalex.org/A5047259794,25,5
https://openalex.org/A5049322970,25,5
https://openalex.org/A5050203819,25,5
https://openalex.org/A5050888938,25,5
https://openalex.org/A5051019098,25,5
https://openalex.org/A5055308967,25,5
https://openalex.org/A5057360766,25,5
https://openalex.org/A5058483396,25,5
https://openalex.org/A5060373173,25,5
https://openalex.org/A5060934705,25,5
https://openalex.org/A5063710956,25,5
https://openalex.org/A5064970531,25,5
https://openalex.org/A5071600308,25,5
https://openalex.org/A5075282433,25,5
https://openalex.org/A5076319902,25,5
https://openalex.org/A5076806779,25,5
https://openalex.org/A5077547409,25,5
https://openalex.org/A5081711064,25,5
https://openalex.org/A5081906566,25,5
https://openalex.org/A5084189449,25,5
https://openalex.org/A5087772659,25,5
https://openalex.org/A5089137149,25,5
https://openalex.org/A5090918369,25,5
https://openalex.org/A5091567545,25,5
https://openalex.org/A5100412358,25,5
https://openalex.org/A5100684665,25,5
https://openalex.org/A5101522880,25,5
https://openalex.org/A5101604645,25,5
https://openalex.org/A5101798370,25,5
https://openalex.org/A5103269540,25,5
https://openalex.org/A5109508156,25,5
https://openalex.org/A5113347067,25,5
https://openalex.org/A5000107225,25,4
https://openalex.org/A5007682772,25,4
https://openalex.org/A5007975088,25,4
https://openalex.org/A5008070273,25,4
https://openalex.org/A5015805381,25,4
https://openalex.org/A5019344066,25,4
https://openalex.org/A5021259488,25,4
https://openalex.org/A5021849573,25,4
https://openalex.org/A5022369154,25,4
https://openalex.org/A5023012310,25,4
https://openalex.org/A5026899448,25,4
https://openalex.org/A5027392119,25,4
https://openalex.org/A5027492516,25,4
https://openalex.org/A5028616202,25,4
https://openalex.org/A5029778136,25,4
https://openalex.org/A5033995989,25,4
https://openalex.org/A5034256615,25,4
https://openalex.org/A5036103922,25,4
https://openalex.org/A5036515634,25,4
https://openalex.org/A5039127251,25,4
https://openalex.org/A5042845329,25,4
https://openalex.org/A5047143966,25,4
https://openalex.org/A5047337343,25,4
https://openalex.org/A5057365719,25,4
https://openalex.org/A5065718999,25,4
https://openalex.org/A5066697683,25,4
https://openalex.org/A5078809653,25,4
https://openalex.org/A5084951002,25,4
https://openalex.org/A5084956416,25,4
https://openalex.org/A5089842725,25,4
https://openalex.org/A5091589622,25,4
https://openalex.org/A5103082404,25,4
https://openalex.org/A5104261311,25,4
https://openalex.org/A5111368114,25,4
https://openalex.org/A5112198688,25,4
https://openalex.org/A5002785992,25,3
https://openalex.org/A5008899692,25,3
https://openalex.org/A5010679625,25,3
https://openalex.org/A5015247392,25,3
https://openalex.org/A5016400217,25,3
https://openalex.org/A5017028717,25,3
https://openalex.org/A5019177719,25,3
https://openalex.org/A5020723477,25,3
https://openalex.org/A5023816847,25,3
https://openalex.org/A5024537982,25,3
https://openalex.org/A5027133176,25,3
https://openalex.org/A5028358625,25,3
https://openalex.org/A5028590066,25,3
https://openalex.org/A5033933272,25,3
https://openalex.org/A5038637784,25,3
https://openalex.org/A5040147060,25,3
https://openalex.org/A5043131201,25,3
https://openalex.org/A5046405655,25,3
https://openalex.org/A5050740290,25,3
https://openalex.org/A5052688958,25,3
https://openalex.org/A5057733936,25,3
https://openalex.org/A5062895972,25,3
https://openalex.org/A5067114891,25,3
https://openalex.org/A5071850773,25,3
https://openalex.org/A5073710462,25,3
https://openalex.org/A5074771697,25,3
https://openalex.org/A5086567295,25,3
https://openalex.org/A5087853861,25,3
https://openalex.org/A5090033474,25,3
https://openalex.org/A5090759530,25,3
https://openalex.org/A5100323773,25,3
https://openalex.org/A5100391905,25,3
https://openalex.org/A5100669068,25,3
https://openalex.org/A5103231201,25,3
https://openalex.org/A5109178254,25,3
https://openalex.org/A5109213705,25,3
https://openalex.org/A5111055486,25,3
https://openalex.org/A5112615531,25,3
https://openalex.org/A5002093468,25,2
https://openalex.org/A5007449651,25,2
https://openalex.org/A5008677243,25,2
https://openalex.org/A5011919726,25,2
https://openalex.org/A5013668260,25,2
https://openalex.org/A5016331100,25,2
https://openalex.org/A5020623084,25,2
https://openalex.org/A5023966907,25,2
https://openalex.org/A5024266154,25,2
https://openalex.org/A5024647784,25,2
https://openalex.org/A5029616498,25,2
https://openalex.org/A5030500389,25,2
https://openalex.org/A5032160224,25,2
https://openalex.org/A5039270571,25,2
https://openalex.org/A5041641370,25,2
https://openalex.org/A5045003458,25,2
https://openalex.org/A5045888732,25,2
https://openalex.org/A5045947831,25,2
https://openalex.org/A5055209420,25,2
https://openalex.org/A5055505070,25,2
https://openalex.org/A5062063850,25,2
https://openalex.org/A5065272881,25,2
https://openalex.org/A5068303397,25,2
https://openalex.org/A5073905429,25,2
https://openalex.org/A5074596692,25,2
https://openalex.org/A5075906055,25,2
https://openalex.org/A5077064045,25,2
https://openalex.org/A5077231672,25,2
https://openalex.org/A5085804244,25,2
https://openalex.org/A5092489743,25,2
https://openalex.org/A5098943448,25,2
https://openalex.org/A5101044991,25,2
https://openalex.org/A5102018974,25,2
https://openalex.org/A5108442133,25,2
https://openalex.org/A5112192051,25,2
https://openalex.org/A5113686907,25,2
https://openalex.org/A5113692772,25,2
https://openalex.org/A5113891950,25,2
https://openalex.org/A5005924594,25,1
https://openalex.org/A5013893867,25,1
https://openalex.org/A5017095161,25,1
https://openalex.org/A5018139925,25,1
https://openalex.org/A5032216414,25,1
https://openalex.org/A5036868122,25,1
https://openalex.org/A5041171550,25,1
https://openalex.org/A5041974328,25,1
https://openalex.org/A5044689546,25,1
https://openalex.org/A5049418181,25,1
https://openalex.org/A5052638058,25,1
https://openalex.org/A5054834161,25,1
https://openalex.org/A5062640971,25,1
https://openalex.org/A5063498810,25,1
https://openalex.org/A5069605775,25,1
https://openalex.org/A5072302299,25,1
https://openalex.org/A5079419276,25,1
https://openalex.org/A5080301618,25,1
https://openalex.org/A5103099140,25,1
https://openalex.org/A5103159189,25,1
https://openalex.org/A5113730616,25,1
https://openalex.org/A5006294869,26,267
https://openalex.org/A5028024287,26,53
https://openalex.org/A5043220498,26,29
https://openalex.org/A5029912845,26,24
https://openalex.org/A5089444805,26,24
https://openalex.org/A5070976480,26,22
https://openalex.org/A5100653846,26,21
https://openalex.org/A5100376140,26,19
https://openalex.org/A5100353596,26,17
https://openalex.org/A5036358447,26,16
https://openalex.org/A5080674767,26,16
https://openalex.org/A5082520166,26,16
https://openalex.org/A5100389396,26,16
https://openalex.org/A5028235866,26,14
https://openalex.org/A5041031140,26,14
https://openalex.org/A5073942971,26,14
https://openalex.org/A5100396097,26,14
https://openalex.org/A5100777411,26,14
https://openalex.org/A5033588812,26,13
https://openalex.org/A5033681666,26,13
https://openalex.org/A5039104219,26,13
https://openalex.org/A5091543199,26,13
https://openalex.org/A5100752686,26,13
https://openalex.org/A5072565301,26,12
https://openalex.org/A5072209031,26,11
https://openalex.org/A5100751872,26,11
https://openalex.org/A5101599729,26,11
https://openalex.org/A5101827340,26,11
https://openalex.org/A5041589060,26,10
https://openalex.org/A5074655314,26,10
https://openalex.org/A5076928390,26,10
https://openalex.org/A5090881698,26,10
https://openalex.org/A5101768095,26,10
https://openalex.org/A5019990791,26,9
https://openalex.org/A5041554011,26,9
https://openalex.org/A5056609571,26,9
https://openalex.org/A5060958969,26,9
https://openalex.org/A5061696740,26,9
https://openalex.org/A5066964304,26,9
https://openalex.org/A5071461852,26,9
https://openalex.org/A5071549690,26,9
https://openalex.org/A5073503029,26,9
https://openalex.org/A5074492050,26,9
https://openalex.org/A5100350631,26,9
https://openalex.org/A5100433957,26,9
https://openalex.org/A5100635804,26,9
https://openalex.org/A5100726984,26,9
https://openalex.org/A5101406829,26,9
https://openalex.org/A5001735290,26,8
https://openalex.org/A5006197413,26,8
https://openalex.org/A5006986293,26,8
https://openalex.org/A5014324841,26,8
https://openalex.org/A5017235581,26,8
https://openalex.org/A5044594971,26,8
https://openalex.org/A5052993469,26,8
https://openalex.org/A5054947207,26,8
https://openalex.org/A5055612307,26,8
https://openalex.org/A5057571532,26,8
https://openalex.org/A5068034476,26,8
https://openalex.org/A5068937750,26,8
https://openalex.org/A5070805897,26,8
https://openalex.org/A5070947544,26,8
https://openalex.org/A5078980036,26,8
https://openalex.org/A5081419302,26,8
https://openalex.org/A5090834327,26,8
https://openalex.org/A5091013640,26,8
https://openalex.org/A5100327175,26,8
https://openalex.org/A5100418319,26,8
https://openalex.org/A5100451855,26,8
https://openalex.org/A5100636655,26,8
https://openalex.org/A5100655526,26,8
https://openalex.org/A5100704678,26,8
https://openalex.org/A5101136145,26,8
https://openalex.org/A5101283118,26,8
https://openalex.org/A5101634167,26,8
https://openalex.org/A5101647532,26,8
https://openalex.org/A5101668541,26,8
https://openalex.org/A5101987526,26,8
https://openalex.org/A5110692661,26,8
https://openalex.org/A5120218293,26,8
https://openalex.org/A5002942097,26,7
https://openalex.org/A5009662080,26,7
https://openalex.org/A5010299064,26,7
https://openalex.org/A5015728132,26,7
https://openalex.org/A5018831111,26,7
https://openalex.org/A5030497493,26,7
https://openalex.org/A5034957065,26,7
https://openalex.org/A5037131575,26,7
https://openalex.org/A5045125183,26,7
https://openalex.org/A5056961910,26,7
https://openalex.org/A5065772307,26,7
https://openalex.org/A5073464445,26,7
https://openalex.org/A5078340555,26,7
https://openalex.org/A5082874896,26,7
https://openalex.org/A5086745879,26,7
https://openalex.org/A5100693026,26,7
https://openalex.org/A5101466045,26,7
https://openalex.org/A5101554884,26,7
https://openalex.org/A5101586393,26,7
https://openalex.org/A5101962227,26,7
https://openalex.org/A5112511255,26,7
https://openalex.org/A5006378664,26,6
https://openalex.org/A5010310339,26,6
https://openalex.org/A5011707621,26,6
https://openalex.org/A5014498545,26,6
https://openalex.org/A5019248683,26,6
https://openalex.org/A5019708391,26,6
https://openalex.org/A5021623206,26,6
https://openalex.org/A5024442284,26,6
https://openalex.org/A5024986740,26,6
https://openalex.org/A5029021362,26,6
https://openalex.org/A5033773467,26,6
https://openalex.org/A5036510129,26,6
https://openalex.org/A5037101589,26,6
https://openalex.org/A5052821782,26,6
https://openalex.org/A5054586129,26,6
https://openalex.org/A5055185546,26,6
https://openalex.org/A5056503617,26,6
https://openalex.org/A5056718303,26,6
https://openalex.org/A5059452629,26,6
https://openalex.org/A5065667064,26,6
https://openalex.org/A5081607584,26,6
https://openalex.org/A5086397952,26,6
https://openalex.org/A5086468661,26,6
https://openalex.org/A5087453555,26,6
https://openalex.org/A5088648308,26,6
https://openalex.org/A5100391493,26,6
https://openalex.org/A5100410912,26,6
https://openalex.org/A5100458163,26,6
https://openalex.org/A5100623330,26,6
https://openalex.org/A5100740881,26,6
https://openalex.org/A5101497500,26,6
https://openalex.org/A5101540588,26,6
https://openalex.org/A5101680106,26,6
https://openalex.org/A5101910386,26,6
https://openalex.org/A5101917932,26,6
https://openalex.org/A5102328739,26,6
https://openalex.org/A5102706204,26,6
https://openalex.org/A5102831936,26,6
https://openalex.org/A5102952943,26,6
https://openalex.org/A5110764613,26,6
https://openalex.org/A5113059190,26,6
https://openalex.org/A5002514015,26,5
https://openalex.org/A5004895426,26,5
https://openalex.org/A5008382252,26,5
https://openalex.org/A5010019122,26,5
https://openalex.org/A5011835422,26,5
https://openalex.org/A5017469047,26,5
https://openalex.org/A5018764462,26,5
https://openalex.org/A5021722049,26,5
https://openalex.org/A5022382771,26,5
https://openalex.org/A5027317977,26,5
https://openalex.org/A5035480544,26,5
https://openalex.org/A5036631624,26,5
https://openalex.org/A5036747535,26,5
https://openalex.org/A5045069647,26,5
https://openalex.org/A5049423279,26,5
https://openalex.org/A5055085354,26,5
https://openalex.org/A5055565056,26,5
https://openalex.org/A5056457283,26,5
https://openalex.org/A5058299934,26,5
https://openalex.org/A5058520218,26,5
https://openalex.org/A5059850130,26,5
https://openalex.org/A5060308020,26,5
https://openalex.org/A5062687402,26,5
https://openalex.org/A5064628210,26,5
https://openalex.org/A5065180062,26,5
https://openalex.org/A5067549788,26,5
https://openalex.org/A5068975028,26,5
https://openalex.org/A5070802592,26,5
https://openalex.org/A5078170935,26,5
https://openalex.org/A5079361172,26,5
https://openalex.org/A5080977911,26,5
https://openalex.org/A5084521046,26,5
https://openalex.org/A5094304749,26,5
https://openalex.org/A5100322342,26,5
https://openalex.org/A5100322376,26,5
https://openalex.org/A5100323672,26,5
https://openalex.org/A5100353581,26,5
https://openalex.org/A5100353664,26,5
https://openalex.org/A5100355884,26,5
https://openalex.org/A5100361055,26,5
https://openalex.org/A5100390693,26,5
https://openalex.org/A5100395059,26,5
https://openalex.org/A5100396039,26,5
https://openalex.org/A5100411265,26,5
https://openalex.org/A5100414383,26,5
https://openalex.org/A5100424906,26,5
https://openalex.org/A5100437450,26,5
https://openalex.org/A5100440272,26,5
https://openalex.org/A5100450024,26,5
https://openalex.org/A5100577418,26,5
https://openalex.org/A5100611987,26,5
https://openalex.org/A5100621138,26,5
https://openalex.org/A5100655528,26,5
https://openalex.org/A5100658356,26,5
https://openalex.org/A5100670074,26,5
https://openalex.org/A5100739668,26,5
https://openalex.org/A5100742122,26,5
https://openalex.org/A5100748706,26,5
https://openalex.org/A5100883743,26,5
https://openalex.org/A5101418342,26,5
https://openalex.org/A5101494435,26,5
https://openalex.org/A5101529502,26,5
https://openalex.org/A5101715784,26,5
https://openalex.org/A5101790836,26,5
https://openalex.org/A5101909917,26,5
https://openalex.org/A5102545456,26,5
https://openalex.org/A5103020604,26,5
https://openalex.org/A5108212765,26,5
https://openalex.org/A5110158277,26,5
https://openalex.org/A5111111965,26,5
https://openalex.org/A5112481629,26,5
https://openalex.org/A5114549594,26,5
https://openalex.org/A5004212956,26,4
https://openalex.org/A5012529382,26,4
https://openalex.org/A5014916744,26,4
https://openalex.org/A5017381564,26,4
https://openalex.org/A5023822600,26,4
https://openalex.org/A5025643309,26,4
https://openalex.org/A5025716158,26,4
https://openalex.org/A5032352025,26,4
https://openalex.org/A5039697026,26,4
https://openalex.org/A5042271198,26,4
https://openalex.org/A5047988362,26,4
https://openalex.org/A5062278877,26,4
https://openalex.org/A5063776568,26,4
https://openalex.org/A5066989412,26,4
https://openalex.org/A5080715081,26,4
https://openalex.org/A5084565580,26,4
https://openalex.org/A5085389110,26,4
https://openalex.org/A5091518967,26,4
https://openalex.org/A5100375036,26,4
https://openalex.org/A5100385092,26,4
https://openalex.org/A5100395088,26,4
https://openalex.org/A5100402109,26,4
https://openalex.org/A5100409052,26,4
https://openalex.org/A5100409053,26,4
https://openalex.org/A5100416717,26,4
https://openalex.org/A5100440326,26,4
https://openalex.org/A5100554558,26,4
https://openalex.org/A5100639353,26,4
https://openalex.org/A5100695524,26,4
https://openalex.org/A5100735663,26,4
https://openalex.org/A5100755583,26,4
https://openalex.org/A5100776546,26,4
https://openalex.org/A5101098522,26,4
https://openalex.org/A5101504415,26,4
https://openalex.org/A5101534700,26,4
https://openalex.org/A5101954574,26,4
https://openalex.org/A5106671405,26,4
https://openalex.org/A5111673780,26,4
https://openalex.org/A5000798681,26,3
https://openalex.org/A5002365633,26,3
https://openalex.org/A5023893507,26,3
https://openalex.org/A5031460459,26,3
https://openalex.org/A5033899348,26,3
https://openalex.org/A5035368992,26,3
https://openalex.org/A5042899882,26,3
https://openalex.org/A5067989679,26,3
https://openalex.org/A5069883194,26,3
https://openalex.org/A5078219471,26,3
https://openalex.org/A5079762822,26,3
https://openalex.org/A5087990767,26,3
https://openalex.org/A5100395314,26,3
https://openalex.org/A5100401021,26,3
https://openalex.org/A5100416750,26,3
https://openalex.org/A5100458219,26,3
https://openalex.org/A5100458254,26,3
https://openalex.org/A5100633106,26,3
https://openalex.org/A5100645929,26,3
https://openalex.org/A5100695372,26,3
https://openalex.org/A5100704268,26,3
https://openalex.org/A5101011962,26,3
https://openalex.org/A5101646727,26,3
https://openalex.org/A5102921119,26,3
https://openalex.org/A5002577378,26,2
https://openalex.org/A5022205366,26,2
https://openalex.org/A5034209191,26,2
https://openalex.org/A5083453098,26,2
https://openalex.org/A5083707053,26,2
https://openalex.org/A5100390630,26,2
https://openalex.org/A5100395035,26,2
https://openalex.org/A5100409994,26,2
https://openalex.org/A5100609507,26,2
https://openalex.org/A5101500407,26,2
https://openalex.org/A5101504417,26,2
https://openalex.org/A5101516902,26,2
https://openalex.org/A5101539923,26,2
https://openalex.org/A5101819061,26,1
https://openalex.org/A5054791973,27,175
https://openalex.org/A5013184354,27,55
https://openalex.org/A5039995516,27,42
https://openalex.org/A5086908160,27,34
https://openalex.org/A5022945304,27,32
https://openalex.org/A5032506215,27,29
https://openalex.org/A5086264524,27,24
https://openalex.org/A5071024354,27,23
https://openalex.org/A5054262809,27,21
https://openalex.org/A5027462458,27,17
https://openalex.org/A5058771456,27,17
https://openalex.org/A5019717619,27,15
https://openalex.org/A5027320968,27,15
https://openalex.org/A5048501969,27,14
https://openalex.org/A5101786249,27,14
https://openalex.org/A5024094781,27,13
https://openalex.org/A5078894934,27,13
https://openalex.org/A5080417105,27,13
https://openalex.org/A5000627023,27,12
https://openalex.org/A5021078537,27,12
https://openalex.org/A5052893799,27,12
https://openalex.org/A5060634423,27,12
https://openalex.org/A5073126169,27,12
https://openalex.org/A5008049737,27,11
https://openalex.org/A5014931039,27,11
https://openalex.org/A5018053342,27,11
https://openalex.org/A5026166440,27,11
https://openalex.org/A5049890184,27,11
https://openalex.org/A5050495408,27,11
https://openalex.org/A5104099957,27,11
https://openalex.org/A5000313412,27,9
https://openalex.org/A5007311597,27,9
https://openalex.org/A5017280421,27,9
https://openalex.org/A5018990349,27,9
https://openalex.org/A5026082079,27,9
https://openalex.org/A5034356912,27,9
https://openalex.org/A5034690621,27,9
https://openalex.org/A5052953929,27,9
https://openalex.org/A5054449436,27,9
https://openalex.org/A5058475679,27,9
https://openalex.org/A5059375579,27,9
https://openalex.org/A5066467707,27,9
https://openalex.org/A5068195667,27,9
https://openalex.org/A5088459011,27,9
https://openalex.org/A5088641559,27,9
https://openalex.org/A5007496528,27,8
https://openalex.org/A5011651819,27,8
https://openalex.org/A5015955757,27,8
https://openalex.org/A5030837922,27,8
https://openalex.org/A5038470056,27,8
https://openalex.org/A5044893670,27,8
https://openalex.org/A5054663214,27,8
https://openalex.org/A5056137271,27,8
https://openalex.org/A5063175331,27,8
https://openalex.org/A5074687592,27,8
https://openalex.org/A5077038579,27,8
https://openalex.org/A5083203767,27,8
https://openalex.org/A5084817550,27,8
https://openalex.org/A5086468766,27,8
https://openalex.org/A5086853840,27,8
https://openalex.org/A5087114182,27,8
https://openalex.org/A5087705607,27,8
https://openalex.org/A5001100231,27,7
https://openalex.org/A5009206187,27,7
https://openalex.org/A5009891223,27,7
https://openalex.org/A5015690005,27,7
https://openalex.org/A5018242273,27,7
https://openalex.org/A5020022959,27,7
https://openalex.org/A5024076910,27,7
https://openalex.org/A5025001195,27,7
https://openalex.org/A5026740608,27,7
https://openalex.org/A5029396985,27,7
https://openalex.org/A5029956662,27,7
https://openalex.org/A5030206762,27,7
https://openalex.org/A5033460781,27,7
https://openalex.org/A5036999299,27,7
https://openalex.org/A5046105839,27,7
https://openalex.org/A5047019962,27,7
https://openalex.org/A5050240636,27,7
https://openalex.org/A5051760595,27,7
https://openalex.org/A5052897698,27,7
https://openalex.org/A5053055285,27,7
https://openalex.org/A5053426776,27,7
https://openalex.org/A5055537059,27,7
https://openalex.org/A5056512785,27,7
https://openalex.org/A5056549537,27,7
https://openalex.org/A5058165350,27,7
https://openalex.org/A5064383725,27,7
https://openalex.org/A5065123968,27,7
https://openalex.org/A5065222695,27,7
https://openalex.org/A5067417184,27,7
https://openalex.org/A5067420890,27,7
https://openalex.org/A5067610507,27,7
https://openalex.org/A5071637692,27,7
https://openalex.org/A5073342314,27,7
https://openalex.org/A5075431039,27,7
https://openalex.org/A5077149161,27,7
https://openalex.org/A5079123323,27,7
https://openalex.org/A5080006840,27,7
https://openalex.org/A5080454757,27,7
https://openalex.org/A5081617598,27,7
https://openalex.org/A5084411136,27,7
https://openalex.org/A5090383900,27,7
https://openalex.org/A5100422745,27,7
https://openalex.org/A5100701724,27,7
https://openalex.org/A5103184463,27,7
https://openalex.org/A5107891185,27,7
https://openalex.org/A5108737070,27,7
https://openalex.org/A5111342740,27,7
https://openalex.org/A5111642539,27,7
https://openalex.org/A5111951947,27,7
https://openalex.org/A5113037514,27,7
https://openalex.org/A5113866151,27,7
https://openalex.org/A5002554422,27,6
https://openalex.org/A5011192060,27,6
https://openalex.org/A5016314032,27,6
https://openalex.org/A5016515762,27,6
https://openalex.org/A5020502354,27,6
https://openalex.org/A5027459975,27,6
https://openalex.org/A5027571680,27,6
https://openalex.org/A5030250235,27,6
https://openalex.org/A5032088824,27,6
https://openalex.org/A5033218316,27,6
https://openalex.org/A5039181987,27,6
https://openalex.org/A5039744904,27,6
https://openalex.org/A5041537611,27,6
https://openalex.org/A5042474249,27,6
https://openalex.org/A5042801829,27,6
https://openalex.org/A5044709791,27,6
https://openalex.org/A5046029043,27,6
https://openalex.org/A5054103715,27,6
https://openalex.org/A5055064313,27,6
https://openalex.org/A5056480595,27,6
https://openalex.org/A5057333295,27,6
https://openalex.org/A5063049336,27,6
https://openalex.org/A5064397697,27,6
https://openalex.org/A5065704267,27,6
https://openalex.org/A5066190049,27,6
https://openalex.org/A5067474496,27,6
https://openalex.org/A5073897584,27,6
https://openalex.org/A5080623810,27,6
https://openalex.org/A5080816287,27,6
https://openalex.org/A5082997608,27,6
https://openalex.org/A5083748988,27,6
https://openalex.org/A5088339616,27,6
https://openalex.org/A5089509156,27,6
https://openalex.org/A5100604690,27,6
https://openalex.org/A5101627266,27,6
https://openalex.org/A5103430316,27,6
https://openalex.org/A5110189642,27,6
https://openalex.org/A5000300261,27,5
https://openalex.org/A5001010779,27,5
https://openalex.org/A5003737642,27,5
https://openalex.org/A5004654488,27,5
https://openalex.org/A5008888320,27,5
https://openalex.org/A5010776156,27,5
https://openalex.org/A5011484967,27,5
https://openalex.org/A5013517895,27,5
https://openalex.org/A5018038711,27,5
https://openalex.org/A5018212005,27,5
https://openalex.org/A5021740728,27,5
https://openalex.org/A5022230602,27,5
https://openalex.org/A5026839393,27,5
https://openalex.org/A5029395692,27,5
https://openalex.org/A5034329650,27,5
https://openalex.org/A5036217542,27,5
https://openalex.org/A5039494728,27,5
https://openalex.org/A5040600354,27,5
https://openalex.org/A5047267436,27,5
https://openalex.org/A5048877821,27,5
https://openalex.org/A5050362942,27,5
https://openalex.org/A5053579952,27,5
https://openalex.org/A5057421150,27,5
https://openalex.org/A5059784345,27,5
https://openalex.org/A5061052378,27,5
https://openalex.org/A5065883761,27,5
https://openalex.org/A5066371670,27,5
https://openalex.org/A5070644910,27,5
https://openalex.org/A5073030515,27,5
https://openalex.org/A5075285361,27,5
https://openalex.org/A5075497327,27,5
https://openalex.org/A5085361966,27,5
https://openalex.org/A5086824039,27,5
https://openalex.org/A5087414125,27,5
https://openalex.org/A5088957431,27,5
https://openalex.org/A5091875144,27,5
https://openalex.org/A5103521825,27,5
https://openalex.org/A5103735311,27,5
https://openalex.org/A5108454007,27,5
https://openalex.org/A5110236435,27,5
https://openalex.org/A5110489762,27,5
https://openalex.org/A5003836326,27,4
https://openalex.org/A5004253546,27,4
https://openalex.org/A5006692489,27,4
https://openalex.org/A5007534783,27,4
https://openalex.org/A5009798144,27,4
https://openalex.org/A5013430806,27,4
https://openalex.org/A5015478065,27,4
https://openalex.org/A5015531621,27,4
https://openalex.org/A5022349675,27,4
https://openalex.org/A5027303084,27,4
https://openalex.org/A5030702477,27,4
https://openalex.org/A5033889268,27,4
https://openalex.org/A5039533451,27,4
https://openalex.org/A5043397884,27,4
https://openalex.org/A5045089125,27,4
https://openalex.org/A5048296639,27,4
https://openalex.org/A5058867907,27,4
https://openalex.org/A5060975974,27,4
https://openalex.org/A5066917743,27,4
https://openalex.org/A5070616262,27,4
https://openalex.org/A5074409311,27,4
https://openalex.org/A5074767300,27,4
https://openalex.org/A5074971535,27,4
https://openalex.org/A5077664203,27,4
https://openalex.org/A5082964132,27,4
https://openalex.org/A5083311220,27,4
https://openalex.org/A5086043230,27,4
https://openalex.org/A5087751292,27,4
https://openalex.org/A5091153370,27,4
https://openalex.org/A5102935668,27,4
https://openalex.org/A5108514050,27,4
https://openalex.org/A5110090370,27,4
https://openalex.org/A5000213324,27,3
https://openalex.org/A5001274906,27,3
https://openalex.org/A5002732360,27,3
https://openalex.org/A5003281131,27,3
https://openalex.org/A5009462727,27,3
https://openalex.org/A5013338448,27,3
https://openalex.org/A5015934450,27,3
https://openalex.org/A5021903309,27,3
https://openalex.org/A5023676973,27,3
https://openalex.org/A5024635294,27,3
https://openalex.org/A5024799204,27,3
https://openalex.org/A5034268751,27,3
https://openalex.org/A5035352636,27,3
https://openalex.org/A5037390742,27,3
https://openalex.org/A5043668890,27,3
https://openalex.org/A5046450925,27,3
https://openalex.org/A5050925561,27,3
https://openalex.org/A5054642819,27,3
https://openalex.org/A5058635743,27,3
https://openalex.org/A5059546193,27,3
https://openalex.org/A5059652391,27,3
https://openalex.org/A5062416416,27,3
https://openalex.org/A5062976290,27,3
https://openalex.org/A5065611635,27,3
https://openalex.org/A5073547083,27,3
https://openalex.org/A5073734131,27,3
https://openalex.org/A5075864399,27,3
https://openalex.org/A5079051839,27,3
https://openalex.org/A5079878305,27,3
https://openalex.org/A5084868777,27,3
https://openalex.org/A5085572513,27,3
https://openalex.org/A5087866141,27,3
https://openalex.org/A5089042849,27,3
https://openalex.org/A5101850265,27,3
https://openalex.org/A5102910195,27,3
https://openalex.org/A5103264849,27,3
https://openalex.org/A5108256070,27,3
https://openalex.org/A5110267421,27,3
https://openalex.org/A5004881578,27,2
https://openalex.org/A5006794474,27,2
https://openalex.org/A5021077470,27,2
https://openalex.org/A5021465030,27,2
https://openalex.org/A5025099930,27,2
https://openalex.org/A5026279431,27,2
https://openalex.org/A5037746846,27,2
https://openalex.org/A5039863061,27,2
https://openalex.org/A5052584097,27,2
https://openalex.org/A5054703775,27,2
https://openalex.org/A5057195704,27,2
https://openalex.org/A5058796248,27,2
https://openalex.org/A5064087878,27,2
https://openalex.org/A5066276682,27,2
https://openalex.org/A5072572829,27,2
https://openalex.org/A5073104450,27,2
https://openalex.org/A5077219302,27,2
https://openalex.org/A5078138496,27,2
https://openalex.org/A5082650287,27,2
https://openalex.org/A5082717327,27,2
https://openalex.org/A5101517875,27,2
https://openalex.org/A5107232877,27,2
https://openalex.org/A5109388191,27,2
https://openalex.org/A5006018107,27,1
https://openalex.org/A5031768560,27,1
https://openalex.org/A5036805920,27,1
https://openalex.org/A5058525124,27,1
https://openalex.org/A5062137671,27,1
https://openalex.org/A5085927300,28,215
https://openalex.org/A5030571651,28,38
https://openalex.org/A5065212478,28,25
https://openalex.org/A5017534073,28,22
https://openalex.org/A5050821883,28,19
https://openalex.org/A5025085845,28,16
https://openalex.org/A5028273524,28,16
https://openalex.org/A5089412314,28,15
https://openalex.org/A5028574041,28,14
https://openalex.org/A5100338921,28,12
https://openalex.org/A5002709735,28,11
https://openalex.org/A5076384465,28,11
https://openalex.org/A5008016791,28,10
https://openalex.org/A5031068694,28,10
https://openalex.org/A5047878798,28,10
https://openalex.org/A5024192305,28,9
https://openalex.org/A5100412937,28,9
https://openalex.org/A5012257861,28,8
https://openalex.org/A5017208832,28,8
https://openalex.org/A5028780342,28,8
https://openalex.org/A5029689400,28,8
https://openalex.org/A5050536257,28,8
https://openalex.org/A5055868618,28,8
https://openalex.org/A5056158205,28,8
https://openalex.org/A5057021951,28,8
https://openalex.org/A5067822868,28,8
https://openalex.org/A5078162707,28,8
https://openalex.org/A5100438484,28,8
https://openalex.org/A5100667057,28,8
https://openalex.org/A5100769533,28,8
https://openalex.org/A5101438812,28,8
https://openalex.org/A5101868390,28,8
https://openalex.org/A5101938454,28,8
https://openalex.org/A5012092057,28,7
https://openalex.org/A5015534160,28,7
https://openalex.org/A5016849840,28,7
https://openalex.org/A5022233827,28,7
https://openalex.org/A5023654604,28,7
https://openalex.org/A5032027675,28,7
https://openalex.org/A5033917064,28,7
https://openalex.org/A5036961942,28,7
https://openalex.org/A5041703382,28,7
https://openalex.org/A5043419445,28,7
https://openalex.org/A5045613469,28,7
https://openalex.org/A5047826639,28,7
https://openalex.org/A5050370761,28,7
https://openalex.org/A5051505435,28,7
https://openalex.org/A5051544089,28,7
https://openalex.org/A5053264719,28,7
https://openalex.org/A5056032814,28,7
https://openalex.org/A5061241022,28,7
https://openalex.org/A5065688873,28,7
https://openalex.org/A5066272122,28,7
https://openalex.org/A5068791842,28,7
https://openalex.org/A5069166748,28,7
https://openalex.org/A5073393938,28,7
https://openalex.org/A5077784732,28,7
https://openalex.org/A5088689984,28,7
https://openalex.org/A5091582415,28,7
https://openalex.org/A5101222739,28,7
https://openalex.org/A5101577122,28,7
https://openalex.org/A5102533690,28,7
https://openalex.org/A5111548453,28,7
https://openalex.org/A5001523273,28,6
https://openalex.org/A5014846800,28,6
https://openalex.org/A5019237285,28,6
https://openalex.org/A5034730160,28,6
https://openalex.org/A5037332242,28,6
https://openalex.org/A5043188326,28,6
https://openalex.org/A5043618214,28,6
https://openalex.org/A5045427635,28,6
https://openalex.org/A5045660489,28,6
https://openalex.org/A5046254364,28,6
https://openalex.org/A5047800987,28,6
https://openalex.org/A5052257833,28,6
https://openalex.org/A5075426054,28,6
https://openalex.org/A5090436351,28,6
https://openalex.org/A5103045783,28,6
https://openalex.org/A5103083194,28,6
https://openalex.org/A5103570675,28,6
https://openalex.org/A5110018213,28,6
https://openalex.org/A5113862672,28,6
https://openalex.org/A5005174020,28,5
https://openalex.org/A5006724019,28,5
https://openalex.org/A5007782249,28,5
https://openalex.org/A5010687341,28,5
https://openalex.org/A5014822644,28,5
https://openalex.org/A5019594264,28,5
https://openalex.org/A5022757511,28,5
https://openalex.org/A5024097718,28,5
https://openalex.org/A5032095191,28,5
https://openalex.org/A5033455461,28,5
https://openalex.org/A5037627275,28,5
https://openalex.org/A5038579832,28,5
https://openalex.org/A5041221929,28,5
https://openalex.org/A5044005828,28,5
https://openalex.org/A5046032512,28,5
https://openalex.org/A5047957075,28,5
https://openalex.org/A5048089055,28,5
https://openalex.org/A5052426710,28,5
https://openalex.org/A5052845887,28,5
https://openalex.org/A5053236115,28,5
https://openalex.org/A5067467896,28,5
https://openalex.org/A5070791437,28,5
https://openalex.org/A5074227937,28,5
https://openalex.org/A5076926809,28,5
https://openalex.org/A5077250901,28,5
https://openalex.org/A5077846424,28,5
https://openalex.org/A5079167360,28,5
https://openalex.org/A5080795738,28,5
https://openalex.org/A5088383740,28,5
https://openalex.org/A5089953417,28,5
https://openalex.org/A5100433691,28,5
https://openalex.org/A5108050911,28,5
https://openalex.org/A5109221121,28,5
https://openalex.org/A5112725801,28,5
https://openalex.org/A5113919628,28,5
https://openalex.org/A5000548595,28,4
https://openalex.org/A5005355207,28,4
https://openalex.org/A5009370402,28,4
https://openalex.org/A5014329318,28,4
https://openalex.org/A5015788232,28,4
https://openalex.org/A5017465110,28,4
https://openalex.org/A5017776752,28,4
https://openalex.org/A5019622072,28,4
https://openalex.org/A5024024784,28,4
https://openalex.org/A5033334482,28,4
https://openalex.org/A5033400036,28,4
https://openalex.org/A5034169349,28,4
https://openalex.org/A5034688359,28,4
https://openalex.org/A5035673544,28,4
https://openalex.org/A5037829144,28,4
https://openalex.org/A5038022072,28,4
https://openalex.org/A5039066271,28,4
https://openalex.org/A5041560015,28,4
https://openalex.org/A5043075977,28,4
https://openalex.org/A5043471979,28,4
https://openalex.org/A5044453885,28,4
https://openalex.org/A5045020317,28,4
https://openalex.org/A5045097883,28,4
https://openalex.org/A5047332384,28,4
https://openalex.org/A5047405956,28,4
https://openalex.org/A5050428872,28,4
https://openalex.org/A5050618414,28,4
https://openalex.org/A5053438147,28,4
https://openalex.org/A5054248452,28,4
https://openalex.org/A5054753279,28,4
https://openalex.org/A5057348711,28,4
https://openalex.org/A5058174921,28,4
https://openalex.org/A5058506527,28,4
https://openalex.org/A5059617648,28,4
https://openalex.org/A5059729254,28,4
https://openalex.org/A5059903787,28,4
https://openalex.org/A5060027762,28,4
https://openalex.org/A5061000201,28,4
https://openalex.org/A5063203053,28,4
https://openalex.org/A5065980952,28,4
https://openalex.org/A5066593080,28,4
https://openalex.org/A5067136327,28,4
https://openalex.org/A5067373153,28,4
https://openalex.org/A5067875478,28,4
https://openalex.org/A5068198932,28,4
https://openalex.org/A5079997412,28,4
https://openalex.org/A5080552381,28,4
https://openalex.org/A5083500004,28,4
https://openalex.org/A5086207985,28,4
https://openalex.org/A5086253279,28,4
https://openalex.org/A5088613770,28,4
https://openalex.org/A5089061777,28,4
https://openalex.org/A5091422948,28,4
https://openalex.org/A5091430514,28,4
https://openalex.org/A5091757455,28,4
https://openalex.org/A5093547859,28,4
https://openalex.org/A5093547860,28,4
https://openalex.org/A5095743297,28,4
https://openalex.org/A5100423964,28,4
https://openalex.org/A5100457326,28,4
https://openalex.org/A5101525811,28,4
https://openalex.org/A5101935761,28,4
https://openalex.org/A5108673449,28,4
https://openalex.org/A5111743953,28,4
https://openalex.org/A5112904987,28,4
https://openalex.org/A5003377833,28,3
https://openalex.org/A5006413591,28,3
https://openalex.org/A5009090478,28,3
https://openalex.org/A5017589963,28,3
https://openalex.org/A5019436336,28,3
https://openalex.org/A5021523198,28,3
https://openalex.org/A5022083470,28,3
https://openalex.org/A5023884238,28,3
https://openalex.org/A5028407723,28,3
https://openalex.org/A5034426215,28,3
https://openalex.org/A5034808244,28,3
https://openalex.org/A5035983004,28,3
https://openalex.org/A5037900030,28,3
https://openalex.org/A5038521974,28,3
https://openalex.org/A5039596937,28,3
https://openalex.org/A5040701706,28,3
https://openalex.org/A5041176957,28,3
https://openalex.org/A5042927466,28,3
https://openalex.org/A5043740961,28,3
https://openalex.org/A5048013263,28,3
https://openalex.org/A5049093067,28,3
https://openalex.org/A5053586070,28,3
https://openalex.org/A5057036419,28,3
https://openalex.org/A5057067619,28,3
https://openalex.org/A5060057268,28,3
https://openalex.org/A5060405045,28,3
https://openalex.org/A5062073106,28,3
https://openalex.org/A5062578422,28,3
https://openalex.org/A5063173613,28,3
https://openalex.org/A5067238947,28,3
https://openalex.org/A5071968122,28,3
https://openalex.org/A5071978262,28,3
https://openalex.org/A5075324044,28,3
https://openalex.org/A5079395846,28,3
https://openalex.org/A5079795665,28,3
https://openalex.org/A5083987276,28,3
https://openalex.org/A5085405814,28,3
https://openalex.org/A5099053495,28,3
https://openalex.org/A5103220240,28,3
https://openalex.org/A5103829821,28,3
https://openalex.org/A5109076060,28,3
https://openalex.org/A5113600509,28,3
https://openalex.org/A5000600927,28,2
https://openalex.org/A5003176624,28,2
https://openalex.org/A5003323323,28,2
https://openalex.org/A5003814215,28,2
https://openalex.org/A5004080961,28,2
https://openalex.org/A5004730433,28,2
https://openalex.org/A5005141159,28,2
https://openalex.org/A5006064501,28,2
https://openalex.org/A5010162237,28,2
https://openalex.org/A5010528974,28,2
https://openalex.org/A5015835735,28,2
https://openalex.org/A5018408477,28,2
https://openalex.org/A5019840180,28,2
https://openalex.org/A5022585812,28,2
https://openalex.org/A5022873790,28,2
https://openalex.org/A5026105453,28,2
https://openalex.org/A5026269091,28,2
https://openalex.org/A5035816842,28,2
https://openalex.org/A5042446076,28,2
https://openalex.org/A5042671776,28,2
https://openalex.org/A5044617826,28,2
https://openalex.org/A5044689056,28,2
https://openalex.org/A5045951634,28,2
https://openalex.org/A5058169522,28,2
https://openalex.org/A5059339287,28,2
https://openalex.org/A5059591171,28,2
https://openalex.org/A5064066193,28,2
https://openalex.org/A5064587316,28,2
https://openalex.org/A5073091089,28,2
https://openalex.org/A5073715752,28,2
https://openalex.org/A5075296997,28,2
https://openalex.org/A5083199670,28,2
https://openalex.org/A5083212338,28,2
https://openalex.org/A5086162930,28,2
https://openalex.org/A5088449825,28,2
https://openalex.org/A5088860826,28,2
https://openalex.org/A5090275845,28,2
https://openalex.org/A5100338939,28,2
https://openalex.org/A5101571342,28,2
https://openalex.org/A5102889918,28,2
https://openalex.org/A5103216480,28,2
https://openalex.org/A5108530792,28,2
https://openalex.org/A5110150233,28,2
https://openalex.org/A5110209608,28,2
https://openalex.org/A5112013284,28,2
https://openalex.org/A5113803660,28,2
https://openalex.org/A5114056659,28,2
https://openalex.org/A5003689532,28,1
https://openalex.org/A5009666613,28,1
https://openalex.org/A5011567138,28,1
https://openalex.org/A5012059360,28,1
https://openalex.org/A5013022885,28,1
https://openalex.org/A5020837924,28,1
https://openalex.org/A5026696092,28,1
https://openalex.org/A5032227559,28,1
https://openalex.org/A5036724400,28,1
https://openalex.org/A5051088603,28,1
https://openalex.org/A5079411499,28,1
https://openalex.org/A5088227654,28,1
https://openalex.org/A5103544037,28,1
https://openalex.org/A5108063115,28,1
https://openalex.org/A5109960009,28,1
https://openalex.org/A5111461011,28,1
https://openalex.org/A5091032457,29,85
https://openalex.org/A5071797963,29,52
https://openalex.org/A5061206863,29,41
https://openalex.org/A5042787477,29,40
https://openalex.org/A5018067682,29,39
https://openalex.org/A5018717377,29,28
https://openalex.org/A5004046586,29,25
https://openalex.org/A5044033735,29,25
https://openalex.org/A5021589283,29,23
https://openalex.org/A5070117669,29,18
https://openalex.org/A5091891085,29,17
https://openalex.org/A5111451722,29,17
https://openalex.org/A5004164861,29,16
https://openalex.org/A5056941182,29,16
https://openalex.org/A5048041427,29,15
https://openalex.org/A5024110681,29,14
https://openalex.org/A5072049040,29,14
https://openalex.org/A5019259188,29,13
https://openalex.org/A5020987794,29,13
https://openalex.org/A5024066633,29,13
https://openalex.org/A5061913766,29,13
https://openalex.org/A5077759235,29,13
https://openalex.org/A5002715752,29,12
https://openalex.org/A5018771282,29,12
https://openalex.org/A5044001765,29,12
https://openalex.org/A5066472758,29,12
https://openalex.org/A5067216223,29,12
https://openalex.org/A5070873457,29,12
https://openalex.org/A5000725697,29,11
https://openalex.org/A5024903004,29,11
https://openalex.org/A5053437341,29,11
https://openalex.org/A5060362716,29,11
https://openalex.org/A5006169723,29,10
https://openalex.org/A5023825367,29,10
https://openalex.org/A5035909713,29,10
https://openalex.org/A5057930089,29,10
https://openalex.org/A5064858077,29,10
https://openalex.org/A5079841668,29,10
https://openalex.org/A5086275748,29,10
https://openalex.org/A5022652132,29,9
https://openalex.org/A5057417546,29,9
https://openalex.org/A5077381667,29,9
https://openalex.org/A5083395792,29,9
https://openalex.org/A5000229744,29,8
https://openalex.org/A5009724200,29,8
https://openalex.org/A5013079292,29,8
https://openalex.org/A5014409905,29,8
https://openalex.org/A5032271246,29,8
https://openalex.org/A5032796468,29,8
https://openalex.org/A5035351923,29,8
https://openalex.org/A5036348416,29,8
https://openalex.org/A5036918069,29,8
https://openalex.org/A5046226201,29,8
https://openalex.org/A5047882643,29,8
https://openalex.org/A5054789243,29,8
https://openalex.org/A5054828038,29,8
https://openalex.org/A5060070824,29,8
https://openalex.org/A5081498765,29,8
https://openalex.org/A5085190147,29,8
https://openalex.org/A5085701648,29,8
https://openalex.org/A5086132016,29,8
https://openalex.org/A5112407267,29,8
https://openalex.org/A5000881615,29,7
https://openalex.org/A5009209332,29,7
https://openalex.org/A5015462947,29,7
https://openalex.org/A5024849515,29,7
https://openalex.org/A5025696311,29,7
https://openalex.org/A5026578340,29,7
https://openalex.org/A5029301844,29,7
https://openalex.org/A5030777570,29,7
https://openalex.org/A5037745332,29,7
https://openalex.org/A5038163432,29,7
https://openalex.org/A5053603735,29,7
https://openalex.org/A5054845151,29,7
https://openalex.org/A5058224689,29,7
https://openalex.org/A5058382953,29,7
https://openalex.org/A5059267364,29,7
https://openalex.org/A5059639743,29,7
https://openalex.org/A5078108674,29,7
https://openalex.org/A5080323873,29,7
https://openalex.org/A5080478431,29,7
https://openalex.org/A5081622638,29,7
https://openalex.org/A5082782190,29,7
https://openalex.org/A5089199959,29,7
https://openalex.org/A5089848902,29,7
https://openalex.org/A5102794385,29,7
https://openalex.org/A5110422133,29,7
https://openalex.org/A5113902115,29,7
https://openalex.org/A5005813408,29,6
https://openalex.org/A5009939571,29,6
https://openalex.org/A5013556554,29,6
https://openalex.org/A5015319043,29,6
https://openalex.org/A5015550193,29,6
https://openalex.org/A5022288635,29,6
https://openalex.org/A5024477949,29,6
https://openalex.org/A5024850801,29,6
https://openalex.org/A5025263524,29,6
https://openalex.org/A5025790809,29,6
https://openalex.org/A5027733964,29,6
https://openalex.org/A5028138307,29,6
https://openalex.org/A5029389734,29,6
https://openalex.org/A5031663599,29,6
https://openalex.org/A5035199834,29,6
https://openalex.org/A5037478891,29,6
https://openalex.org/A5038616675,29,6
https://openalex.org/A5041159272,29,6
https://openalex.org/A5043913794,29,6
https://openalex.org/A5049640969,29,6
https://openalex.org/A5053314006,29,6
https://openalex.org/A5054777179,29,6
https://openalex.org/A5058847669,29,6
https://openalex.org/A5067027289,29,6
https://openalex.org/A5069533555,29,6
https://openalex.org/A5071233055,29,6
https://openalex.org/A5071330959,29,6
https://openalex.org/A5074137547,29,6
https://openalex.org/A5075890029,29,6
https://openalex.org/A5078969262,29,6
https://openalex.org/A5080945226,29,6
https://openalex.org/A5083447971,29,6
https://openalex.org/A5087416922,29,6
https://openalex.org/A5089306217,29,6
https://openalex.org/A5091274668,29,6
https://openalex.org/A5100722306,29,6
https://openalex.org/A5101931974,29,6
https://openalex.org/A5001934047,29,5
https://openalex.org/A5006755527,29,5
https://openalex.org/A5007418976,29,5
https://openalex.org/A5008205192,29,5
https://openalex.org/A5008893230,29,5
https://openalex.org/A5017299034,29,5
https://openalex.org/A5021047369,29,5
https://openalex.org/A5026137641,29,5
https://openalex.org/A5026212091,29,5
https://openalex.org/A5029647082,29,5
https://openalex.org/A5037923102,29,5
https://openalex.org/A5039850842,29,5
https://openalex.org/A5040023405,29,5
https://openalex.org/A5041071232,29,5
https://openalex.org/A5045194683,29,5
https://openalex.org/A5046867258,29,5
https://openalex.org/A5047289699,29,5
https://openalex.org/A5049379344,29,5
https://openalex.org/A5054123580,29,5
https://openalex.org/A5062732278,29,5
https://openalex.org/A5068939338,29,5
https://openalex.org/A5074272686,29,5
https://openalex.org/A5076499322,29,5
https://openalex.org/A5076506030,29,5
https://openalex.org/A5078311705,29,5
https://openalex.org/A5078930614,29,5
https://openalex.org/A5081003980,29,5
https://openalex.org/A5085826258,29,5
https://openalex.org/A5093064100,29,5
https://openalex.org/A5112366358,29,5
https://openalex.org/A5003671378,29,4
https://openalex.org/A5004340098,29,4
https://openalex.org/A5009273980,29,4
https://openalex.org/A5012472912,29,4
https://openalex.org/A5014175416,29,4
https://openalex.org/A5015318231,29,4
https://openalex.org/A5015504858,29,4
https://openalex.org/A5015898474,29,4
https://openalex.org/A5016254666,29,4
https://openalex.org/A5018855091,29,4
https://openalex.org/A5039694955,29,4
https://openalex.org/A5041806793,29,4
https://openalex.org/A5046446582,29,4
https://openalex.org/A5046846868,29,4
https://openalex.org/A5047295835,29,4
https://openalex.org/A5047452650,29,4
https://openalex.org/A5048419405,29,4
https://openalex.org/A5049369956,29,4
https://openalex.org/A5054761947,29,4
https://openalex.org/A5056037566,29,4
https://openalex.org/A5058860134,29,4
https://openalex.org/A5059862657,29,4
https://openalex.org/A5060603491,29,4
https://openalex.org/A5062814540,29,4
https://openalex.org/A5069606146,29,4
https://openalex.org/A5070414079,29,4
https://openalex.org/A5070860771,29,4
https://openalex.org/A5072939450,29,4
https://openalex.org/A5074390595,29,4
https://openalex.org/A5075267289,29,4
https://openalex.org/A5079983445,29,4
https://openalex.org/A5084458456,29,4
https://openalex.org/A5084778347,29,4
https://openalex.org/A5087337530,29,4
https://openalex.org/A5092566981,29,4
https://openalex.org/A5000399565,29,3
https://openalex.org/A5002854572,29,3
https://openalex.org/A5008033458,29,3
https://openalex.org/A5011064825,29,3
https://openalex.org/A5016891844,29,3
https://openalex.org/A5019957971,29,3
https://openalex.org/A5022065002,29,3
https://openalex.org/A5022073192,29,3
https://openalex.org/A5023462365,29,3
https://openalex.org/A5032514633,29,3
https://openalex.org/A5033471397,29,3
https://openalex.org/A5034741131,29,3
https://openalex.org/A5037507400,29,3
https://openalex.org/A5041150965,29,3
https://openalex.org/A5042101357,29,3
https://openalex.org/A5042918122,29,3
https://openalex.org/A5044130580,29,3
https://openalex.org/A5045922841,29,3
https://openalex.org/A5049169339,29,3
https://openalex.org/A5049486635,29,3
https://openalex.org/A5050437619,29,3
https://openalex.org/A5050544024,29,3
https://openalex.org/A5051692037,29,3
https://openalex.org/A5052791628,29,3
https://openalex.org/A5055645144,29,3
https://openalex.org/A5058679589,29,3
https://openalex.org/A5067767921,29,3
https://openalex.org/A5070830861,29,3
https://openalex.org/A5075114542,29,3
https://openalex.org/A5078917869,29,3
https://openalex.org/A5079100082,29,3
https://openalex.org/A5080470761,29,3
https://openalex.org/A5081089117,29,3
https://openalex.org/A5081557982,29,3
https://openalex.org/A5083170037,29,3
https://openalex.org/A5084456812,29,3
https://openalex.org/A5085971304,29,3
https://openalex.org/A5089551668,29,3
https://openalex.org/A5004157037,29,2
https://openalex.org/A5008436205,29,2
https://openalex.org/A5008776458,29,2
https://openalex.org/A5008858772,29,2
https://openalex.org/A5008940651,29,2
https://openalex.org/A5008958790,29,2
https://openalex.org/A5009658578,29,2
https://openalex.org/A5011518480,29,2
https://openalex.org/A5012521157,29,2
https://openalex.org/A5013019268,29,2
https://openalex.org/A5015170317,29,2
https://openalex.org/A5021969750,29,2
https://openalex.org/A5022761385,29,2
https://openalex.org/A5024844391,29,2
https://openalex.org/A5027337265,29,2
https://openalex.org/A5034990163,29,2
https://openalex.org/A5037032008,29,2
https://openalex.org/A5042165947,29,2
https://openalex.org/A5045275235,29,2
https://openalex.org/A5048083703,29,2
https://openalex.org/A5052188061,29,2
https://openalex.org/A5053611798,29,2
https://openalex.org/A5055721774,29,2
https://openalex.org/A5060078881,29,2
https://openalex.org/A5061147850,29,2
https://openalex.org/A5062651717,29,2
https://openalex.org/A5063131593,29,2
https://openalex.org/A5063640215,29,2
https://openalex.org/A5064056093,29,2
https://openalex.org/A5067243359,29,2
https://openalex.org/A5068279151,29,2
https://openalex.org/A5069737461,29,2
https://openalex.org/A5072796780,29,2
https://openalex.org/A5073388250,29,2
https://openalex.org/A5074578804,29,2
https://openalex.org/A5077172842,29,2
https://openalex.org/A5082029187,29,2
https://openalex.org/A5090565414,29,2
https://openalex.org/A5110665818,29,2
https://openalex.org/A5111674737,29,2
https://openalex.org/A5113806037,29,2
https://openalex.org/A5020062637,29,1
https://openalex.org/A5023337959,29,1
https://openalex.org/A5023779329,29,1
https://openalex.org/A5026909807,29,1
https://openalex.org/A5038491415,29,1
https://openalex.org/A5052040676,29,1
https://openalex.org/A5056587560,29,1
https://openalex.org/A5056809057,29,1
https://openalex.org/A5058956677,29,1
https://openalex.org/A5065735202,29,1
https://openalex.org/A5069198460,29,1
https://openalex.org/A5073806109,29,1
https://openalex.org/A5075630302,29,1
https://openalex.org/A5091225949,29,1
https://openalex.org/A5112022939,29,1
https://openalex.org/A5021007726,30,151
https://openalex.org/A5084265580,30,70
https://openalex.org/A5006184736,30,43
https://openalex.org/A5028306848,30,26
https://openalex.org/A5042852488,30,25
https://openalex.org/A5064868649,30,20
https://openalex.org/A5016462041,30,16
https://openalex.org/A5026826245,30,16
https://openalex.org/A5064008689,30,16
https://openalex.org/A5021197359,30,13
https://openalex.org/A5032379397,30,12
https://openalex.org/A5047343406,30,12
https://openalex.org/A5048633988,30,12
https://openalex.org/A5022969857,30,11
https://openalex.org/A5032049376,30,11
https://openalex.org/A5051954808,30,11
https://openalex.org/A5061553410,30,11
https://openalex.org/A5050131784,30,10
https://openalex.org/A5064994570,30,10
https://openalex.org/A5002454564,30,9
https://openalex.org/A5048003390,30,9
https://openalex.org/A5073782971,30,9
https://openalex.org/A5080916203,30,9
https://openalex.org/A5081442873,30,9
https://openalex.org/A5013964589,30,8
https://openalex.org/A5020472362,30,8
https://openalex.org/A5026657202,30,8
https://openalex.org/A5031820913,30,8
https://openalex.org/A5032734171,30,8
https://openalex.org/A5033562792,30,8
https://openalex.org/A5034232108,30,8
https://openalex.org/A5038425472,30,8
https://openalex.org/A5001365039,30,7
https://openalex.org/A5003176625,30,7
https://openalex.org/A5006120288,30,7
https://openalex.org/A5009502121,30,7
https://openalex.org/A5012258097,30,7
https://openalex.org/A5014842367,30,7
https://openalex.org/A5015781167,30,7
https://openalex.org/A5018454222,30,7
https://openalex.org/A5029335561,30,7
https://openalex.org/A5035239622,30,7
https://openalex.org/A5040542771,30,7
https://openalex.org/A5044042902,30,7
https://openalex.org/A5045150447,30,7
https://openalex.org/A5059353526,30,7
https://openalex.org/A5077724296,30,7
https://openalex.org/A5079358073,30,7
https://openalex.org/A5082238675,30,7
https://openalex.org/A5082580430,30,7
https://openalex.org/A5089298278,30,7
https://openalex.org/A5090857609,30,7
https://openalex.org/A5103175402,30,7
https://openalex.org/A5003888897,30,6
https://openalex.org/A5012375103,30,6
https://openalex.org/A5013743118,30,6
https://openalex.org/A5016523064,30,6
https://openalex.org/A5023136097,30,6
https://openalex.org/A5032433630,30,6
https://openalex.org/A5036074668,30,6
https://openalex.org/A5037935735,30,6
https://openalex.org/A5040055230,30,6
https://openalex.org/A5040262155,30,6
https://openalex.org/A5042186507,30,6
https://openalex.org/A5043467778,30,6
https://openalex.org/A5046359255,30,6
https://openalex.org/A5049441782,30,6
https://openalex.org/A5052453542,30,6
https://openalex.org/A5058015959,30,6
https://openalex.org/A5073381241,30,6
https://openalex.org/A5076808584,30,6
https://openalex.org/A5079236438,30,6
https://openalex.org/A5086321313,30,6
https://openalex.org/A5088390733,30,6
https://openalex.org/A5091301971,30,6
https://openalex.org/A5102915098,30,6
https://openalex.org/A5103264799,30,6
https://openalex.org/A5110882915,30,6
https://openalex.org/A5000431135,30,5
https://openalex.org/A5001459055,30,5
https://openalex.org/A5002679312,30,5
https://openalex.org/A5010686382,30,5
https://openalex.org/A5014228448,30,5
https://openalex.org/A5016623728,30,5
https://openalex.org/A5019634111,30,5
https://openalex.org/A5022793112,30,5
https://openalex.org/A5023279374,30,5
https://openalex.org/A5033732618,30,5
https://openalex.org/A5034519456,30,5
https://openalex.org/A5034797623,30,5
https://openalex.org/A5036839502,30,5
https://openalex.org/A5037697818,30,5
https://openalex.org/A5039608387,30,5
https://openalex.org/A5040296150,30,5
https://openalex.org/A5042086290,30,5
https://openalex.org/A5044567926,30,5
https://openalex.org/A5045871781,30,5
https://openalex.org/A5058347359,30,5
https://openalex.org/A5060571638,30,5
https://openalex.org/A5070592781,30,5
https://openalex.org/A5079213453,30,5
https://openalex.org/A5080222647,30,5
https://openalex.org/A5080242338,30,5
https://openalex.org/A5080275748,30,5
https://openalex.org/A5081117459,30,5
https://openalex.org/A5081563886,30,5
https://openalex.org/A5081705123,30,5
https://openalex.org/A5082605480,30,5
https://openalex.org/A5085313636,30,5
https://openalex.org/A5085636831,30,5
https://openalex.org/A5088146358,30,5
https://openalex.org/A5089086247,30,5
https://openalex.org/A5103255055,30,5
https://openalex.org/A5108114969,30,5
https://openalex.org/A5108654110,30,5
https://openalex.org/A5000606479,30,4
https://openalex.org/A5002825501,30,4
https://openalex.org/A5004062277,30,4
https://openalex.org/A5004823215,30,4
https://openalex.org/A5013159588,30,4
https://openalex.org/A5014669175,30,4
https://openalex.org/A5016864987,30,4
https://openalex.org/A5019867538,30,4
https://openalex.org/A5022982251,30,4
https://openalex.org/A5023677810,30,4
https://openalex.org/A5029168148,30,4
https://openalex.org/A5031726772,30,4
https://openalex.org/A5035513892,30,4
https://openalex.org/A5035758909,30,4
https://openalex.org/A5036006844,30,4
https://openalex.org/A5036379647,30,4
https://openalex.org/A5037230983,30,4
https://openalex.org/A5038050234,30,4
https://openalex.org/A5039188518,30,4
https://openalex.org/A5039548036,30,4
https://openalex.org/A5040070303,30,4
https://openalex.org/A5041550525,30,4
https://openalex.org/A5043611476,30,4
https://openalex.org/A5043893563,30,4
https://openalex.org/A5044067743,30,4
https://openalex.org/A5044731009,30,4
https://openalex.org/A5046895489,30,4
https://openalex.org/A5051153131,30,4
https://openalex.org/A5052094341,30,4
https://openalex.org/A5052448363,30,4
https://openalex.org/A5053226892,30,4
https://openalex.org/A5053877834,30,4
https://openalex.org/A5053984864,30,4
https://openalex.org/A5064171237,30,4
https://openalex.org/A5064867292,30,4
https://openalex.org/A5066579957,30,4
https://openalex.org/A5066980618,30,4
https://openalex.org/A5069066778,30,4
https://openalex.org/A5069761058,30,4
https://openalex.org/A5069762894,30,4
https://openalex.org/A5070728314,30,4
https://openalex.org/A5071412007,30,4
https://openalex.org/A5071796726,30,4
https://openalex.org/A5074189655,30,4
https://openalex.org/A5074683962,30,4
https://openalex.org/A5077506196,30,4
https://openalex.org/A5079530661,30,4
https://openalex.org/A5080792995,30,4
https://openalex.org/A5083892536,30,4
https://openalex.org/A5091427795,30,4
https://openalex.org/A5101675767,30,4
https://openalex.org/A5102325784,30,4
https://openalex.org/A5103086631,30,4
https://openalex.org/A5103251870,30,4
https://openalex.org/A5109000907,30,4
https://openalex.org/A5111386421,30,4
https://openalex.org/A5003355168,30,3
https://openalex.org/A5003885286,30,3
https://openalex.org/A5004119397,30,3
https://openalex.org/A5004540330,30,3
https://openalex.org/A5005641372,30,3
https://openalex.org/A5012962081,30,3
https://openalex.org/A5014077937,30,3
https://openalex.org/A5016988635,30,3
https://openalex.org/A5017791823,30,3
https://openalex.org/A5017833572,30,3
https://openalex.org/A5019433230,30,3
https://openalex.org/A5020326005,30,3
https://openalex.org/A5020368322,30,3
https://openalex.org/A5021345712,30,3
https://openalex.org/A5028695671,30,3
https://openalex.org/A5028900472,30,3
https://openalex.org/A5031468723,30,3
https://openalex.org/A5034516992,30,3
https://openalex.org/A5039543678,30,3
https://openalex.org/A5042921426,30,3
https://openalex.org/A5043273378,30,3
https://openalex.org/A5043959552,30,3
https://openalex.org/A5046743853,30,3
https://openalex.org/A5048694739,30,3
https://openalex.org/A5048712438,30,3
https://openalex.org/A5048806165,30,3
https://openalex.org/A5049833213,30,3
https://openalex.org/A5053320020,30,3
https://openalex.org/A5055611590,30,3
https://openalex.org/A5056780364,30,3
https://openalex.org/A5056926465,30,3
https://openalex.org/A5058413925,30,3
https://openalex.org/A5065084539,30,3
https://openalex.org/A5065893648,30,3
https://openalex.org/A5066400345,30,3
https://openalex.org/A5066564381,30,3
https://openalex.org/A5068452482,30,3
https://openalex.org/A5068496801,30,3
https://openalex.org/A5069386412,30,3
https://openalex.org/A5069996199,30,3
https://openalex.org/A5070261121,30,3
https://openalex.org/A5072747839,30,3
https://openalex.org/A5074474978,30,3
https://openalex.org/A5076608823,30,3
https://openalex.org/A5082912598,30,3
https://openalex.org/A5084417440,30,3
https://openalex.org/A5086326209,30,3
https://openalex.org/A5086582254,30,3
https://openalex.org/A5087464045,30,3
https://openalex.org/A5089703379,30,3
https://openalex.org/A5105367994,30,3
https://openalex.org/A5109621315,30,3
https://openalex.org/A5001907415,30,2
https://openalex.org/A5003968744,30,2
https://openalex.org/A5005203044,30,2
https://openalex.org/A5007920962,30,2
https://openalex.org/A5010858012,30,2
https://openalex.org/A5015434324,30,2
https://openalex.org/A5021188686,30,2
https://openalex.org/A5026694434,30,2
https://openalex.org/A5032245966,30,2
https://openalex.org/A5033674512,30,2
https://openalex.org/A5034549864,30,2
https://openalex.org/A5036425942,30,2
https://openalex.org/A5038207312,30,2
https://openalex.org/A5039721247,30,2
https://openalex.org/A5039787851,30,2
https://openalex.org/A5042525157,30,2
https://openalex.org/A5043278125,30,2
https://openalex.org/A5045672719,30,2
https://openalex.org/A5048739511,30,2
https://openalex.org/A5049424770,30,2
https://openalex.org/A5051692505,30,2
https://openalex.org/A5055651431,30,2
https://openalex.org/A5058128327,30,2
https://openalex.org/A5060804168,30,2
https://openalex.org/A5069210374,30,2
https://openalex.org/A5075977298,30,2
https://openalex.org/A5077614938,30,2
https://openalex.org/A5081742334,30,2
https://openalex.org/A5083142486,30,2
https://openalex.org/A5087125003,30,2
https://openalex.org/A5088973052,30,2
https://openalex.org/A5090553915,30,2
https://openalex.org/A5090562919,30,2
https://openalex.org/A5091322841,30,2
https://openalex.org/A5091970709,30,2
https://openalex.org/A5100428698,30,2
https://openalex.org/A5101537500,30,2
https://openalex.org/A5103112480,30,2
https://openalex.org/A5111266756,30,2
https://openalex.org/A5114121883,30,2
https://openalex.org/A5020407701,30,1
https://openalex.org/A5026176927,30,1
https://openalex.org/A5037349913,30,1
https://openalex.org/A5042357510,30,1
https://openalex.org/A5053017531,30,1
https://openalex.org/A5060333510,30,1
https://openalex.org/A5080748427,30,1
https://openalex.org/A5081877214,30,1
https://openalex.org/A5100436813,30,1
https://openalex.org/A5100783865,30,1
https://openalex.org/A5103346212,30,1
https://openalex.org/A5109876333,30,1
https://openalex.org/A5110576127,30,1
https://openalex.org/A5037013778,31,90
https://openalex.org/A5014317276,31,47
https://openalex.org/A5047713899,31,42
https://openalex.org/A5046036512,31,33
https://openalex.org/A5055434105,31,28
https://openalex.org/A5035729006,31,20
https://openalex.org/A5036103579,31,17
https://openalex.org/A5053796170,31,17
https://openalex.org/A5013865094,31,14
https://openalex.org/A5037214957,31,14
https://openalex.org/A5063371180,31,14
https://openalex.org/A5088579299,31,14
https://openalex.org/A5064154638,31,13
https://openalex.org/A5070806741,31,13
https://openalex.org/A5088363723,31,13
https://openalex.org/A5051143676,31,12
https://openalex.org/A5062709136,31,12
https://openalex.org/A5079213654,31,12
https://openalex.org/A5002183145,31,11
https://openalex.org/A5022144815,31,11
https://openalex.org/A5075578743,31,11
https://openalex.org/A5085725515,31,11
https://openalex.org/A5088458403,31,11
https://openalex.org/A5107279800,31,11
https://openalex.org/A5108673598,31,11
https://openalex.org/A5022704573,31,10
https://openalex.org/A5037732748,31,10
https://openalex.org/A5086066629,31,10
https://openalex.org/A5025186301,31,9
https://openalex.org/A5030239947,31,9
https://openalex.org/A5085877358,31,9
https://openalex.org/A5002664218,31,8
https://openalex.org/A5003700537,31,8
https://openalex.org/A5013295835,31,8
https://openalex.org/A5015248532,31,8
https://openalex.org/A5015534942,31,8
https://openalex.org/A5015691007,31,8
https://openalex.org/A5023726537,31,8
https://openalex.org/A5032731730,31,8
https://openalex.org/A5037541907,31,8
https://openalex.org/A5055147027,31,8
https://openalex.org/A5065221447,31,8
https://openalex.org/A5066420511,31,8
https://openalex.org/A5070372382,31,8
https://openalex.org/A5070501515,31,8
https://openalex.org/A5073208573,31,8
https://openalex.org/A5075129347,31,8
https://openalex.org/A5077102480,31,8
https://openalex.org/A5077761425,31,8
https://openalex.org/A5091395562,31,8
https://openalex.org/A5104507127,31,8
https://openalex.org/A5000447901,31,7
https://openalex.org/A5002181538,31,7
https://openalex.org/A5011186098,31,7
https://openalex.org/A5016223874,31,7
https://openalex.org/A5018916311,31,7
https://openalex.org/A5026492538,31,7
https://openalex.org/A5029862125,31,7
https://openalex.org/A5035059212,31,7
https://openalex.org/A5055236010,31,7
https://openalex.org/A5079902276,31,7
https://openalex.org/A5080507324,31,7
https://openalex.org/A5088965162,31,7
https://openalex.org/A5005577377,31,6
https://openalex.org/A5009209245,31,6
https://openalex.org/A5009610706,31,6
https://openalex.org/A5010639557,31,6
https://openalex.org/A5011915284,31,6
https://openalex.org/A5020713478,31,6
https://openalex.org/A5025166116,31,6
https://openalex.org/A5030376652,31,6
https://openalex.org/A5030977322,31,6
https://openalex.org/A5042376492,31,6
https://openalex.org/A5044977576,31,6
https://openalex.org/A5048805961,31,6
https://openalex.org/A5051091593,31,6
https://openalex.org/A5074815650,31,6
https://openalex.org/A5091627069,31,6
https://openalex.org/A5112593876,31,6
https://openalex.org/A5008524734,31,5
https://openalex.org/A5008947109,31,5
https://openalex.org/A5011498399,31,5
https://openalex.org/A5016151892,31,5
https://openalex.org/A5016324443,31,5
https://openalex.org/A5021569212,31,5
https://openalex.org/A5027249566,31,5
https://openalex.org/A5033244259,31,5
https://openalex.org/A5038805536,31,5
https://openalex.org/A5042644425,31,5
https://openalex.org/A5045231035,31,5
https://openalex.org/A5048442961,31,5
https://openalex.org/A5058914066,31,5
https://openalex.org/A5062109995,31,5
https://openalex.org/A5073380718,31,5
https://openalex.org/A5086557564,31,5
https://openalex.org/A5090849007,31,5
https://openalex.org/A5113800000,31,5
https://openalex.org/A5005790090,31,4
https://openalex.org/A5008046152,31,4
https://openalex.org/A5008741341,31,4
https://openalex.org/A5009541807,31,4
https://openalex.org/A5014175026,31,4
https://openalex.org/A5014185306,31,4
https://openalex.org/A5014643781,31,4
https://openalex.org/A5018355094,31,4
https://openalex.org/A5020285102,31,4
https://openalex.org/A5021823169,31,4
https://openalex.org/A5022810412,31,4
https://openalex.org/A5024132044,31,4
https://openalex.org/A5026697959,31,4
https://openalex.org/A5028023271,31,4
https://openalex.org/A5028548956,31,4
https://openalex.org/A5031400270,31,4
https://openalex.org/A5031849090,31,4
https://openalex.org/A5033757090,31,4
https://openalex.org/A5038078845,31,4
https://openalex.org/A5038118825,31,4
https://openalex.org/A5038277161,31,4
https://openalex.org/A5041638136,31,4
https://openalex.org/A5041794673,31,4
https://openalex.org/A5044948376,31,4
https://openalex.org/A5047479990,31,4
https://openalex.org/A5047824440,31,4
https://openalex.org/A5055699394,31,4
https://openalex.org/A5056438865,31,4
https://openalex.org/A5059566597,31,4
https://openalex.org/A5059656721,31,4
https://openalex.org/A5063752328,31,4
https://openalex.org/A5064382243,31,4
https://openalex.org/A5066201148,31,4
https://openalex.org/A5073297747,31,4
https://openalex.org/A5073517996,31,4
https://openalex.org/A5076448759,31,4
https://openalex.org/A5081313227,31,4
https://openalex.org/A5083375749,31,4
https://openalex.org/A5089112543,31,4
https://openalex.org/A5089232661,31,4
https://openalex.org/A5089700115,31,4
https://openalex.org/A5089967997,31,4
https://openalex.org/A5091132142,31,4
https://openalex.org/A5107151226,31,4
https://openalex.org/A5110075029,31,4
https://openalex.org/A5110559347,31,4
https://openalex.org/A5001027770,31,3
https://openalex.org/A5001980776,31,3
https://openalex.org/A5004351576,31,3
https://openalex.org/A5004420568,31,3
https://openalex.org/A5005519980,31,3
https://openalex.org/A5007069289,31,3
https://openalex.org/A5007424153,31,3
https://openalex.org/A5010786722,31,3
https://openalex.org/A5011326378,31,3
https://openalex.org/A5011378900,31,3
https://openalex.org/A5014074388,31,3
https://openalex.org/A5014468026,31,3
https://openalex.org/A5015291615,31,3
https://openalex.org/A5018091071,31,3
https://openalex.org/A5018793623,31,3
https://openalex.org/A5019516961,31,3
https://openalex.org/A5020886240,31,3
https://openalex.org/A5021062916,31,3
https://openalex.org/A5023362402,31,3
https://openalex.org/A5030652725,31,3
https://openalex.org/A5033299020,31,3
https://openalex.org/A5033417964,31,3
https://openalex.org/A5034026649,31,3
https://openalex.org/A5035660676,31,3
https://openalex.org/A5035671172,31,3
https://openalex.org/A5038965250,31,3
https://openalex.org/A5042301940,31,3
https://openalex.org/A5043227634,31,3
https://openalex.org/A5044578198,31,3
https://openalex.org/A5045377778,31,3
https://openalex.org/A5045738737,31,3
https://openalex.org/A5047010435,31,3
https://openalex.org/A5052616992,31,3
https://openalex.org/A5055490512,31,3
https://openalex.org/A5055868875,31,3
https://openalex.org/A5059619782,31,3
https://openalex.org/A5059836893,31,3
https://openalex.org/A5060407591,31,3
https://openalex.org/A5060769508,31,3
https://openalex.org/A5060992366,31,3
https://openalex.org/A5061444969,31,3
https://openalex.org/A5061632159,31,3
https://openalex.org/A5062149129,31,3
https://openalex.org/A5062494549,31,3
https://openalex.org/A5065724406,31,3
https://openalex.org/A5066413155,31,3
https://openalex.org/A5066839921,31,3
https://openalex.org/A5073357138,31,3
https://openalex.org/A5073732243,31,3
https://openalex.org/A5073974410,31,3
https://openalex.org/A5076218590,31,3
https://openalex.org/A5076278234,31,3
https://openalex.org/A5077634022,31,3
https://openalex.org/A5078919197,31,3
https://openalex.org/A5081540617,31,3
https://openalex.org/A5091493230,31,3
https://openalex.org/A5091776008,31,3
https://openalex.org/A5102928061,31,3
https://openalex.org/A5109357369,31,3
https://openalex.org/A5006077903,31,2
https://openalex.org/A5010649773,31,2
https://openalex.org/A5016880379,31,2
https://openalex.org/A5017857804,31,2
https://openalex.org/A5019229657,31,2
https://openalex.org/A5019818981,31,2
https://openalex.org/A5020098745,31,2
https://openalex.org/A5021212209,31,2
https://openalex.org/A5021826721,31,2
https://openalex.org/A5022601535,31,2
https://openalex.org/A5023337742,31,2
https://openalex.org/A5025258037,31,2
https://openalex.org/A5026384913,31,2
https://openalex.org/A5027540745,31,2
https://openalex.org/A5033134501,31,2
https://openalex.org/A5035722472,31,2
https://openalex.org/A5035820561,31,2
https://openalex.org/A5036635270,31,2
https://openalex.org/A5039054108,31,2
https://openalex.org/A5042310352,31,2
https://openalex.org/A5043481504,31,2
https://openalex.org/A5047436433,31,2
https://openalex.org/A5052128749,31,2
https://openalex.org/A5053185795,31,2
https://openalex.org/A5053546170,31,2
https://openalex.org/A5053617327,31,2
https://openalex.org/A5054511722,31,2
https://openalex.org/A5062207756,31,2
https://openalex.org/A5069253149,31,2
https://openalex.org/A5070590662,31,2
https://openalex.org/A5070681887,31,2
https://openalex.org/A5071013763,31,2
https://openalex.org/A5075138015,31,2
https://openalex.org/A5076660763,31,2
https://openalex.org/A5081357818,31,2
https://openalex.org/A5081715805,31,2
https://openalex.org/A5083060431,31,2
https://openalex.org/A5085807221,31,2
https://openalex.org/A5091093069,31,2
https://openalex.org/A5098413957,31,2
https://openalex.org/A5108089949,31,2
https://openalex.org/A5113609275,31,2
https://openalex.org/A5000127250,31,1
https://openalex.org/A5000925027,31,1
https://openalex.org/A5005005601,31,1
https://openalex.org/A5007401603,31,1
https://openalex.org/A5008411611,31,1
https://openalex.org/A5014999528,31,1
https://openalex.org/A5017498156,31,1
https://openalex.org/A5017840782,31,1
https://openalex.org/A5024055951,31,1
https://openalex.org/A5027081714,31,1
https://openalex.org/A5028942291,31,1
https://openalex.org/A5030237436,31,1
https://openalex.org/A5038550923,31,1
https://openalex.org/A5038848423,31,1
https://openalex.org/A5049214853,31,1
https://openalex.org/A5050887599,31,1
https://openalex.org/A5060940190,31,1
https://openalex.org/A5062611761,31,1
https://openalex.org/A5062636853,31,1
https://openalex.org/A5066666509,31,1
https://openalex.org/A5074357294,31,1
https://openalex.org/A5075350111,31,1
https://openalex.org/A5075558531,31,1
https://openalex.org/A5086465451,31,1
https://openalex.org/A5101509948,31,1
https://openalex.org/A5101972214,31,1
https://openalex.org/A5102478187,31,1
https://openalex.org/A5102815250,31,1
https://openalex.org/A5110126701,31,1
https://openalex.org/A5059645286,32,270
https://openalex.org/A5090631705,32,80
https://openalex.org/A5058534097,32,48
https://openalex.org/A5017602735,32,34
https://openalex.org/A5052035076,32,26
https://openalex.org/A5044072805,32,24
https://openalex.org/A5052720011,32,24
https://openalex.org/A5005635678,32,17
https://openalex.org/A5084102683,32,17
https://openalex.org/A5031169711,32,16
https://openalex.org/A5113501513,32,16
https://openalex.org/A5032500066,32,15
https://openalex.org/A5043881240,32,15
https://openalex.org/A5057286641,32,15
https://openalex.org/A5061227329,32,14
https://openalex.org/A5021398510,32,13
https://openalex.org/A5078089549,32,13
https://openalex.org/A5083476756,32,13
https://openalex.org/A5083957005,32,13
https://openalex.org/A5030252017,32,12
https://openalex.org/A5076107680,32,12
https://openalex.org/A5082230764,32,12
https://openalex.org/A5082623356,32,12
https://openalex.org/A5003218773,32,11
https://openalex.org/A5019012827,32,11
https://openalex.org/A5024445264,32,11
https://openalex.org/A5062634559,32,11
https://openalex.org/A5005446898,32,10
https://openalex.org/A5020281960,32,10
https://openalex.org/A5022676925,32,10
https://openalex.org/A5051554812,32,10
https://openalex.org/A5053982410,32,10
https://openalex.org/A5082048229,32,10
https://openalex.org/A5000465145,32,9
https://openalex.org/A5019750784,32,9
https://openalex.org/A5046560307,32,9
https://openalex.org/A5051870388,32,9
https://openalex.org/A5057284688,32,9
https://openalex.org/A5060610138,32,9
https://openalex.org/A5077841338,32,9
https://openalex.org/A5085681303,32,9
https://openalex.org/A5008391561,32,8
https://openalex.org/A5011073725,32,8
https://openalex.org/A5012914007,32,8
https://openalex.org/A5013162603,32,8
https://openalex.org/A5013515507,32,8
https://openalex.org/A5015773823,32,8
https://openalex.org/A5017523423,32,8
https://openalex.org/A5023583657,32,8
https://openalex.org/A5026423096,32,8
https://openalex.org/A5026873916,32,8
https://openalex.org/A5029368066,32,8
https://openalex.org/A5029733822,32,8
https://openalex.org/A5030751624,32,8
https://openalex.org/A5032112045,32,8
https://openalex.org/A5033629153,32,8
https://openalex.org/A5038871081,32,8
https://openalex.org/A5040597513,32,8
https://openalex.org/A5050823275,32,8
https://openalex.org/A5051809814,32,8
https://openalex.org/A5054715875,32,8
https://openalex.org/A5055313633,32,8
https://openalex.org/A5056202927,32,8
https://openalex.org/A5062618168,32,8
https://openalex.org/A5066480805,32,8
https://openalex.org/A5067879371,32,8
https://openalex.org/A5080370996,32,8
https://openalex.org/A5082824780,32,8
https://openalex.org/A5083886220,32,8
https://openalex.org/A5089811570,32,8
https://openalex.org/A5091575671,32,8
https://openalex.org/A5104110407,32,8
https://openalex.org/A5108142309,32,8
https://openalex.org/A5110478400,32,8
https://openalex.org/A5000350723,32,7
https://openalex.org/A5000515781,32,7
https://openalex.org/A5006479580,32,7
https://openalex.org/A5008397446,32,7
https://openalex.org/A5011014926,32,7
https://openalex.org/A5015276984,32,7
https://openalex.org/A5015521326,32,7
https://openalex.org/A5017234474,32,7
https://openalex.org/A5017637936,32,7
https://openalex.org/A5025188934,32,7
https://openalex.org/A5031729197,32,7
https://openalex.org/A5032429765,32,7
https://openalex.org/A5032591644,32,7
https://openalex.org/A5036261859,32,7
https://openalex.org/A5036381367,32,7
https://openalex.org/A5036437044,32,7
https://openalex.org/A5039475418,32,7
https://openalex.org/A5039481100,32,7
https://openalex.org/A5041375865,32,7
https://openalex.org/A5045937794,32,7
https://openalex.org/A5046292035,32,7
https://openalex.org/A5046325173,32,7
https://openalex.org/A5046482086,32,7
https://openalex.org/A5046482252,32,7
https://openalex.org/A5051860483,32,7
https://openalex.org/A5053185418,32,7
https://openalex.org/A5058584640,32,7
https://openalex.org/A5062688121,32,7
https://openalex.org/A5070046027,32,7
https://openalex.org/A5071000982,32,7
https://openalex.org/A5074840883,32,7
https://openalex.org/A5082008211,32,7
https://openalex.org/A5103342834,32,7
https://openalex.org/A5110133886,32,7
https://openalex.org/A5111911871,32,7
https://openalex.org/A5002420393,32,6
https://openalex.org/A5005013018,32,6
https://openalex.org/A5008373524,32,6
https://openalex.org/A5008556866,32,6
https://openalex.org/A5012989554,32,6
https://openalex.org/A5018185509,32,6
https://openalex.org/A5022276407,32,6
https://openalex.org/A5028696190,32,6
https://openalex.org/A5029566645,32,6
https://openalex.org/A5032504269,32,6
https://openalex.org/A5034410008,32,6
https://openalex.org/A5044527585,32,6
https://openalex.org/A5052162346,32,6
https://openalex.org/A5052648442,32,6
https://openalex.org/A5057553771,32,6
https://openalex.org/A5060590657,32,6
https://openalex.org/A5066306725,32,6
https://openalex.org/A5067172089,32,6
https://openalex.org/A5067482210,32,6
https://openalex.org/A5068032162,32,6
https://openalex.org/A5068750563,32,6
https://openalex.org/A5071132422,32,6
https://openalex.org/A5074700845,32,6
https://openalex.org/A5076631295,32,6
https://openalex.org/A5084173535,32,6
https://openalex.org/A5084304675,32,6
https://openalex.org/A5086654434,32,6
https://openalex.org/A5087926819,32,6
https://openalex.org/A5090202672,32,6
https://openalex.org/A5100337568,32,6
https://openalex.org/A5100729812,32,6
https://openalex.org/A5101774258,32,6
https://openalex.org/A5101841217,32,6
https://openalex.org/A5110661094,32,6
https://openalex.org/A5006758334,32,5
https://openalex.org/A5018377905,32,5
https://openalex.org/A5027268399,32,5
https://openalex.org/A5031683586,32,5
https://openalex.org/A5032363071,32,5
https://openalex.org/A5032475019,32,5
https://openalex.org/A5047474854,32,5
https://openalex.org/A5051542828,32,5
https://openalex.org/A5060331544,32,5
https://openalex.org/A5061325810,32,5
https://openalex.org/A5067738102,32,5
https://openalex.org/A5069784035,32,5
https://openalex.org/A5073647790,32,5
https://openalex.org/A5079340311,32,5
https://openalex.org/A5081673186,32,5
https://openalex.org/A5087323681,32,5
https://openalex.org/A5087734969,32,5
https://openalex.org/A5100461965,32,5
https://openalex.org/A5110110875,32,5
https://openalex.org/A5112416149,32,5
https://openalex.org/A5002252700,32,4
https://openalex.org/A5002641851,32,4
https://openalex.org/A5003106951,32,4
https://openalex.org/A5004397159,32,4
https://openalex.org/A5006024585,32,4
https://openalex.org/A5009074425,32,4
https://openalex.org/A5015842765,32,4
https://openalex.org/A5020565946,32,4
https://openalex.org/A5021853180,32,4
https://openalex.org/A5023694433,32,4
https://openalex.org/A5028731847,32,4
https://openalex.org/A5034869269,32,4
https://openalex.org/A5038043305,32,4
https://openalex.org/A5045783683,32,4
https://openalex.org/A5048054945,32,4
https://openalex.org/A5053840112,32,4
https://openalex.org/A5056091804,32,4
https://openalex.org/A5060270125,32,4
https://openalex.org/A5062189731,32,4
https://openalex.org/A5069623259,32,4
https://openalex.org/A5071155362,32,4
https://openalex.org/A5071953618,32,4
https://openalex.org/A5072469346,32,4
https://openalex.org/A5072621719,32,4
https://openalex.org/A5072822221,32,4
https://openalex.org/A5086248289,32,4
https://openalex.org/A5089389582,32,4
https://openalex.org/A5090716565,32,4
https://openalex.org/A5090811312,32,4
https://openalex.org/A5091626620,32,4
https://openalex.org/A5110472211,32,4
https://openalex.org/A5111570296,32,4
https://openalex.org/A5005961565,32,3
https://openalex.org/A5010507452,32,3
https://openalex.org/A5011997611,32,3
https://openalex.org/A5015216001,32,3
https://openalex.org/A5016829160,32,3
https://openalex.org/A5020287759,32,3
https://openalex.org/A5023975998,32,3
https://openalex.org/A5026326487,32,3
https://openalex.org/A5027080765,32,3
https://openalex.org/A5035935031,32,3
https://openalex.org/A5047195042,32,3
https://openalex.org/A5049818013,32,3
https://openalex.org/A5053433013,32,3
https://openalex.org/A5055484688,32,3
https://openalex.org/A5055792640,32,3
https://openalex.org/A5055822217,32,3
https://openalex.org/A5076503587,32,3
https://openalex.org/A5076775426,32,3
https://openalex.org/A5077437989,32,3
https://openalex.org/A5082254068,32,3
https://openalex.org/A5082274535,32,3
https://openalex.org/A5088828212,32,3
https://openalex.org/A5089132172,32,3
https://openalex.org/A5103389419,32,3
https://openalex.org/A5106234642,32,3
https://openalex.org/A5110222405,32,3
https://openalex.org/A5113457403,32,3
https://openalex.org/A5113792167,32,3
https://openalex.org/A5004873819,32,2
https://openalex.org/A5010139846,32,2
https://openalex.org/A5011422880,32,2
https://openalex.org/A5013013481,32,2
https://openalex.org/A5019554383,32,2
https://openalex.org/A5020847981,32,2
https://openalex.org/A5029487359,32,2
https://openalex.org/A5033803383,32,2
https://openalex.org/A5035833855,32,2
https://openalex.org/A5040255164,32,2
https://openalex.org/A5040338948,32,2
https://openalex.org/A5049026777,32,2
https://openalex.org/A5050149537,32,2
https://openalex.org/A5050637601,32,2
https://openalex.org/A5054124693,32,2
https://openalex.org/A5060367474,32,2
https://openalex.org/A5063225709,32,2
https://openalex.org/A5063525389,32,2
https://openalex.org/A5063642859,32,2
https://openalex.org/A5065511624,32,2
https://openalex.org/A5069308935,32,2
https://openalex.org/A5083267498,32,2
https://openalex.org/A5086905649,32,2
https://openalex.org/A5101434052,32,2
https://openalex.org/A5104185404,32,2
https://openalex.org/A5108204292,32,2
https://openalex.org/A5109002977,32,2
https://openalex.org/A5109168629,32,2
https://openalex.org/A5006414230,32,1
https://openalex.org/A5010556700,32,1
https://openalex.org/A5016564072,32,1
https://openalex.org/A5019664372,32,1
https://openalex.org/A5040862915,32,1
https://openalex.org/A5043229598,32,1
https://openalex.org/A5043767376,32,1
https://openalex.org/A5051242148,32,1
https://openalex.org/A5087148632,32,1
https://openalex.org/A5090134782,32,1
https://openalex.org/A5091789735,32,1
https://openalex.org/A5100730858,32,1
https://openalex.org/A5108073007,32,1
https://openalex.org/A5071778778,33,112
https://openalex.org/A5082742221,33,51
https://openalex.org/A5113226689,33,35
https://openalex.org/A5076536404,33,27
https://openalex.org/A5078932059,33,22
https://openalex.org/A5002798141,33,21
https://openalex.org/A5057564770,33,20
https://openalex.org/A5041097650,33,17
https://openalex.org/A5077795637,33,16
https://openalex.org/A5090394090,33,16
https://openalex.org/A5023084721,33,15
https://openalex.org/A5029890607,33,14
https://openalex.org/A5041747384,33,14
https://openalex.org/A5054771988,33,14
https://openalex.org/A5084989076,33,14
https://openalex.org/A5090665793,33,14
https://openalex.org/A5041282806,33,13
https://openalex.org/A5036322331,33,12
https://openalex.org/A5040042401,33,12
https://openalex.org/A5070635389,33,12
https://openalex.org/A5034565938,33,9
https://openalex.org/A5000096589,33,8
https://openalex.org/A5002575847,33,8
https://openalex.org/A5012844114,33,8
https://openalex.org/A5015966835,33,8
https://openalex.org/A5021404900,33,8
https://openalex.org/A5022367509,33,8
https://openalex.org/A5022691777,33,8
https://openalex.org/A5025279952,33,8
https://openalex.org/A5031463408,33,8
https://openalex.org/A5035602268,33,8
https://openalex.org/A5041923525,33,8
https://openalex.org/A5042177635,33,8
https://openalex.org/A5044110819,33,8
https://openalex.org/A5056804154,33,8
https://openalex.org/A5062161753,33,8
https://openalex.org/A5067559915,33,8
https://openalex.org/A5069476228,33,8
https://openalex.org/A5071075143,33,8
https://openalex.org/A5087031929,33,8
https://openalex.org/A5089594771,33,8
https://openalex.org/A5108504427,33,8
https://openalex.org/A5114079097,33,8
https://openalex.org/A5000767405,33,7
https://openalex.org/A5004243165,33,7
https://openalex.org/A5009805342,33,7
https://openalex.org/A5020125188,33,7
https://openalex.org/A5020189261,33,7
https://openalex.org/A5024051863,33,7
https://openalex.org/A5028150820,33,7
https://openalex.org/A5033141618,33,7
https://openalex.org/A5047810054,33,7
https://openalex.org/A5049419832,33,7
https://openalex.org/A5060225681,33,7
https://openalex.org/A5062513761,33,7
https://openalex.org/A5063124604,33,7
https://openalex.org/A5064388220,33,7
https://openalex.org/A5066644075,33,7
https://openalex.org/A5070525155,33,7
https://openalex.org/A5080781883,33,7
https://openalex.org/A5081802677,33,7
https://openalex.org/A5082116724,33,7
https://openalex.org/A5086291887,33,7
https://openalex.org/A5086800940,33,7
https://openalex.org/A5088534826,33,7
https://openalex.org/A5092492200,33,7
https://openalex.org/A5101881109,33,7
https://openalex.org/A5010149819,33,6
https://openalex.org/A5016944327,33,6
https://openalex.org/A5061317933,33,6
https://openalex.org/A5067119847,33,6
https://openalex.org/A5079421681,33,6
https://openalex.org/A5102817700,33,6
https://openalex.org/A5110625768,33,6
https://openalex.org/A5111967528,33,6
https://openalex.org/A5111979273,33,6
https://openalex.org/A5000431663,33,5
https://openalex.org/A5000587937,33,5
https://openalex.org/A5007929274,33,5
https://openalex.org/A5010347798,33,5
https://openalex.org/A5014687727,33,5
https://openalex.org/A5018326560,33,5
https://openalex.org/A5019560326,33,5
https://openalex.org/A5019945625,33,5
https://openalex.org/A5022630237,33,5
https://openalex.org/A5031093696,33,5
https://openalex.org/A5043382340,33,5
https://openalex.org/A5044769715,33,5
https://openalex.org/A5045583794,33,5
https://openalex.org/A5054352161,33,5
https://openalex.org/A5054992730,33,5
https://openalex.org/A5058102069,33,5
https://openalex.org/A5062858111,33,5
https://openalex.org/A5063356488,33,5
https://openalex.org/A5067201111,33,5
https://openalex.org/A5067302739,33,5
https://openalex.org/A5074575547,33,5
https://openalex.org/A5075670573,33,5
https://openalex.org/A5080379048,33,5
https://openalex.org/A5083939984,33,5
https://openalex.org/A5084560687,33,5
https://openalex.org/A5084804887,33,5
https://openalex.org/A5084829748,33,5
https://openalex.org/A5084915697,33,5
https://openalex.org/A5086226960,33,5
https://openalex.org/A5100679181,33,5
https://openalex.org/A5100694008,33,5
https://openalex.org/A5109235256,33,5
https://openalex.org/A5111232094,33,5
https://openalex.org/A5112799863,33,5
https://openalex.org/A5000705574,33,4
https://openalex.org/A5002774561,33,4
https://openalex.org/A5004737962,33,4
https://openalex.org/A5007049648,33,4
https://openalex.org/A5013269574,33,4
https://openalex.org/A5020815501,33,4
https://openalex.org/A5025160783,33,4
https://openalex.org/A5029594731,33,4
https://openalex.org/A5036544798,33,4
https://openalex.org/A5036664594,33,4
https://openalex.org/A5038167054,33,4
https://openalex.org/A5041445378,33,4
https://openalex.org/A5042131990,33,4
https://openalex.org/A5043390731,33,4
https://openalex.org/A5043701327,33,4
https://openalex.org/A5044246594,33,4
https://openalex.org/A5048610212,33,4
https://openalex.org/A5049308275,33,4
https://openalex.org/A5053688166,33,4
https://openalex.org/A5058755355,33,4
https://openalex.org/A5059351004,33,4
https://openalex.org/A5062803840,33,4
https://openalex.org/A5063821016,33,4
https://openalex.org/A5064978705,33,4
https://openalex.org/A5065241738,33,4
https://openalex.org/A5066644920,33,4
https://openalex.org/A5068428449,33,4
https://openalex.org/A5072703485,33,4
https://openalex.org/A5072721986,33,4
https://openalex.org/A5073731962,33,4
https://openalex.org/A5074337996,33,4
https://openalex.org/A5074836961,33,4
https://openalex.org/A5076293448,33,4
https://openalex.org/A5077863173,33,4
https://openalex.org/A5081895519,33,4
https://openalex.org/A5088589804,33,4
https://openalex.org/A5088695714,33,4
https://openalex.org/A5102746568,33,4
https://openalex.org/A5103038535,33,4
https://openalex.org/A5107337302,33,4
https://openalex.org/A5109581981,33,4
https://openalex.org/A5110304506,33,4
https://openalex.org/A5110575761,33,4
https://openalex.org/A5001177236,33,3
https://openalex.org/A5004969523,33,3
https://openalex.org/A5004990550,33,3
https://openalex.org/A5005065765,33,3
https://openalex.org/A5006052956,33,3
https://openalex.org/A5007140857,33,3
https://openalex.org/A5007426507,33,3
https://openalex.org/A5007633422,33,3
https://openalex.org/A5008962923,33,3
https://openalex.org/A5010170513,33,3
https://openalex.org/A5012148461,33,3
https://openalex.org/A5014104052,33,3
https://openalex.org/A5015055725,33,3
https://openalex.org/A5016482035,33,3
https://openalex.org/A5016769078,33,3
https://openalex.org/A5027573637,33,3
https://openalex.org/A5027620832,33,3
https://openalex.org/A5035094477,33,3
https://openalex.org/A5041265646,33,3
https://openalex.org/A5041420380,33,3
https://openalex.org/A5045147740,33,3
https://openalex.org/A5047145400,33,3
https://openalex.org/A5057564242,33,3
https://openalex.org/A5066184277,33,3
https://openalex.org/A5068521254,33,3
https://openalex.org/A5072922547,33,3
https://openalex.org/A5077183666,33,3
https://openalex.org/A5080407181,33,3
https://openalex.org/A5083383212,33,3
https://openalex.org/A5086383420,33,3
https://openalex.org/A5087269269,33,3
https://openalex.org/A5087605850,33,3
https://openalex.org/A5088867825,33,3
https://openalex.org/A5091316463,33,3
https://openalex.org/A5100783310,33,3
https://openalex.org/A5101637245,33,3
https://openalex.org/A5101907380,33,3
https://openalex.org/A5103170831,33,3
https://openalex.org/A5002705720,33,2
https://openalex.org/A5003827477,33,2
https://openalex.org/A5009487598,33,2
https://openalex.org/A5012748638,33,2
https://openalex.org/A5014846400,33,2
https://openalex.org/A5021586049,33,2
https://openalex.org/A5021946979,33,2
https://openalex.org/A5032882334,33,2
https://openalex.org/A5035272423,33,2
https://openalex.org/A5042678282,33,2
https://openalex.org/A5048927920,33,2
https://openalex.org/A5049220804,33,2
https://openalex.org/A5049746675,33,2
https://openalex.org/A5056273945,33,2
https://openalex.org/A5058550497,33,2
https://openalex.org/A5059238158,33,2
https://openalex.org/A5059882040,33,2
https://openalex.org/A5065795394,33,2
https://openalex.org/A5066545819,33,2
https://openalex.org/A5067496606,33,2
https://openalex.org/A5069251127,33,2
https://openalex.org/A5071766423,33,2
https://openalex.org/A5076289195,33,2
https://openalex.org/A5077544065,33,2
https://openalex.org/A5079569530,33,2
https://openalex.org/A5080191351,33,2
https://openalex.org/A5084607886,33,2
https://openalex.org/A5086234688,33,2
https://openalex.org/A5086633980,33,2
https://openalex.org/A5088773613,33,2
https://openalex.org/A5090882537,33,2
https://openalex.org/A5091465006,33,2
https://openalex.org/A5103220579,33,2
https://openalex.org/A5103891404,33,2
https://openalex.org/A5109421578,33,2
https://openalex.org/A5110317971,33,2
https://openalex.org/A5112820443,33,2
https://openalex.org/A5001257476,33,1
https://openalex.org/A5005143891,33,1
https://openalex.org/A5006278092,33,1
https://openalex.org/A5011132434,33,1
https://openalex.org/A5014207667,33,1
https://openalex.org/A5014817499,33,1
https://openalex.org/A5025248426,33,1
https://openalex.org/A5038700785,33,1
https://openalex.org/A5048397492,33,1
https://openalex.org/A5050326082,33,1
https://openalex.org/A5050571401,33,1
https://openalex.org/A5050964406,33,1
https://openalex.org/A5063822885,33,1
https://openalex.org/A5067151081,33,1
https://openalex.org/A5067254145,33,1
https://openalex.org/A5073682437,33,1
https://openalex.org/A5076049770,33,1
https://openalex.org/A5078921378,33,1
https://openalex.org/A5087288671,33,1
https://openalex.org/A5087980362,33,1
https://openalex.org/A5100776027,33,1
https://openalex.org/A5109885052,33,1
https://openalex.org/A5110901333,33,1
https://openalex.org/A5065423139,34,64
https://openalex.org/A5069426228,34,52
https://openalex.org/A5008132739,34,41
https://openalex.org/A5091770864,34,35
https://openalex.org/A5025801659,34,33
https://openalex.org/A5041723151,34,29
https://openalex.org/A5044153684,34,18
https://openalex.org/A5062376251,34,18
https://openalex.org/A5081858769,34,17
https://openalex.org/A5006626387,34,16
https://openalex.org/A5053906209,34,15
https://openalex.org/A5014366794,34,14
https://openalex.org/A5026215303,34,14
https://openalex.org/A5014611865,34,13
https://openalex.org/A5015249696,34,13
https://openalex.org/A5023282305,34,13
https://openalex.org/A5008052793,34,12
https://openalex.org/A5030229074,34,12
https://openalex.org/A5036657395,34,12
https://openalex.org/A5060344647,34,12
https://openalex.org/A5060924502,34,12
https://openalex.org/A5013758225,34,11
https://openalex.org/A5059448323,34,11
https://openalex.org/A5039651585,34,10
https://openalex.org/A5083361799,34,10
https://openalex.org/A5015286159,34,9
https://openalex.org/A5059439551,34,9
https://openalex.org/A5008305485,34,8
https://openalex.org/A5011439420,34,8
https://openalex.org/A5011536590,34,8
https://openalex.org/A5012269430,34,8
https://openalex.org/A5014403513,34,8
https://openalex.org/A5019321925,34,8
https://openalex.org/A5021371316,34,8
https://openalex.org/A5026986766,34,8
https://openalex.org/A5030117094,34,8
https://openalex.org/A5031604151,34,8
https://openalex.org/A5038678998,34,8
https://openalex.org/A5039619453,34,8
https://openalex.org/A5041661508,34,8
https://openalex.org/A5041799420,34,8
https://openalex.org/A5042812881,34,8
https://openalex.org/A5042944674,34,8
https://openalex.org/A5043743069,34,8
https://openalex.org/A5048106372,34,8
https://openalex.org/A5054198655,34,8
https://openalex.org/A5058226396,34,8
https://openalex.org/A5058962672,34,8
https://openalex.org/A5059579463,34,8
https://openalex.org/A5064435268,34,8
https://openalex.org/A5064536114,34,8
https://openalex.org/A5068198317,34,8
https://openalex.org/A5070784989,34,8
https://openalex.org/A5110059796,34,8
https://openalex.org/A5111513659,34,8
https://openalex.org/A5015912945,34,7
https://openalex.org/A5019873373,34,7
https://openalex.org/A5020310383,34,7
https://openalex.org/A5038054573,34,7
https://openalex.org/A5038683814,34,7
https://openalex.org/A5043161143,34,7
https://openalex.org/A5048639724,34,7
https://openalex.org/A5077789090,34,7
https://openalex.org/A5003911982,34,6
https://openalex.org/A5008918635,34,6
https://openalex.org/A5009706429,34,6
https://openalex.org/A5016594838,34,6
https://openalex.org/A5017362351,34,6
https://openalex.org/A5020756502,34,6
https://openalex.org/A5024127205,34,6
https://openalex.org/A5024894993,34,6
https://openalex.org/A5031070911,34,6
https://openalex.org/A5037000999,34,6
https://openalex.org/A5040018114,34,6
https://openalex.org/A5040245841,34,6
https://openalex.org/A5041810267,34,6
https://openalex.org/A5045274152,34,6
https://openalex.org/A5054196026,34,6
https://openalex.org/A5054870606,34,6
https://openalex.org/A5055550975,34,6
https://openalex.org/A5057827968,34,6
https://openalex.org/A5058463849,34,6
https://openalex.org/A5062083790,34,6
https://openalex.org/A5063138130,34,6
https://openalex.org/A5080042065,34,6
https://openalex.org/A5080680727,34,6
https://openalex.org/A5083670870,34,6
https://openalex.org/A5083726776,34,6
https://openalex.org/A5084703180,34,6
https://openalex.org/A5085154497,34,6
https://openalex.org/A5087697085,34,6
https://openalex.org/A5087723541,34,6
https://openalex.org/A5088351658,34,6
https://openalex.org/A5091791127,34,6
https://openalex.org/A5108283190,34,6
https://openalex.org/A5002511145,34,5
https://openalex.org/A5008841537,34,5
https://openalex.org/A5009189202,34,5
https://openalex.org/A5011395249,34,5
https://openalex.org/A5011617745,34,5
https://openalex.org/A5016507846,34,5
https://openalex.org/A5027729141,34,5
https://openalex.org/A5032154547,34,5
https://openalex.org/A5033289752,34,5
https://openalex.org/A5033424239,34,5
https://openalex.org/A5037671741,34,5
https://openalex.org/A5044590438,34,5
https://openalex.org/A5045359146,34,5
https://openalex.org/A5046041496,34,5
https://openalex.org/A5047444888,34,5
https://openalex.org/A5053756799,34,5
https://openalex.org/A5064518537,34,5
https://openalex.org/A5065748958,34,5
https://openalex.org/A5067902471,34,5
https://openalex.org/A5068908868,34,5
https://openalex.org/A5069106345,34,5
https://openalex.org/A5069321372,34,5
https://openalex.org/A5075625937,34,5
https://openalex.org/A5079142239,34,5
https://openalex.org/A5079229807,34,5
https://openalex.org/A5085492872,34,5
https://openalex.org/A5085677628,34,5
https://openalex.org/A5086861303,34,5
https://openalex.org/A5087154337,34,5
https://openalex.org/A5089377692,34,5
https://openalex.org/A5109248665,34,5
https://openalex.org/A5109548402,34,5
https://openalex.org/A5112444682,34,5
https://openalex.org/A5000797422,34,4
https://openalex.org/A5001975265,34,4
https://openalex.org/A5003314979,34,4
https://openalex.org/A5005512204,34,4
https://openalex.org/A5008287079,34,4
https://openalex.org/A5009867346,34,4
https://openalex.org/A5011481913,34,4
https://openalex.org/A5011859309,34,4
https://openalex.org/A5012844052,34,4
https://openalex.org/A5013346591,34,4
https://openalex.org/A5017662253,34,4
https://openalex.org/A5018292481,34,4
https://openalex.org/A5018823116,34,4
https://openalex.org/A5023423062,34,4
https://openalex.org/A5029129489,34,4
https://openalex.org/A5032297436,34,4
https://openalex.org/A5037532163,34,4
https://openalex.org/A5041983200,34,4
https://openalex.org/A5042502148,34,4
https://openalex.org/A5045869355,34,4
https://openalex.org/A5046646390,34,4
https://openalex.org/A5049644462,34,4
https://openalex.org/A5052673982,34,4
https://openalex.org/A5052895077,34,4
https://openalex.org/A5053439178,34,4
https://openalex.org/A5053996683,34,4
https://openalex.org/A5059790477,34,4
https://openalex.org/A5059892128,34,4
https://openalex.org/A5062030569,34,4
https://openalex.org/A5062328499,34,4
https://openalex.org/A5063471621,34,4
https://openalex.org/A5064200690,34,4
https://openalex.org/A5064232831,34,4
https://openalex.org/A5067043601,34,4
https://openalex.org/A5067960464,34,4
https://openalex.org/A5070815266,34,4
https://openalex.org/A5073831202,34,4
https://openalex.org/A5075298587,34,4
https://openalex.org/A5075326311,34,4
https://openalex.org/A5077483649,34,4
https://openalex.org/A5079634925,34,4
https://openalex.org/A5095094129,34,4
https://openalex.org/A5101787024,34,4
https://openalex.org/A5102746918,34,4
https://openalex.org/A5114376662,34,4
https://openalex.org/A5001392127,34,3
https://openalex.org/A5001457934,34,3
https://openalex.org/A5002025732,34,3
https://openalex.org/A5003310996,34,3
https://openalex.org/A5004025136,34,3
https://openalex.org/A5004778663,34,3
https://openalex.org/A5006495935,34,3
https://openalex.org/A5009459919,34,3
https://openalex.org/A5009556605,34,3
https://openalex.org/A5012991867,34,3
https://openalex.org/A5013150142,34,3
https://openalex.org/A5014223876,34,3
https://openalex.org/A5015042006,34,3
https://openalex.org/A5018877184,34,3
https://openalex.org/A5020548562,34,3
https://openalex.org/A5023267025,34,3
https://openalex.org/A5029998867,34,3
https://openalex.org/A5036542864,34,3
https://openalex.org/A5036738038,34,3
https://openalex.org/A5037421172,34,3
https://openalex.org/A5039958664,34,3
https://openalex.org/A5041361129,34,3
https://openalex.org/A5041903789,34,3
https://openalex.org/A5049106789,34,3
https://openalex.org/A5050441799,34,3
https://openalex.org/A5051907160,34,3
https://openalex.org/A5058032712,34,3
https://openalex.org/A5058641647,34,3
https://openalex.org/A5061667884,34,3
https://openalex.org/A5062327405,34,3
https://openalex.org/A5065375885,34,3
https://openalex.org/A5069273427,34,3
https://openalex.org/A5069284430,34,3
https://openalex.org/A5069981543,34,3
https://openalex.org/A5073563738,34,3
https://openalex.org/A5073859371,34,3
https://openalex.org/A5075842856,34,3
https://openalex.org/A5081997867,34,3
https://openalex.org/A5085569065,34,3
https://openalex.org/A5087623559,34,3
https://openalex.org/A5088120102,34,3
https://openalex.org/A5089208747,34,3
https://openalex.org/A5103866667,34,3
https://openalex.org/A5109112037,34,3
https://openalex.org/A5111431751,34,3
https://openalex.org/A5004064125,34,2
https://openalex.org/A5007019358,34,2
https://openalex.org/A5015645501,34,2
https://openalex.org/A5022327095,34,2
https://openalex.org/A5028258863,34,2
https://openalex.org/A5029698090,34,2
https://openalex.org/A5035294622,34,2
https://openalex.org/A5046850399,34,2
https://openalex.org/A5049984442,34,2
https://openalex.org/A5054746425,34,2
https://openalex.org/A5059459571,34,2
https://openalex.org/A5060577569,34,2
https://openalex.org/A5063000199,34,2
https://openalex.org/A5071531173,34,2
https://openalex.org/A5072428539,34,2
https://openalex.org/A5075405580,34,2
https://openalex.org/A5076037951,34,2
https://openalex.org/A5079317491,34,2
https://openalex.org/A5079438376,34,2
https://openalex.org/A5083830744,34,2
https://openalex.org/A5086283388,34,2
https://openalex.org/A5005738137,34,1
https://openalex.org/A5031884674,34,1
https://openalex.org/A5050983863,34,1
https://openalex.org/A5052470960,34,1
https://openalex.org/A5064335115,34,1
https://openalex.org/A5086031580,34,1
https://openalex.org/A5100420423,35,257
https://openalex.org/A5061885944,35,107
https://openalex.org/A5100643586,35,33
https://openalex.org/A5083604269,35,27
https://openalex.org/A5100373814,35,23
https://openalex.org/A5100336604,35,21
https://openalex.org/A5004151800,35,19
https://openalex.org/A5043364207,35,18
https://openalex.org/A5088415139,35,18
https://openalex.org/A5081803434,35,14
https://openalex.org/A5081963682,35,14
https://openalex.org/A5010728137,35,13
https://openalex.org/A5104083138,35,12
https://openalex.org/A5037480887,35,11
https://openalex.org/A5054008288,35,10
https://openalex.org/A5070853446,35,10
https://openalex.org/A5100675332,35,10
https://openalex.org/A5008718870,35,9
https://openalex.org/A5036803894,35,9
https://openalex.org/A5043757150,35,9
https://openalex.org/A5082092878,35,9
https://openalex.org/A5091736641,35,9
https://openalex.org/A5100378223,35,9
https://openalex.org/A5100643020,35,9
https://openalex.org/A5008080886,35,8
https://openalex.org/A5027809285,35,8
https://openalex.org/A5031781106,35,8
https://openalex.org/A5052139969,35,8
https://openalex.org/A5069244818,35,8
https://openalex.org/A5071260167,35,8
https://openalex.org/A5075426284,35,8
https://openalex.org/A5079878207,35,8
https://openalex.org/A5083033407,35,8
https://openalex.org/A5100371500,35,8
https://openalex.org/A5101488689,35,8
https://openalex.org/A5101544032,35,8
https://openalex.org/A5103402770,35,8
https://openalex.org/A5110587044,35,8
https://openalex.org/A5001512061,35,7
https://openalex.org/A5005395354,35,7
https://openalex.org/A5008555084,35,7
https://openalex.org/A5010376122,35,7
https://openalex.org/A5010423523,35,7
https://openalex.org/A5018250803,35,7
https://openalex.org/A5036631678,35,7
https://openalex.org/A5040348286,35,7
https://openalex.org/A5041645148,35,7
https://openalex.org/A5055728529,35,7
https://openalex.org/A5061694501,35,7
https://openalex.org/A5069439577,35,7
https://openalex.org/A5082984914,35,7
https://openalex.org/A5086319041,35,7
https://openalex.org/A5100376444,35,7
https://openalex.org/A5100406427,35,7
https://openalex.org/A5100531618,35,7
https://openalex.org/A5100603435,35,7
https://openalex.org/A5100728699,35,7
https://openalex.org/A5100731499,35,7
https://openalex.org/A5101471208,35,7
https://openalex.org/A5101583972,35,7
https://openalex.org/A5101705874,35,7
https://openalex.org/A5101756256,35,7
https://openalex.org/A5102341653,35,7
https://openalex.org/A5102672966,35,7
https://openalex.org/A5102985706,35,7
https://openalex.org/A5103916489,35,7
https://openalex.org/A5105652031,35,7
https://openalex.org/A5115596862,35,7
https://openalex.org/A5000866653,35,6
https://openalex.org/A5022807314,35,6
https://openalex.org/A5026397132,35,6
https://openalex.org/A5028149813,35,6
https://openalex.org/A5039946412,35,6
https://openalex.org/A5045037679,35,6
https://openalex.org/A5056283442,35,6
https://openalex.org/A5056340193,35,6
https://openalex.org/A5066677621,35,6
https://openalex.org/A5074215832,35,6
https://openalex.org/A5074562832,35,6
https://openalex.org/A5079550885,35,6
https://openalex.org/A5084427175,35,6
https://openalex.org/A5091369544,35,6
https://openalex.org/A5097902313,35,6
https://openalex.org/A5100599682,35,6
https://openalex.org/A5100653459,35,6
https://openalex.org/A5100745633,35,6
https://openalex.org/A5100749455,35,6
https://openalex.org/A5101199257,35,6
https://openalex.org/A5101360497,35,6
https://openalex.org/A5101414458,35,6
https://openalex.org/A5101708205,35,6
https://openalex.org/A5101796598,35,6
https://openalex.org/A5103286520,35,6
https://openalex.org/A5110004266,35,6
https://openalex.org/A5001004189,35,5
https://openalex.org/A5002669080,35,5
https://openalex.org/A5007553922,35,5
https://openalex.org/A5008183032,35,5
https://openalex.org/A5010588056,35,5
https://openalex.org/A5011730034,35,5
https://openalex.org/A5023196768,35,5
https://openalex.org/A5025972481,35,5
https://openalex.org/A5030178923,35,5
https://openalex.org/A5032734917,35,5
https://openalex.org/A5051456449,35,5
https://openalex.org/A5060781529,35,5
https://openalex.org/A5070277096,35,5
https://openalex.org/A5078530858,35,5
https://openalex.org/A5079218967,35,5
https://openalex.org/A5100350630,35,5
https://openalex.org/A5100365383,35,5
https://openalex.org/A5100435096,35,5
https://openalex.org/A5100436028,35,5
https://openalex.org/A5100436059,35,5
https://openalex.org/A5100567983,35,5
https://openalex.org/A5100666838,35,5
https://openalex.org/A5101111125,35,5
https://openalex.org/A5101460287,35,5
https://openalex.org/A5101626159,35,5
https://openalex.org/A5101796189,35,5
https://openalex.org/A5108018788,35,5
https://openalex.org/A5108856443,35,5
https://openalex.org/A5110307438,35,5
https://openalex.org/A5114073787,35,5
https://openalex.org/A5004823439,35,4
https://openalex.org/A5010051678,35,4
https://openalex.org/A5020094672,35,4
https://openalex.org/A5020551210,35,4
https://openalex.org/A5021340580,35,4
https://openalex.org/A5022623600,35,4
https://openalex.org/A5023708699,35,4
https://openalex.org/A5032053239,35,4
https://openalex.org/A5034622912,35,4
https://openalex.org/A5034843320,35,4
https://openalex.org/A5037586022,35,4
https://openalex.org/A5044366922,35,4
https://openalex.org/A5045558728,35,4
https://openalex.org/A5051510922,35,4
https://openalex.org/A5051831201,35,4
https://openalex.org/A5055964877,35,4
https://openalex.org/A5066372587,35,4
https://openalex.org/A5069163186,35,4
https://openalex.org/A5074091347,35,4
https://openalex.org/A5078782743,35,4
https://openalex.org/A5079730686,35,4
https://openalex.org/A5082751801,35,4
https://openalex.org/A5100338494,35,4
https://openalex.org/A5100365337,35,4
https://openalex.org/A5100675454,35,4
https://openalex.org/A5100768255,35,4
https://openalex.org/A5101762510,35,4
https://openalex.org/A5103219351,35,4
https://openalex.org/A5001561621,35,3
https://openalex.org/A5002209280,35,3
https://openalex.org/A5003847155,35,3
https://openalex.org/A5004322232,35,3
https://openalex.org/A5007634115,35,3
https://openalex.org/A5014855921,35,3
https://openalex.org/A5016098837,35,3
https://openalex.org/A5016494270,35,3
https://openalex.org/A5018865673,35,3
https://openalex.org/A5025019073,35,3
https://openalex.org/A5028183494,35,3
https://openalex.org/A5028574765,35,3
https://openalex.org/A5032836955,35,3
https://openalex.org/A5033201088,35,3
https://openalex.org/A5036457814,35,3
https://openalex.org/A5037078872,35,3
https://openalex.org/A5040282796,35,3
https://openalex.org/A5040849336,35,3
https://openalex.org/A5041370122,35,3
https://openalex.org/A5042649720,35,3
https://openalex.org/A5043162249,35,3
https://openalex.org/A5044523162,35,3
https://openalex.org/A5045833764,35,3
https://openalex.org/A5055257737,35,3
https://openalex.org/A5060128853,35,3
https://openalex.org/A5061999893,35,3
https://openalex.org/A5062264785,35,3
https://openalex.org/A5062713223,35,3
https://openalex.org/A5063916987,35,3
https://openalex.org/A5064032702,35,3
https://openalex.org/A5065503728,35,3
https://openalex.org/A5065751295,35,3
https://openalex.org/A5066113282,35,3
https://openalex.org/A5067644971,35,3
https://openalex.org/A5067717472,35,3
https://openalex.org/A5070035258,35,3
https://openalex.org/A5070384923,35,3
https://openalex.org/A5071660418,35,3
https://openalex.org/A5075793408,35,3
https://openalex.org/A5078073594,35,3
https://openalex.org/A5079475491,35,3
https://openalex.org/A5100351304,35,3
https://openalex.org/A5100417848,35,3
https://openalex.org/A5100427505,35,3
https://openalex.org/A5100455903,35,3
https://openalex.org/A5100528032,35,3
https://openalex.org/A5100618114,35,3
https://openalex.org/A5100692500,35,3
https://openalex.org/A5100733956,35,3
https://openalex.org/A5100738583,35,3
https://openalex.org/A5100776821,35,3
https://openalex.org/A5100777658,35,3
https://openalex.org/A5100780081,35,3
https://openalex.org/A5101689424,35,3
https://openalex.org/A5101924836,35,3
https://openalex.org/A5102868541,35,3
https://openalex.org/A5107848132,35,3
https://openalex.org/A5011288772,35,2
https://openalex.org/A5011724449,35,2
https://openalex.org/A5018752837,35,2
https://openalex.org/A5044011264,35,2
https://openalex.org/A5045058899,35,2
https://openalex.org/A5048755354,35,2
https://openalex.org/A5053855984,35,2
https://openalex.org/A5057372251,35,2
https://openalex.org/A5058377107,35,2
https://openalex.org/A5060367946,35,2
https://openalex.org/A5069332296,35,2
https://openalex.org/A5070048945,35,2
https://openalex.org/A5072445573,35,2
https://openalex.org/A5080351219,35,2
https://openalex.org/A5083663440,35,2
https://openalex.org/A5085238719,35,2
https://openalex.org/A5086980220,35,2
https://openalex.org/A5100323834,35,2
https://openalex.org/A5100734067,35,2
https://openalex.org/A5100782241,35,2
https://openalex.org/A5100783980,35,2
https://openalex.org/A5101496773,35,2
https://openalex.org/A5101556000,35,2
https://openalex.org/A5110433984,35,2
https://openalex.org/A5111520827,35,2
https://openalex.org/A5015786811,35,1
https://openalex.org/A5024807282,35,1
https://openalex.org/A5064132150,35,1
https://openalex.org/A5083215472,35,1
https://openalex.org/A5100371488,35,1
https://openalex.org/A5101423692,35,1
https://openalex.org/A5102976329,35,1
https://openalex.org/A5103003598,35,1
https://openalex.org/A5077865016,36,102
https://openalex.org/A5021757437,36,52
https://openalex.org/A5088590161,36,50
https://openalex.org/A5007830440,36,27
https://openalex.org/A5077079119,36,27
https://openalex.org/A5080791781,36,19
https://openalex.org/A5059989201,36,17
https://openalex.org/A5053035973,36,14
https://openalex.org/A5054378901,36,14
https://openalex.org/A5046230056,36,13
https://openalex.org/A5005951648,36,11
https://openalex.org/A5012376884,36,10
https://openalex.org/A5021657086,36,10
https://openalex.org/A5068607960,36,10
https://openalex.org/A5088201078,36,10
https://openalex.org/A5089491746,36,10
https://openalex.org/A5103275475,36,10
https://openalex.org/A5017075432,36,9
https://openalex.org/A5023392792,36,9
https://openalex.org/A5080087902,36,9
https://openalex.org/A5005349228,36,8
https://openalex.org/A5006156537,36,8
https://openalex.org/A5007791899,36,8
https://openalex.org/A5010677289,36,8
https://openalex.org/A5012667644,36,8
https://openalex.org/A5012997569,36,8
https://openalex.org/A5014394213,36,8
https://openalex.org/A5026444055,36,8
https://openalex.org/A5032003942,36,8
https://openalex.org/A5037459664,36,8
https://openalex.org/A5041215144,36,8
https://openalex.org/A5062298626,36,8
https://openalex.org/A5068595933,36,8
https://openalex.org/A5068849293,36,8
https://openalex.org/A5069454833,36,8
https://openalex.org/A5090205025,36,8
https://openalex.org/A5101506309,36,8
https://openalex.org/A5104909615,36,8
https://openalex.org/A5109323177,36,8
https://openalex.org/A5109395807,36,8
https://openalex.org/A5109551317,36,8
https://openalex.org/A5110628266,36,8
https://openalex.org/A5007653553,36,7
https://openalex.org/A5014490044,36,7
https://openalex.org/A5014649233,36,7
https://openalex.org/A5019723604,36,7
https://openalex.org/A5020741320,36,7
https://openalex.org/A5027925190,36,7
https://openalex.org/A5050242572,36,7
https://openalex.org/A5053122804,36,7
https://openalex.org/A5055516963,36,7
https://openalex.org/A5064445089,36,7
https://openalex.org/A5074159044,36,7
https://openalex.org/A5076675833,36,7
https://openalex.org/A5003277880,36,6
https://openalex.org/A5004273274,36,6
https://openalex.org/A5012804721,36,6
https://openalex.org/A5024124370,36,6
https://openalex.org/A5027421168,36,6
https://openalex.org/A5032482902,36,6
https://openalex.org/A5044849228,36,6
https://openalex.org/A5045452484,36,6
https://openalex.org/A5045500067,36,6
https://openalex.org/A5046291939,36,6
https://openalex.org/A5052035695,36,6
https://openalex.org/A5053146901,36,6
https://openalex.org/A5053200092,36,6
https://openalex.org/A5054993510,36,6
https://openalex.org/A5069270977,36,6
https://openalex.org/A5072554376,36,6
https://openalex.org/A5079012482,36,6
https://openalex.org/A5086544309,36,6
https://openalex.org/A5103448218,36,6
https://openalex.org/A5000829187,36,5
https://openalex.org/A5000885413,36,5
https://openalex.org/A5005713194,36,5
https://openalex.org/A5006258783,36,5
https://openalex.org/A5007172438,36,5
https://openalex.org/A5009055054,36,5
https://openalex.org/A5010576828,36,5
https://openalex.org/A5011499563,36,5
https://openalex.org/A5011633255,36,5
https://openalex.org/A5012131168,36,5
https://openalex.org/A5014308951,36,5
https://openalex.org/A5014629196,36,5
https://openalex.org/A5016659651,36,5
https://openalex.org/A5024171988,36,5
https://openalex.org/A5031360025,36,5
https://openalex.org/A5035370885,36,5
https://openalex.org/A5036098388,36,5
https://openalex.org/A5038600559,36,5
https://openalex.org/A5040044002,36,5
https://openalex.org/A5044157829,36,5
https://openalex.org/A5044470179,36,5
https://openalex.org/A5044777511,36,5
https://openalex.org/A5045914186,36,5
https://openalex.org/A5046786525,36,5
https://openalex.org/A5050569876,36,5
https://openalex.org/A5052671463,36,5
https://openalex.org/A5053678872,36,5
https://openalex.org/A5060979948,36,5
https://openalex.org/A5065760252,36,5
https://openalex.org/A5067477814,36,5
https://openalex.org/A5069438740,36,5
https://openalex.org/A5069886855,36,5
https://openalex.org/A5071686738,36,5
https://openalex.org/A5076519038,36,5
https://openalex.org/A5085240636,36,5
https://openalex.org/A5088779055,36,5
https://openalex.org/A5090542202,36,5
https://openalex.org/A5102243938,36,5
https://openalex.org/A5103706325,36,5
https://openalex.org/A5106731608,36,5
https://openalex.org/A5109215915,36,5
https://openalex.org/A5110748142,36,5
https://openalex.org/A5112337188,36,5
https://openalex.org/A5000391500,36,4
https://openalex.org/A5000911619,36,4
https://openalex.org/A5004511208,36,4
https://openalex.org/A5005167214,36,4
https://openalex.org/A5022848408,36,4
https://openalex.org/A5023446441,36,4
https://openalex.org/A5025573426,36,4
https://openalex.org/A5038026337,36,4
https://openalex.org/A5051733875,36,4
https://openalex.org/A5061070355,36,4
https://openalex.org/A5067096846,36,4
https://openalex.org/A5070533472,36,4
https://openalex.org/A5071366167,36,4
https://openalex.org/A5074945649,36,4
https://openalex.org/A5081871525,36,4
https://openalex.org/A5087423220,36,4
https://openalex.org/A5088178290,36,4
https://openalex.org/A5090396631,36,4
https://openalex.org/A5103163322,36,4
https://openalex.org/A5112799299,36,4
https://openalex.org/A5000031081,36,3
https://openalex.org/A5009132972,36,3
https://openalex.org/A5010066039,36,3
https://openalex.org/A5010590386,36,3
https://openalex.org/A5012370081,36,3
https://openalex.org/A5015746639,36,3
https://openalex.org/A5020277423,36,3
https://openalex.org/A5025896672,36,3
https://openalex.org/A5030378535,36,3
https://openalex.org/A5031195893,36,3
https://openalex.org/A5033273057,36,3
https://openalex.org/A5035444752,36,3
https://openalex.org/A5035746453,36,3
https://openalex.org/A5037339142,36,3
https://openalex.org/A5040551863,36,3
https://openalex.org/A5041212463,36,3
https://openalex.org/A5045135633,36,3
https://openalex.org/A5046402665,36,3
https://openalex.org/A5046757361,36,3
https://openalex.org/A5049165391,36,3
https://openalex.org/A5053809954,36,3
https://openalex.org/A5057173364,36,3
https://openalex.org/A5065641796,36,3
https://openalex.org/A5066094160,36,3
https://openalex.org/A5067600747,36,3
https://openalex.org/A5067924223,36,3
https://openalex.org/A5068121257,36,3
https://openalex.org/A5072699280,36,3
https://openalex.org/A5073588759,36,3
https://openalex.org/A5073819937,36,3
https://openalex.org/A5075077837,36,3
https://openalex.org/A5076845855,36,3
https://openalex.org/A5081829649,36,3
https://openalex.org/A5087162974,36,3
https://openalex.org/A5091734816,36,3
https://openalex.org/A5109582975,36,3
https://openalex.org/A5110328496,36,3
https://openalex.org/A5110545801,36,3
https://openalex.org/A5113856778,36,3
https://openalex.org/A5000442421,36,2
https://openalex.org/A5002896450,36,2
https://openalex.org/A5008646404,36,2
https://openalex.org/A5008992386,36,2
https://openalex.org/A5010626848,36,2
https://openalex.org/A5013693751,36,2
https://openalex.org/A5013841168,36,2
https://openalex.org/A5015409655,36,2
https://openalex.org/A5017084936,36,2
https://openalex.org/A5019554329,36,2
https://openalex.org/A5021967830,36,2
https://openalex.org/A5025611435,36,2
https://openalex.org/A5032968051,36,2
https://openalex.org/A5034900567,36,2
https://openalex.org/A5038416473,36,2
https://openalex.org/A5043868820,36,2
https://openalex.org/A5044193617,36,2
https://openalex.org/A5048727574,36,2
https://openalex.org/A5049993916,36,2
https://openalex.org/A5051345115,36,2
https://openalex.org/A5053277903,36,2
https://openalex.org/A5053347176,36,2
https://openalex.org/A5055574154,36,2
https://openalex.org/A5056241035,36,2
https://openalex.org/A5057117497,36,2
https://openalex.org/A5059715106,36,2
https://openalex.org/A5062148662,36,2
https://openalex.org/A5072729704,36,2
https://openalex.org/A5072977526,36,2
https://openalex.org/A5073348658,36,2
https://openalex.org/A5081918217,36,2
https://openalex.org/A5085747937,36,2
https://openalex.org/A5087294231,36,2
https://openalex.org/A5101722692,36,2
https://openalex.org/A5103525653,36,2
https://openalex.org/A5110115978,36,2
https://openalex.org/A5111546961,36,2
https://openalex.org/A5000772564,36,1
https://openalex.org/A5007872387,36,1
https://openalex.org/A5014223736,36,1
https://openalex.org/A5021910063,36,1
https://openalex.org/A5022353820,36,1
https://openalex.org/A5023935745,36,1
https://openalex.org/A5023955516,36,1
https://openalex.org/A5025721982,36,1
https://openalex.org/A5029909593,36,1
https://openalex.org/A5033471802,36,1
https://openalex.org/A5038703539,36,1
https://openalex.org/A5059811393,36,1
https://openalex.org/A5068375254,36,1
https://openalex.org/A5072087196,36,1
https://openalex.org/A5078406732,36,1
https://openalex.org/A5100462084,36,1
https://openalex.org/A5109151329,36,1
https://openalex.org/A5111509328,36,1
https://openalex.org/A5112171110,36,1
https://openalex.org/A5081350025,37,126
https://openalex.org/A5027729234,37,96
https://openalex.org/A5047854386,37,19
https://openalex.org/A5020166075,37,18
https://openalex.org/A5076941944,37,17
https://openalex.org/A5077432285,37,17
https://openalex.org/A5083277542,37,15
https://openalex.org/A5009429583,37,13
https://openalex.org/A5038506500,37,13
https://openalex.org/A5039860428,37,13
https://openalex.org/A5089392540,37,13
https://openalex.org/A5000877972,37,12
https://openalex.org/A5010277929,37,12
https://openalex.org/A5016968902,37,11
https://openalex.org/A5027632974,37,11
https://openalex.org/A5048741049,37,11
https://openalex.org/A5061376855,37,11
https://openalex.org/A5076567963,37,11
https://openalex.org/A5012722037,37,10
https://openalex.org/A5103580947,37,10
https://openalex.org/A5001664420,37,9
https://openalex.org/A5087479121,37,9
https://openalex.org/A5001349055,37,8
https://openalex.org/A5005240568,37,8
https://openalex.org/A5005827999,37,8
https://openalex.org/A5005962855,37,8
https://openalex.org/A5009867814,37,8
https://openalex.org/A5010466665,37,8
https://openalex.org/A5010572016,37,8
https://openalex.org/A5014409013,37,8
https://openalex.org/A5015685610,37,8
https://openalex.org/A5017212045,37,8
https://openalex.org/A5019212730,37,8
https://openalex.org/A5021781474,37,8
https://openalex.org/A5022296816,37,8
https://openalex.org/A5024529656,37,8
https://openalex.org/A5025455859,37,8
https://openalex.org/A5026965923,37,8
https://openalex.org/A5030816361,37,8
https://openalex.org/A5032548809,37,8
https://openalex.org/A5033384641,37,8
https://openalex.org/A5035748650,37,8
https://openalex.org/A5040636838,37,8
https://openalex.org/A5043158136,37,8
https://openalex.org/A5043183722,37,8
https://openalex.org/A5043991252,37,8
https://openalex.org/A5045066741,37,8
https://openalex.org/A5045443660,37,8
https://openalex.org/A5051312994,37,8
https://openalex.org/A5057018872,37,8
https://openalex.org/A5057461300,37,8
https://openalex.org/A5058619449,37,8
https://openalex.org/A5058987053,37,8
https://openalex.org/A5060309283,37,8
https://openalex.org/A5061526789,37,8
https://openalex.org/A5064406067,37,8
https://openalex.org/A5066954006,37,8
https://openalex.org/A5069329570,37,8
https://openalex.org/A5071531836,37,8
https://openalex.org/A5076297377,37,8
https://openalex.org/A5083067033,37,8
https://openalex.org/A5084956002,37,8
https://openalex.org/A5086952550,37,8
https://openalex.org/A5087376951,37,8
https://openalex.org/A5090596158,37,8
https://openalex.org/A5091004438,37,8
https://openalex.org/A5091139339,37,8
https://openalex.org/A5100347267,37,8
https://openalex.org/A5100735336,37,8
https://openalex.org/A5108415496,37,8
https://openalex.org/A5110478790,37,8
https://openalex.org/A5110831377,37,8
https://openalex.org/A5000182407,37,7
https://openalex.org/A5001081186,37,7
https://openalex.org/A5002814099,37,7
https://openalex.org/A5004216870,37,7
https://openalex.org/A5007359139,37,7
https://openalex.org/A5012175728,37,7
https://openalex.org/A5012666568,37,7
https://openalex.org/A5033164731,37,7
https://openalex.org/A5034488555,37,7
https://openalex.org/A5035889998,37,7
https://openalex.org/A5037593758,37,7
https://openalex.org/A5042216129,37,7
https://openalex.org/A5043574694,37,7
https://openalex.org/A5046629426,37,7
https://openalex.org/A5055049223,37,7
https://openalex.org/A5057371553,37,7
https://openalex.org/A5058630971,37,7
https://openalex.org/A5059363099,37,7
https://openalex.org/A5060802823,37,7
https://openalex.org/A5069137063,37,7
https://openalex.org/A5071042819,37,7
https://openalex.org/A5076841069,37,7
https://openalex.org/A5091031123,37,7
https://openalex.org/A5103439820,37,7
https://openalex.org/A5000878333,37,6
https://openalex.org/A5002112829,37,6
https://openalex.org/A5002919205,37,6
https://openalex.org/A5004988805,37,6
https://openalex.org/A5006771560,37,6
https://openalex.org/A5010901808,37,6
https://openalex.org/A5012457688,37,6
https://openalex.org/A5014621519,37,6
https://openalex.org/A5014675266,37,6
https://openalex.org/A5018913336,37,6
https://openalex.org/A5018985763,37,6
https://openalex.org/A5025990611,37,6
https://openalex.org/A5027051353,37,6
https://openalex.org/A5030301840,37,6
https://openalex.org/A5034580716,37,6
https://openalex.org/A5034781499,37,6
https://openalex.org/A5035222001,37,6
https://openalex.org/A5035830888,37,6
https://openalex.org/A5040402876,37,6
https://openalex.org/A5040945313,37,6
https://openalex.org/A5041375538,37,6
https://openalex.org/A5043151615,37,6
https://openalex.org/A5050973509,37,6
https://openalex.org/A5051033173,37,6
https://openalex.org/A5051469578,37,6
https://openalex.org/A5060005513,37,6
https://openalex.org/A5061239538,37,6
https://openalex.org/A5061708280,37,6
https://openalex.org/A5064314580,37,6
https://openalex.org/A5076142063,37,6
https://openalex.org/A5076760605,37,6
https://openalex.org/A5079212572,37,6
https://openalex.org/A5081703857,37,6
https://openalex.org/A5087157014,37,6
https://openalex.org/A5103723553,37,6
https://openalex.org/A5109266527,37,6
https://openalex.org/A5008093175,37,5
https://openalex.org/A5012913099,37,5
https://openalex.org/A5012952275,37,5
https://openalex.org/A5013829435,37,5
https://openalex.org/A5016947580,37,5
https://openalex.org/A5028772063,37,5
https://openalex.org/A5030462842,37,5
https://openalex.org/A5037607769,37,5
https://openalex.org/A5041306590,37,5
https://openalex.org/A5048211976,37,5
https://openalex.org/A5050924923,37,5
https://openalex.org/A5051384498,37,5
https://openalex.org/A5058085890,37,5
https://openalex.org/A5059142577,37,5
https://openalex.org/A5059554885,37,5
https://openalex.org/A5071284919,37,5
https://openalex.org/A5072420153,37,5
https://openalex.org/A5079267921,37,5
https://openalex.org/A5084629410,37,5
https://openalex.org/A5087037030,37,5
https://openalex.org/A5100421497,37,5
https://openalex.org/A5101697743,37,5
https://openalex.org/A5005687489,37,4
https://openalex.org/A5007680291,37,4
https://openalex.org/A5008531429,37,4
https://openalex.org/A5012010658,37,4
https://openalex.org/A5019614517,37,4
https://openalex.org/A5019997127,37,4
https://openalex.org/A5026024648,37,4
https://openalex.org/A5029891066,37,4
https://openalex.org/A5031201037,37,4
https://openalex.org/A5033767893,37,4
https://openalex.org/A5033844710,37,4
https://openalex.org/A5040229840,37,4
https://openalex.org/A5042047470,37,4
https://openalex.org/A5045275171,37,4
https://openalex.org/A5048329004,37,4
https://openalex.org/A5050444279,37,4
https://openalex.org/A5053358860,37,4
https://openalex.org/A5054294576,37,4
https://openalex.org/A5062620207,37,4
https://openalex.org/A5063954411,37,4
https://openalex.org/A5064264687,37,4
https://openalex.org/A5068105978,37,4
https://openalex.org/A5069185671,37,4
https://openalex.org/A5069862605,37,4
https://openalex.org/A5070272903,37,4
https://openalex.org/A5070423753,37,4
https://openalex.org/A5070926084,37,4
https://openalex.org/A5072882426,37,4
https://openalex.org/A5075398142,37,4
https://openalex.org/A5077273709,37,4
https://openalex.org/A5080667398,37,4
https://openalex.org/A5082746757,37,4
https://openalex.org/A5089175959,37,4
https://openalex.org/A5099882308,37,4
https://openalex.org/A5099882309,37,4
https://openalex.org/A5101846873,37,4
https://openalex.org/A5102860079,37,4
https://openalex.org/A5109838976,37,4
https://openalex.org/A5004591917,37,3
https://openalex.org/A5007984022,37,3
https://openalex.org/A5013638391,37,3
https://openalex.org/A5033370374,37,3
https://openalex.org/A5034419078,37,3
https://openalex.org/A5042859851,37,3
https://openalex.org/A5045784659,37,3
https://openalex.org/A5048572420,37,3
https://openalex.org/A5053418183,37,3
https://openalex.org/A5055657890,37,3
https://openalex.org/A5056457524,37,3
https://openalex.org/A5060678650,37,3
https://openalex.org/A5061916340,37,3
https://openalex.org/A5074418085,37,3
https://openalex.org/A5078037013,37,3
https://openalex.org/A5086339023,37,3
https://openalex.org/A5088941449,37,3
https://openalex.org/A5090787378,37,3
https://openalex.org/A5108099536,37,3
https://openalex.org/A5111599250,37,3
https://openalex.org/A5111881148,37,3
https://openalex.org/A5004127941,37,2
https://openalex.org/A5024956581,37,2
https://openalex.org/A5043047820,37,2
https://openalex.org/A5043075156,37,2
https://openalex.org/A5065343369,37,2
https://openalex.org/A5070072522,37,2
https://openalex.org/A5075503439,37,2
https://openalex.org/A5081714379,37,2
https://openalex.org/A5084123957,37,2
https://openalex.org/A5102733391,38,136
https://openalex.org/A5072230333,38,81
https://openalex.org/A5012870549,38,52
https://openalex.org/A5033705370,38,26
https://openalex.org/A5059135593,38,19
https://openalex.org/A5014611883,38,15
https://openalex.org/A5055670978,38,15
https://openalex.org/A5017000481,38,14
https://openalex.org/A5037038907,38,13
https://openalex.org/A5087421071,38,13
https://openalex.org/A5015704931,38,11
https://openalex.org/A5017081649,38,11
https://openalex.org/A5082274727,38,11
https://openalex.org/A5004625557,38,10
https://openalex.org/A5010918268,38,10
https://openalex.org/A5019479654,38,10
https://openalex.org/A5021972104,38,10
https://openalex.org/A5070799438,38,10
https://openalex.org/A5075525391,38,10
https://openalex.org/A5014290409,38,9
https://openalex.org/A5031687662,38,9
https://openalex.org/A5051860736,38,9
https://openalex.org/A5055394217,38,9
https://openalex.org/A5061570197,38,9
https://openalex.org/A5081856467,38,9
https://openalex.org/A5083535850,38,9
https://openalex.org/A5012588621,38,8
https://openalex.org/A5014066641,38,8
https://openalex.org/A5026726987,38,8
https://openalex.org/A5031889135,38,8
https://openalex.org/A5032377981,38,8
https://openalex.org/A5055212893,38,8
https://openalex.org/A5055463381,38,8
https://openalex.org/A5064718232,38,8
https://openalex.org/A5069763342,38,8
https://openalex.org/A5070208722,38,8
https://openalex.org/A5074012686,38,8
https://openalex.org/A5082727773,38,8
https://openalex.org/A5084154613,38,8
https://openalex.org/A5087123298,38,8
https://openalex.org/A5102771385,38,8
https://openalex.org/A5000720843,38,7
https://openalex.org/A5003640230,38,7
https://openalex.org/A5015221304,38,7
https://openalex.org/A5018382267,38,7
https://openalex.org/A5022019327,38,7
https://openalex.org/A5023196986,38,7
https://openalex.org/A5027337947,38,7
https://openalex.org/A5030632165,38,7
https://openalex.org/A5031114648,38,7
https://openalex.org/A5031504714,38,7
https://openalex.org/A5032453977,38,7
https://openalex.org/A5045867995,38,7
https://openalex.org/A5048876130,38,7
https://openalex.org/A5050352306,38,7
https://openalex.org/A5054631263,38,7
https://openalex.org/A5059319588,38,7
https://openalex.org/A5065426112,38,7
https://openalex.org/A5070135003,38,7
https://openalex.org/A5075776753,38,7
https://openalex.org/A5076390946,38,7
https://openalex.org/A5079467023,38,7
https://openalex.org/A5082680670,38,7
https://openalex.org/A5085598231,38,7
https://openalex.org/A5087648852,38,7
https://openalex.org/A5088149344,38,7
https://openalex.org/A5089016550,38,7
https://openalex.org/A5091145032,38,7
https://openalex.org/A5091273668,38,7
https://openalex.org/A5101016532,38,7
https://openalex.org/A5101795294,38,7
https://openalex.org/A5101841802,38,7
https://openalex.org/A5108525670,38,7
https://openalex.org/A5111811765,38,7
https://openalex.org/A5112149085,38,7
https://openalex.org/A5112384805,38,7
https://openalex.org/A5001956686,38,6
https://openalex.org/A5003653484,38,6
https://openalex.org/A5005097260,38,6
https://openalex.org/A5005751643,38,6
https://openalex.org/A5007679161,38,6
https://openalex.org/A5011699424,38,6
https://openalex.org/A5012482667,38,6
https://openalex.org/A5023996319,38,6
https://openalex.org/A5039841757,38,6
https://openalex.org/A5045131736,38,6
https://openalex.org/A5055869562,38,6
https://openalex.org/A5060276945,38,6
https://openalex.org/A5075162144,38,6
https://openalex.org/A5078953009,38,6
https://openalex.org/A5084178968,38,6
https://openalex.org/A5085682074,38,6
https://openalex.org/A5087235620,38,6
https://openalex.org/A5100351437,38,6
https://openalex.org/A5101710548,38,6
https://openalex.org/A5103842439,38,6
https://openalex.org/A5104753775,38,6
https://openalex.org/A5107973303,38,6
https://openalex.org/A5108091276,38,6
https://openalex.org/A5108097360,38,6
https://openalex.org/A5111684731,38,6
https://openalex.org/A5114193674,38,6
https://openalex.org/A5002400039,38,5
https://openalex.org/A5002454742,38,5
https://openalex.org/A5002590471,38,5
https://openalex.org/A5023038762,38,5
https://openalex.org/A5023610653,38,5
https://openalex.org/A5024468907,38,5
https://openalex.org/A5025110544,38,5
https://openalex.org/A5028520917,38,5
https://openalex.org/A5036420769,38,5
https://openalex.org/A5039598259,38,5
https://openalex.org/A5054395417,38,5
https://openalex.org/A5059376451,38,5
https://openalex.org/A5059733072,38,5
https://openalex.org/A5065963484,38,5
https://openalex.org/A5070044110,38,5
https://openalex.org/A5082085590,38,5
https://openalex.org/A5100785756,38,5
https://openalex.org/A5102725369,38,5
https://openalex.org/A5108651319,38,5
https://openalex.org/A5112623854,38,5
https://openalex.org/A5004641212,38,4
https://openalex.org/A5007119101,38,4
https://openalex.org/A5007290128,38,4
https://openalex.org/A5029226649,38,4
https://openalex.org/A5030566750,38,4
https://openalex.org/A5032510588,38,4
https://openalex.org/A5033814914,38,4
https://openalex.org/A5034225905,38,4
https://openalex.org/A5039562944,38,4
https://openalex.org/A5040825196,38,4
https://openalex.org/A5042006506,38,4
https://openalex.org/A5045838331,38,4
https://openalex.org/A5049740900,38,4
https://openalex.org/A5052615582,38,4
https://openalex.org/A5056278561,38,4
https://openalex.org/A5061617652,38,4
https://openalex.org/A5061826468,38,4
https://openalex.org/A5067654386,38,4
https://openalex.org/A5070412193,38,4
https://openalex.org/A5073303382,38,4
https://openalex.org/A5074909254,38,4
https://openalex.org/A5086528283,38,4
https://openalex.org/A5086827100,38,4
https://openalex.org/A5100703721,38,4
https://openalex.org/A5103004731,38,4
https://openalex.org/A5109241444,38,4
https://openalex.org/A5109869255,38,4
https://openalex.org/A5000117350,38,3
https://openalex.org/A5004509238,38,3
https://openalex.org/A5005862614,38,3
https://openalex.org/A5009491648,38,3
https://openalex.org/A5010172983,38,3
https://openalex.org/A5013950863,38,3
https://openalex.org/A5016841763,38,3
https://openalex.org/A5017269943,38,3
https://openalex.org/A5018287100,38,3
https://openalex.org/A5018311050,38,3
https://openalex.org/A5020811309,38,3
https://openalex.org/A5024260141,38,3
https://openalex.org/A5029506227,38,3
https://openalex.org/A5031554811,38,3
https://openalex.org/A5034950997,38,3
https://openalex.org/A5036247334,38,3
https://openalex.org/A5045322011,38,3
https://openalex.org/A5048974848,38,3
https://openalex.org/A5049885041,38,3
https://openalex.org/A5056372307,38,3
https://openalex.org/A5056551664,38,3
https://openalex.org/A5058184607,38,3
https://openalex.org/A5059262917,38,3
https://openalex.org/A5065534878,38,3
https://openalex.org/A5067666250,38,3
https://openalex.org/A5069678589,38,3
https://openalex.org/A5071017377,38,3
https://openalex.org/A5073251863,38,3
https://openalex.org/A5075828431,38,3
https://openalex.org/A5077002222,38,3
https://openalex.org/A5086139573,38,3
https://openalex.org/A5088657372,38,3
https://openalex.org/A5090126215,38,3
https://openalex.org/A5107691502,38,3
https://openalex.org/A5108400247,38,3
https://openalex.org/A5111368884,38,3
https://openalex.org/A5112978520,38,3
https://openalex.org/A5004254326,38,2
https://openalex.org/A5006382868,38,2
https://openalex.org/A5009934431,38,2
https://openalex.org/A5014510851,38,2
https://openalex.org/A5016375266,38,2
https://openalex.org/A5017976186,38,2
https://openalex.org/A5019081174,38,2
https://openalex.org/A5025764802,38,2
https://openalex.org/A5026867670,38,2
https://openalex.org/A5030814303,38,2
https://openalex.org/A5032721886,38,2
https://openalex.org/A5034466637,38,2
https://openalex.org/A5039920380,38,2
https://openalex.org/A5040358679,38,2
https://openalex.org/A5045400007,38,2
https://openalex.org/A5046865751,38,2
https://openalex.org/A5052888955,38,2
https://openalex.org/A5055115361,38,2
https://openalex.org/A5059446948,38,2
https://openalex.org/A5072410513,38,2
https://openalex.org/A5073428527,38,2
https://openalex.org/A5076154181,38,2
https://openalex.org/A5077951007,38,2
https://openalex.org/A5078236989,38,2
https://openalex.org/A5080254206,38,2
https://openalex.org/A5080414613,38,2
https://openalex.org/A5081349832,38,2
https://openalex.org/A5086483206,38,2
https://openalex.org/A5091405523,38,2
https://openalex.org/A5104706901,38,2
https://openalex.org/A5017176947,38,1
https://openalex.org/A5065794219,38,1
https://openalex.org/A5073603929,38,1
https://openalex.org/A5079443321,38,1
https://openalex.org/A5105414684,38,1
https://openalex.org/A5041535475,39,117
https://openalex.org/A5033897197,39,46
https://openalex.org/A5051619063,39,41
https://openalex.org/A5033753837,39,36
https://openalex.org/A5111650659,39,31
https://openalex.org/A5023012457,39,28
https://openalex.org/A5031871819,39,23
https://openalex.org/A5002641110,39,18
https://openalex.org/A5016705181,39,18
https://openalex.org/A5024199442,39,15
https://openalex.org/A5030674909,39,15
https://openalex.org/A5029156589,39,14
https://openalex.org/A5102154186,39,14
https://openalex.org/A5005756242,39,13
https://openalex.org/A5030173017,39,13
https://openalex.org/A5109207067,39,13
https://openalex.org/A5012314646,39,12
https://openalex.org/A5077012854,39,12
https://openalex.org/A5047931838,39,11
https://openalex.org/A5062897540,39,11
https://openalex.org/A5083294325,39,11
https://openalex.org/A5088555568,39,11
https://openalex.org/A5028515169,39,10
https://openalex.org/A5038713891,39,10
https://openalex.org/A5068708746,39,10
https://openalex.org/A5103836898,39,10
https://openalex.org/A5044162565,39,9
https://openalex.org/A5063099496,39,9
https://openalex.org/A5070333830,39,9
https://openalex.org/A5080324129,39,9
https://openalex.org/A5090521489,39,9
https://openalex.org/A5111630225,39,9
https://openalex.org/A5003249234,39,8
https://openalex.org/A5003932014,39,8
https://openalex.org/A5004178749,39,8
https://openalex.org/A5005053706,39,8
https://openalex.org/A5006367356,39,8
https://openalex.org/A5011684815,39,8
https://openalex.org/A5013359305,39,8
https://openalex.org/A5015811141,39,8
https://openalex.org/A5016972944,39,8
https://openalex.org/A5021628177,39,8
https://openalex.org/A5034910419,39,8
https://openalex.org/A5035032390,39,8
https://openalex.org/A5042927603,39,8
https://openalex.org/A5043719425,39,8
https://openalex.org/A5051802924,39,8
https://openalex.org/A5052585501,39,8
https://openalex.org/A5052601112,39,8
https://openalex.org/A5056087117,39,8
https://openalex.org/A5057585140,39,8
https://openalex.org/A5061970227,39,8
https://openalex.org/A5062107878,39,8
https://openalex.org/A5063675094,39,8
https://openalex.org/A5065342208,39,8
https://openalex.org/A5068434157,39,8
https://openalex.org/A5076061371,39,8
https://openalex.org/A5076886998,39,8
https://openalex.org/A5078768598,39,8
https://openalex.org/A5078850017,39,8
https://openalex.org/A5080995222,39,8
https://openalex.org/A5082066176,39,8
https://openalex.org/A5084502636,39,8
https://openalex.org/A5087850840,39,8
https://openalex.org/A5088837732,39,8
https://openalex.org/A5091275868,39,8
https://openalex.org/A5100708704,39,8
https://openalex.org/A5102314260,39,8
https://openalex.org/A5106499790,39,8
https://openalex.org/A5107428954,39,8
https://openalex.org/A5108475768,39,8
https://openalex.org/A5109181755,39,8
https://openalex.org/A5109898338,39,8
https://openalex.org/A5110691753,39,8
https://openalex.org/A5110864209,39,8
https://openalex.org/A5111664886,39,8
https://openalex.org/A5113643800,39,8
https://openalex.org/A5114148524,39,8
https://openalex.org/A5005159464,39,7
https://openalex.org/A5007504735,39,7
https://openalex.org/A5018100878,39,7
https://openalex.org/A5020392082,39,7
https://openalex.org/A5022795760,39,7
https://openalex.org/A5025237819,39,7
https://openalex.org/A5030887283,39,7
https://openalex.org/A5040487176,39,7
https://openalex.org/A5041771181,39,7
https://openalex.org/A5044795246,39,7
https://openalex.org/A5054855288,39,7
https://openalex.org/A5056954157,39,7
https://openalex.org/A5056997368,39,7
https://openalex.org/A5058789268,39,7
https://openalex.org/A5061255160,39,7
https://openalex.org/A5062214025,39,7
https://openalex.org/A5074635079,39,7
https://openalex.org/A5074659805,39,7
https://openalex.org/A5074940440,39,7
https://openalex.org/A5082729434,39,7
https://openalex.org/A5083448889,39,7
https://openalex.org/A5084216537,39,7
https://openalex.org/A5085364457,39,7
https://openalex.org/A5086411600,39,7
https://openalex.org/A5091765893,39,7
https://openalex.org/A5102004125,39,7
https://openalex.org/A5103567894,39,7
https://openalex.org/A5108719513,39,7
https://openalex.org/A5112061223,39,7
https://openalex.org/A5001535072,39,6
https://openalex.org/A5012711485,39,6
https://openalex.org/A5017198939,39,6
https://openalex.org/A5017612727,39,6
https://openalex.org/A5018362457,39,6
https://openalex.org/A5018698862,39,6
https://openalex.org/A5024094446,39,6
https://openalex.org/A5027249176,39,6
https://openalex.org/A5028851987,39,6
https://openalex.org/A5038739415,39,6
https://openalex.org/A5041273007,39,6
https://openalex.org/A5043413586,39,6
https://openalex.org/A5045402423,39,6
https://openalex.org/A5052400786,39,6
https://openalex.org/A5059044012,39,6
https://openalex.org/A5061878296,39,6
https://openalex.org/A5070921176,39,6
https://openalex.org/A5083192480,39,6
https://openalex.org/A5083607166,39,6
https://openalex.org/A5085804113,39,6
https://openalex.org/A5086185930,39,6
https://openalex.org/A5101668645,39,6
https://openalex.org/A5103931495,39,6
https://openalex.org/A5112284842,39,6
https://openalex.org/A5112434747,39,6
https://openalex.org/A5012401207,39,5
https://openalex.org/A5013207911,39,5
https://openalex.org/A5016567673,39,5
https://openalex.org/A5032431543,39,5
https://openalex.org/A5035831173,39,5
https://openalex.org/A5040878044,39,5
https://openalex.org/A5041773585,39,5
https://openalex.org/A5044662930,39,5
https://openalex.org/A5052106211,39,5
https://openalex.org/A5053976837,39,5
https://openalex.org/A5055672929,39,5
https://openalex.org/A5066616359,39,5
https://openalex.org/A5069321101,39,5
https://openalex.org/A5091695011,39,5
https://openalex.org/A5100663739,39,5
https://openalex.org/A5113446442,39,5
https://openalex.org/A5113565746,39,5
https://openalex.org/A5021605230,39,4
https://openalex.org/A5024257938,39,4
https://openalex.org/A5030805482,39,4
https://openalex.org/A5031075129,39,4
https://openalex.org/A5032887367,39,4
https://openalex.org/A5044815570,39,4
https://openalex.org/A5046578637,39,4
https://openalex.org/A5046683998,39,4
https://openalex.org/A5051264679,39,4
https://openalex.org/A5053164112,39,4
https://openalex.org/A5055544672,39,4
https://openalex.org/A5056370970,39,4
https://openalex.org/A5061802574,39,4
https://openalex.org/A5067932391,39,4
https://openalex.org/A5068058685,39,4
https://openalex.org/A5081583167,39,4
https://openalex.org/A5083652743,39,4
https://openalex.org/A5085607002,39,4
https://openalex.org/A5085990293,39,4
https://openalex.org/A5086333331,39,4
https://openalex.org/A5088317099,39,4
https://openalex.org/A5088336262,39,4
https://openalex.org/A5090712014,39,4
https://openalex.org/A5101973849,39,4
https://openalex.org/A5103024290,39,4
https://openalex.org/A5108126045,39,4
https://openalex.org/A5110057503,39,4
https://openalex.org/A5110225846,39,4
https://openalex.org/A5111950962,39,4
https://openalex.org/A5113621908,39,4
https://openalex.org/A5114039516,39,4
https://openalex.org/A5002649021,39,3
https://openalex.org/A5005081766,39,3
https://openalex.org/A5021196495,39,3
https://openalex.org/A5025950808,39,3
https://openalex.org/A5026360523,39,3
https://openalex.org/A5030799409,39,3
https://openalex.org/A5037133658,39,3
https://openalex.org/A5041440974,39,3
https://openalex.org/A5051124168,39,3
https://openalex.org/A5052176535,39,3
https://openalex.org/A5055066308,39,3
https://openalex.org/A5058888906,39,3
https://openalex.org/A5075972632,39,3
https://openalex.org/A5076638620,39,3
https://openalex.org/A5088865851,39,3
https://openalex.org/A5092983359,39,3
https://openalex.org/A5102111775,39,3
https://openalex.org/A5109159164,39,3
https://openalex.org/A5111562968,39,3
https://openalex.org/A5006997999,39,2
https://openalex.org/A5019339894,39,2
https://openalex.org/A5024096700,39,2
https://openalex.org/A5050062866,39,2
https://openalex.org/A5051522382,39,2
https://openalex.org/A5065542513,39,2
https://openalex.org/A5069722196,39,2
https://openalex.org/A5074033926,39,2
https://openalex.org/A5100320538,39,2
https://openalex.org/A5101894307,39,2
https://openalex.org/A5110902949,39,2
https://openalex.org/A5112506363,39,2
https://openalex.org/A5002251187,39,1
https://openalex.org/A5008879758,39,1
https://openalex.org/A5047271470,39,1
https://openalex.org/A5053198773,39,1
https://openalex.org/A5065712399,39,1
https://openalex.org/A5082251837,39,1
https://openalex.org/A5083366652,39,1
https://openalex.org/A5109560330,39,1
https://openalex.org/A5112073375,39,1
https://openalex.org/A5025254950,40,72
https://openalex.org/A5023817571,40,39
https://openalex.org/A5051642685,40,29
https://openalex.org/A5100392130,40,28
https://openalex.org/A5072464425,40,24
https://openalex.org/A5018128415,40,18
https://openalex.org/A5048966126,40,18
https://openalex.org/A5026969792,40,15
https://openalex.org/A5066342421,40,14
https://openalex.org/A5035925327,40,13
https://openalex.org/A5040875069,40,13
https://openalex.org/A5049587610,40,13
https://openalex.org/A5035734289,40,12
https://openalex.org/A5006784277,40,11
https://openalex.org/A5043088159,40,10
https://openalex.org/A5016233477,40,9
https://openalex.org/A5039380414,40,9
https://openalex.org/A5043435281,40,9
https://openalex.org/A5083937054,40,9
https://openalex.org/A5087601816,40,9
https://openalex.org/A5006952250,40,8
https://openalex.org/A5007199438,40,8
https://openalex.org/A5007532556,40,8
https://openalex.org/A5008973366,40,8
https://openalex.org/A5023368490,40,8
https://openalex.org/A5040684666,40,8
https://openalex.org/A5044160330,40,8
https://openalex.org/A5052857970,40,8
https://openalex.org/A5053327489,40,8
https://openalex.org/A5053678121,40,8
https://openalex.org/A5054067455,40,8
https://openalex.org/A5061017602,40,8
https://openalex.org/A5061491764,40,8
https://openalex.org/A5065473612,40,8
https://openalex.org/A5075957911,40,8
https://openalex.org/A5088217927,40,8
https://openalex.org/A5100371391,40,8
https://openalex.org/A5100685274,40,8
https://openalex.org/A5100744230,40,8
https://openalex.org/A5100908323,40,8
https://openalex.org/A5101058194,40,8
https://openalex.org/A5101413077,40,8
https://openalex.org/A5102204753,40,8
https://openalex.org/A5000467703,40,7
https://openalex.org/A5000711834,40,7
https://openalex.org/A5012735653,40,7
https://openalex.org/A5016377098,40,7
https://openalex.org/A5018828944,40,7
https://openalex.org/A5030874155,40,7
https://openalex.org/A5037393088,40,7
https://openalex.org/A5040772427,40,7
https://openalex.org/A5052234409,40,7
https://openalex.org/A5073305817,40,7
https://openalex.org/A5073995883,40,7
https://openalex.org/A5079458534,40,7
https://openalex.org/A5086835708,40,7
https://openalex.org/A5102674466,40,7
https://openalex.org/A5103093603,40,7
https://openalex.org/A5103701816,40,7
https://openalex.org/A5111450779,40,7
https://openalex.org/A5013505838,40,6
https://openalex.org/A5013606826,40,6
https://openalex.org/A5022083921,40,6
https://openalex.org/A5025426825,40,6
https://openalex.org/A5027261841,40,6
https://openalex.org/A5030630783,40,6
https://openalex.org/A5039894625,40,6
https://openalex.org/A5044069222,40,6
https://openalex.org/A5058810080,40,6
https://openalex.org/A5061424360,40,6
https://openalex.org/A5067764184,40,6
https://openalex.org/A5075150315,40,6
https://openalex.org/A5085747291,40,6
https://openalex.org/A5090532376,40,6
https://openalex.org/A5093127036,40,6
https://openalex.org/A5093490722,40,6
https://openalex.org/A5110028862,40,6
https://openalex.org/A5110587480,40,6
https://openalex.org/A5001965543,40,5
https://openalex.org/A5003322699,40,5
https://openalex.org/A5005199344,40,5
https://openalex.org/A5014751519,40,5
https://openalex.org/A5022360897,40,5
https://openalex.org/A5026540573,40,5
https://openalex.org/A5034316583,40,5
https://openalex.org/A5034823602,40,5
https://openalex.org/A5034962733,40,5
https://openalex.org/A5039966518,40,5
https://openalex.org/A5052384380,40,5
https://openalex.org/A5055204791,40,5
https://openalex.org/A5056723451,40,5
https://openalex.org/A5056932869,40,5
https://openalex.org/A5057003901,40,5
https://openalex.org/A5057724939,40,5
https://openalex.org/A5063328685,40,5
https://openalex.org/A5063394878,40,5
https://openalex.org/A5081034910,40,5
https://openalex.org/A5083969748,40,5
https://openalex.org/A5084265183,40,5
https://openalex.org/A5086001567,40,5
https://openalex.org/A5102791778,40,5
https://openalex.org/A5109542962,40,5
https://openalex.org/A5111790229,40,5
https://openalex.org/A5112283643,40,5
https://openalex.org/A5113469697,40,5
https://openalex.org/A5000465232,40,4
https://openalex.org/A5005393674,40,4
https://openalex.org/A5007211425,40,4
https://openalex.org/A5013293019,40,4
https://openalex.org/A5023853044,40,4
https://openalex.org/A5034950807,40,4
https://openalex.org/A5035193243,40,4
https://openalex.org/A5037250136,40,4
https://openalex.org/A5037504412,40,4
https://openalex.org/A5039131066,40,4
https://openalex.org/A5040550858,40,4
https://openalex.org/A5044348238,40,4
https://openalex.org/A5045183504,40,4
https://openalex.org/A5051904371,40,4
https://openalex.org/A5052946514,40,4
https://openalex.org/A5053374578,40,4
https://openalex.org/A5055634338,40,4
https://openalex.org/A5061021795,40,4
https://openalex.org/A5068514720,40,4
https://openalex.org/A5072682600,40,4
https://openalex.org/A5076562855,40,4
https://openalex.org/A5077980430,40,4
https://openalex.org/A5083133070,40,4
https://openalex.org/A5084190684,40,4
https://openalex.org/A5089076823,40,4
https://openalex.org/A5089150978,40,4
https://openalex.org/A5100662807,40,4
https://openalex.org/A5100817760,40,4
https://openalex.org/A5000892313,40,3
https://openalex.org/A5002316373,40,3
https://openalex.org/A5003713200,40,3
https://openalex.org/A5004662840,40,3
https://openalex.org/A5006364954,40,3
https://openalex.org/A5010999876,40,3
https://openalex.org/A5012824560,40,3
https://openalex.org/A5016132882,40,3
https://openalex.org/A5017860807,40,3
https://openalex.org/A5033954307,40,3
https://openalex.org/A5035346912,40,3
https://openalex.org/A5052853410,40,3
https://openalex.org/A5053016307,40,3
https://openalex.org/A5058137071,40,3
https://openalex.org/A5072373487,40,3
https://openalex.org/A5074957393,40,3
https://openalex.org/A5076671366,40,3
https://openalex.org/A5079232643,40,3
https://openalex.org/A5079597433,40,3
https://openalex.org/A5079602209,40,3
https://openalex.org/A5080702815,40,3
https://openalex.org/A5082019162,40,3
https://openalex.org/A5083671590,40,3
https://openalex.org/A5087446734,40,3
https://openalex.org/A5087882104,40,3
https://openalex.org/A5089199743,40,3
https://openalex.org/A5091329809,40,3
https://openalex.org/A5100888675,40,3
https://openalex.org/A5102000760,40,3
https://openalex.org/A5110694419,40,3
https://openalex.org/A5001070116,40,2
https://openalex.org/A5002932153,40,2
https://openalex.org/A5006363280,40,2
https://openalex.org/A5010144784,40,2
https://openalex.org/A5014389194,40,2
https://openalex.org/A5014797024,40,2
https://openalex.org/A5018328314,40,2
https://openalex.org/A5022688200,40,2
https://openalex.org/A5025502160,40,2
https://openalex.org/A5025825220,40,2
https://openalex.org/A5026367805,40,2
https://openalex.org/A5026648049,40,2
https://openalex.org/A5028605091,40,2
https://openalex.org/A5029193548,40,2
https://openalex.org/A5030420299,40,2
https://openalex.org/A5030691209,40,2
https://openalex.org/A5036522925,40,2
https://openalex.org/A5037459155,40,2
https://openalex.org/A5037524467,40,2
https://openalex.org/A5041343854,40,2
https://openalex.org/A5042341888,40,2
https://openalex.org/A5045800347,40,2
https://openalex.org/A5047084330,40,2
https://openalex.org/A5050023804,40,2
https://openalex.org/A5050071326,40,2
https://openalex.org/A5051666532,40,2
https://openalex.org/A5054146103,40,2
https://openalex.org/A5056508457,40,2
https://openalex.org/A5058961039,40,2
https://openalex.org/A5060875518,40,2
https://openalex.org/A5068787013,40,2
https://openalex.org/A5086814595,40,2
https://openalex.org/A5109456215,40,2
https://openalex.org/A5002854001,40,1
https://openalex.org/A5004958943,40,1
https://openalex.org/A5007050425,40,1
https://openalex.org/A5008334059,40,1
https://openalex.org/A5012542798,40,1
https://openalex.org/A5015709853,40,1
https://openalex.org/A5029761021,40,1
https://openalex.org/A5038718102,40,1
https://openalex.org/A5045896250,40,1
https://openalex.org/A5052241996,40,1
https://openalex.org/A5053902308,40,1
https://openalex.org/A5054402973,40,1
https://openalex.org/A5056831863,40,1
https://openalex.org/A5059876377,40,1
https://openalex.org/A5080753846,40,1
https://openalex.org/A5081271375,40,1
https://openalex.org/A5084054238,40,1
https://openalex.org/A5089259561,40,1
https://openalex.org/A5090078698,40,1
https://openalex.org/A5091437919,40,1
https://openalex.org/A5102726334,40,1
https://openalex.org/A5111455921,40,1
https://openalex.org/A5113671492,40,1
https://openalex.org/A5065382850,41,72
https://openalex.org/A5003870894,41,67
https://openalex.org/A5079881269,41,31
https://openalex.org/A5090745602,41,27
https://openalex.org/A5064802580,41,23
https://openalex.org/A5012055259,41,15
https://openalex.org/A5087884109,41,14
https://openalex.org/A5066731285,41,13
https://openalex.org/A5028227011,41,11
https://openalex.org/A5064159344,41,11
https://openalex.org/A5024339113,41,10
https://openalex.org/A5072311723,41,10
https://openalex.org/A5007532004,41,9
https://openalex.org/A5023397694,41,9
https://openalex.org/A5056432033,41,9
https://openalex.org/A5081069450,41,9
https://openalex.org/A5101531241,41,9
https://openalex.org/A5111930106,41,9
https://openalex.org/A5023313352,41,8
https://openalex.org/A5053686717,41,8
https://openalex.org/A5054751614,41,8
https://openalex.org/A5056849976,41,8
https://openalex.org/A5058589853,41,8
https://openalex.org/A5061131179,41,8
https://openalex.org/A5063113082,41,8
https://openalex.org/A5067235438,41,8
https://openalex.org/A5070093758,41,8
https://openalex.org/A5086777696,41,8
https://openalex.org/A5090650053,41,8
https://openalex.org/A5090743286,41,8
https://openalex.org/A5091645410,41,8
https://openalex.org/A5110283311,41,8
https://openalex.org/A5001035355,41,7
https://openalex.org/A5002059493,41,7
https://openalex.org/A5003381823,41,7
https://openalex.org/A5004482318,41,7
https://openalex.org/A5009349225,41,7
https://openalex.org/A5009922010,41,7
https://openalex.org/A5010634348,41,7
https://openalex.org/A5015006267,41,7
https://openalex.org/A5019691131,41,7
https://openalex.org/A5019999408,41,7
https://openalex.org/A5023581436,41,7
https://openalex.org/A5030454654,41,7
https://openalex.org/A5033006575,41,7
https://openalex.org/A5034987281,41,7
https://openalex.org/A5039227937,41,7
https://openalex.org/A5049113486,41,7
https://openalex.org/A5049528659,41,7
https://openalex.org/A5051216424,41,7
https://openalex.org/A5053283362,41,7
https://openalex.org/A5054538748,41,7
https://openalex.org/A5063605821,41,7
https://openalex.org/A5074087818,41,7
https://openalex.org/A5080632367,41,7
https://openalex.org/A5082055667,41,7
https://openalex.org/A5085579809,41,7
https://openalex.org/A5087792664,41,7
https://openalex.org/A5103170809,41,7
https://openalex.org/A5014175682,41,6
https://openalex.org/A5014833581,41,6
https://openalex.org/A5019004824,41,6
https://openalex.org/A5025975282,41,6
https://openalex.org/A5030510688,41,6
https://openalex.org/A5036325310,41,6
https://openalex.org/A5038612405,41,6
https://openalex.org/A5039011774,41,6
https://openalex.org/A5040214178,41,6
https://openalex.org/A5055236937,41,6
https://openalex.org/A5061249142,41,6
https://openalex.org/A5063444213,41,6
https://openalex.org/A5068300084,41,6
https://openalex.org/A5074565657,41,6
https://openalex.org/A5082161404,41,6
https://openalex.org/A5085896707,41,6
https://openalex.org/A5101787387,41,6
https://openalex.org/A5111650736,41,6
https://openalex.org/A5018976680,41,5
https://openalex.org/A5019911620,41,5
https://openalex.org/A5023977688,41,5
https://openalex.org/A5035090314,41,5
https://openalex.org/A5040513195,41,5
https://openalex.org/A5044337399,41,5
https://openalex.org/A5049993398,41,5
https://openalex.org/A5058359883,41,5
https://openalex.org/A5059894525,41,5
https://openalex.org/A5063004648,41,5
https://openalex.org/A5070409298,41,5
https://openalex.org/A5078178804,41,5
https://openalex.org/A5083088975,41,5
https://openalex.org/A5108232962,41,5
https://openalex.org/A5110302894,41,5
https://openalex.org/A5112073332,41,5
https://openalex.org/A5112396997,41,5
https://openalex.org/A5012780017,41,4
https://openalex.org/A5013456726,41,4
https://openalex.org/A5014291440,41,4
https://openalex.org/A5014312130,41,4
https://openalex.org/A5014375244,41,4
https://openalex.org/A5019863253,41,4
https://openalex.org/A5020430794,41,4
https://openalex.org/A5020791896,41,4
https://openalex.org/A5021584346,41,4
https://openalex.org/A5024644016,41,4
https://openalex.org/A5026637089,41,4
https://openalex.org/A5027915931,41,4
https://openalex.org/A5030815435,41,4
https://openalex.org/A5042580443,41,4
https://openalex.org/A5043134485,41,4
https://openalex.org/A5044199881,41,4
https://openalex.org/A5048970018,41,4
https://openalex.org/A5050795259,41,4
https://openalex.org/A5053327738,41,4
https://openalex.org/A5053512051,41,4
https://openalex.org/A5056723780,41,4
https://openalex.org/A5057172218,41,4
https://openalex.org/A5057586513,41,4
https://openalex.org/A5065885281,41,4
https://openalex.org/A5069585870,41,4
https://openalex.org/A5073257797,41,4
https://openalex.org/A5077063699,41,4
https://openalex.org/A5077641198,41,4
https://openalex.org/A5077868069,41,4
https://openalex.org/A5080891639,41,4
https://openalex.org/A5094028017,41,4
https://openalex.org/A5094028018,41,4
https://openalex.org/A5098643585,41,4
https://openalex.org/A5100431150,41,4
https://openalex.org/A5102883534,41,4
https://openalex.org/A5103372090,41,4
https://openalex.org/A5107417104,41,4
https://openalex.org/A5111977055,41,4
https://openalex.org/A5001284423,41,3
https://openalex.org/A5006501986,41,3
https://openalex.org/A5008737006,41,3
https://openalex.org/A5011635545,41,3
https://openalex.org/A5011734740,41,3
https://openalex.org/A5013710138,41,3
https://openalex.org/A5014788276,41,3
https://openalex.org/A5015543135,41,3
https://openalex.org/A5020763487,41,3
https://openalex.org/A5021193664,41,3
https://openalex.org/A5025695582,41,3
https://openalex.org/A5026675870,41,3
https://openalex.org/A5029449255,41,3
https://openalex.org/A5033545477,41,3
https://openalex.org/A5034758801,41,3
https://openalex.org/A5035616597,41,3
https://openalex.org/A5041651499,41,3
https://openalex.org/A5042622932,41,3
https://openalex.org/A5045789496,41,3
https://openalex.org/A5050728454,41,3
https://openalex.org/A5053410107,41,3
https://openalex.org/A5053488778,41,3
https://openalex.org/A5059225410,41,3
https://openalex.org/A5062879885,41,3
https://openalex.org/A5064119651,41,3
https://openalex.org/A5065922882,41,3
https://openalex.org/A5066077296,41,3
https://openalex.org/A5067301751,41,3
https://openalex.org/A5067851924,41,3
https://openalex.org/A5069658104,41,3
https://openalex.org/A5069931383,41,3
https://openalex.org/A5071643881,41,3
https://openalex.org/A5071911474,41,3
https://openalex.org/A5073376939,41,3
https://openalex.org/A5073392867,41,3
https://openalex.org/A5075489729,41,3
https://openalex.org/A5080483177,41,3
https://openalex.org/A5082259434,41,3
https://openalex.org/A5083209536,41,3
https://openalex.org/A5086092202,41,3
https://openalex.org/A5108114128,41,3
https://openalex.org/A5109865927,41,3
https://openalex.org/A5110302916,41,3
https://openalex.org/A5001467069,41,2
https://openalex.org/A5009143737,41,2
https://openalex.org/A5009943536,41,2
https://openalex.org/A5010144873,41,2
https://openalex.org/A5018311248,41,2
https://openalex.org/A5019022830,41,2
https://openalex.org/A5024774718,41,2
https://openalex.org/A5026766545,41,2
https://openalex.org/A5029120616,41,2
https://openalex.org/A5031528069,41,2
https://openalex.org/A5032085561,41,2
https://openalex.org/A5041165947,41,2
https://openalex.org/A5045392938,41,2
https://openalex.org/A5052774003,41,2
https://openalex.org/A5057144056,41,2
https://openalex.org/A5057805026,41,2
https://openalex.org/A5072598654,41,2
https://openalex.org/A5073849638,41,2
https://openalex.org/A5073919282,41,2
https://openalex.org/A5081124051,41,2
https://openalex.org/A5081310398,41,2
https://openalex.org/A5081506012,41,2
https://openalex.org/A5083340449,41,2
https://openalex.org/A5096813566,41,2
https://openalex.org/A5105010468,41,2
https://openalex.org/A5105684766,41,2
https://openalex.org/A5001712211,41,1
https://openalex.org/A5002510719,41,1
https://openalex.org/A5011347438,41,1
https://openalex.org/A5016163516,41,1
https://openalex.org/A5019836011,41,1
https://openalex.org/A5032801642,41,1
https://openalex.org/A5039513155,41,1
https://openalex.org/A5064930487,41,1
https://openalex.org/A5070033839,41,1
https://openalex.org/A5081266822,41,1
https://openalex.org/A5084687984,41,1
https://openalex.org/A5085191053,41,1
https://openalex.org/A5086876483,41,1
https://openalex.org/A5088047776,41,1
https://openalex.org/A5103531667,41,1
https://openalex.org/A5111445254,41,1
https://openalex.org/A5088930027,42,184
https://openalex.org/A5057914739,42,27
https://openalex.org/A5034911136,42,24
https://openalex.org/A5039259985,42,22
https://openalex.org/A5086877004,42,21
https://openalex.org/A5090795384,42,19
https://openalex.org/A5071206986,42,18
https://openalex.org/A5064802836,42,17
https://openalex.org/A5038962871,42,16
https://openalex.org/A5085148595,42,16
https://openalex.org/A5031445860,42,13
https://openalex.org/A5087495070,42,13
https://openalex.org/A5011419794,42,12
https://openalex.org/A5076436642,42,12
https://openalex.org/A5007730657,42,11
https://openalex.org/A5012623658,42,11
https://openalex.org/A5044302357,42,11
https://openalex.org/A5000134510,42,10
https://openalex.org/A5047814756,42,10
https://openalex.org/A5048960645,42,10
https://openalex.org/A5074619049,42,10
https://openalex.org/A5082122831,42,10
https://openalex.org/A5004026356,42,9
https://openalex.org/A5111938109,42,9
https://openalex.org/A5011225101,42,8
https://openalex.org/A5013508440,42,8
https://openalex.org/A5015667412,42,8
https://openalex.org/A5017210277,42,8
https://openalex.org/A5022792601,42,8
https://openalex.org/A5027542449,42,8
https://openalex.org/A5031103837,42,8
https://openalex.org/A5031703413,42,8
https://openalex.org/A5033585619,42,8
https://openalex.org/A5043408740,42,8
https://openalex.org/A5052547719,42,8
https://openalex.org/A5063092455,42,8
https://openalex.org/A5070691276,42,8
https://openalex.org/A5071441571,42,8
https://openalex.org/A5072546336,42,8
https://openalex.org/A5075510080,42,8
https://openalex.org/A5079214184,42,8
https://openalex.org/A5081063658,42,8
https://openalex.org/A5082793632,42,8
https://openalex.org/A5083975390,42,8
https://openalex.org/A5085026650,42,8
https://openalex.org/A5089237537,42,8
https://openalex.org/A5091118040,42,8
https://openalex.org/A5102847241,42,8
https://openalex.org/A5102988689,42,8
https://openalex.org/A5109188533,42,8
https://openalex.org/A5111849724,42,8
https://openalex.org/A5112192886,42,8
https://openalex.org/A5002023874,42,7
https://openalex.org/A5005988625,42,7
https://openalex.org/A5008996154,42,7
https://openalex.org/A5023824387,42,7
https://openalex.org/A5031559446,42,7
https://openalex.org/A5032506037,42,7
https://openalex.org/A5038329926,42,7
https://openalex.org/A5038784258,42,7
https://openalex.org/A5047363443,42,7
https://openalex.org/A5051090045,42,7
https://openalex.org/A5051111481,42,7
https://openalex.org/A5060688886,42,7
https://openalex.org/A5065584931,42,7
https://openalex.org/A5070340901,42,7
https://openalex.org/A5071217796,42,7
https://openalex.org/A5079464717,42,7
https://openalex.org/A5080358879,42,7
https://openalex.org/A5086406596,42,7
https://openalex.org/A5093928975,42,7
https://openalex.org/A5093928976,42,7
https://openalex.org/A5093928977,42,7
https://openalex.org/A5101808865,42,7
https://openalex.org/A5102809177,42,7
https://openalex.org/A5103389209,42,7
https://openalex.org/A5106035415,42,7
https://openalex.org/A5108526333,42,7
https://openalex.org/A5002063692,42,6
https://openalex.org/A5004565660,42,6
https://openalex.org/A5006122725,42,6
https://openalex.org/A5006935349,42,6
https://openalex.org/A5011807723,42,6
https://openalex.org/A5022811444,42,6
https://openalex.org/A5023153933,42,6
https://openalex.org/A5026326083,42,6
https://openalex.org/A5031880996,42,6
https://openalex.org/A5040796127,42,6
https://openalex.org/A5046008205,42,6
https://openalex.org/A5047794556,42,6
https://openalex.org/A5047795251,42,6
https://openalex.org/A5049106586,42,6
https://openalex.org/A5055039618,42,6
https://openalex.org/A5055409615,42,6
https://openalex.org/A5064487722,42,6
https://openalex.org/A5066251369,42,6
https://openalex.org/A5069857470,42,6
https://openalex.org/A5070059870,42,6
https://openalex.org/A5070720577,42,6
https://openalex.org/A5081461107,42,6
https://openalex.org/A5082263234,42,6
https://openalex.org/A5087460590,42,6
https://openalex.org/A5089633853,42,6
https://openalex.org/A5102306127,42,6
https://openalex.org/A5102915851,42,6
https://openalex.org/A5106049914,42,6
https://openalex.org/A5109411812,42,6
https://openalex.org/A5110876838,42,6
https://openalex.org/A5111839333,42,6
https://openalex.org/A5024910160,42,5
https://openalex.org/A5025664845,42,5
https://openalex.org/A5031616563,42,5
https://openalex.org/A5035215275,42,5
https://openalex.org/A5036483181,42,5
https://openalex.org/A5037874872,42,5
https://openalex.org/A5038533096,42,5
https://openalex.org/A5039625819,42,5
https://openalex.org/A5043103874,42,5
https://openalex.org/A5044572451,42,5
https://openalex.org/A5045971594,42,5
https://openalex.org/A5054673982,42,5
https://openalex.org/A5057080308,42,5
https://openalex.org/A5064679261,42,5
https://openalex.org/A5068572692,42,5
https://openalex.org/A5072362696,42,5
https://openalex.org/A5073500798,42,5
https://openalex.org/A5075582179,42,5
https://openalex.org/A5076087196,42,5
https://openalex.org/A5080359087,42,5
https://openalex.org/A5081521377,42,5
https://openalex.org/A5084732791,42,5
https://openalex.org/A5086573584,42,5
https://openalex.org/A5090272941,42,5
https://openalex.org/A5098395503,42,5
https://openalex.org/A5098483249,42,5
https://openalex.org/A5101786843,42,5
https://openalex.org/A5105674932,42,5
https://openalex.org/A5109392060,42,5
https://openalex.org/A5111918424,42,5
https://openalex.org/A5000791692,42,4
https://openalex.org/A5005522202,42,4
https://openalex.org/A5007639214,42,4
https://openalex.org/A5011822757,42,4
https://openalex.org/A5015059744,42,4
https://openalex.org/A5015199206,42,4
https://openalex.org/A5023922323,42,4
https://openalex.org/A5030773800,42,4
https://openalex.org/A5037643151,42,4
https://openalex.org/A5038127350,42,4
https://openalex.org/A5040160540,42,4
https://openalex.org/A5040462138,42,4
https://openalex.org/A5046598885,42,4
https://openalex.org/A5048469910,42,4
https://openalex.org/A5050509889,42,4
https://openalex.org/A5057848712,42,4
https://openalex.org/A5074521357,42,4
https://openalex.org/A5075135145,42,4
https://openalex.org/A5075649480,42,4
https://openalex.org/A5079330958,42,4
https://openalex.org/A5081899692,42,4
https://openalex.org/A5082758249,42,4
https://openalex.org/A5093326197,42,4
https://openalex.org/A5101881571,42,4
https://openalex.org/A5103351472,42,4
https://openalex.org/A5103589012,42,4
https://openalex.org/A5103839159,42,4
https://openalex.org/A5110272110,42,4
https://openalex.org/A5111822130,42,4
https://openalex.org/A5111853982,42,4
https://openalex.org/A5001156294,42,3
https://openalex.org/A5010906660,42,3
https://openalex.org/A5022340297,42,3
https://openalex.org/A5023037484,42,3
https://openalex.org/A5025774754,42,3
https://openalex.org/A5041606201,42,3
https://openalex.org/A5056133380,42,3
https://openalex.org/A5058128340,42,3
https://openalex.org/A5062267968,42,3
https://openalex.org/A5063111165,42,3
https://openalex.org/A5063866492,42,3
https://openalex.org/A5069113858,42,3
https://openalex.org/A5081943189,42,3
https://openalex.org/A5083042977,42,3
https://openalex.org/A5085305467,42,3
https://openalex.org/A5085782112,42,3
https://openalex.org/A5101493034,42,3
https://openalex.org/A5108376882,42,3
https://openalex.org/A5109992192,42,3
https://openalex.org/A5113654588,42,3
https://openalex.org/A5115599690,42,3
https://openalex.org/A5003916057,42,2
https://openalex.org/A5038050463,42,2
https://openalex.org/A5040512075,42,2
https://openalex.org/A5041672023,42,2
https://openalex.org/A5043389395,42,2
https://openalex.org/A5061726857,42,2
https://openalex.org/A5075715699,42,2
https://openalex.org/A5077865994,42,2
https://openalex.org/A5079431741,42,2
https://openalex.org/A5083948422,42,2
https://openalex.org/A5102118894,42,2
https://openalex.org/A5105360256,42,2
https://openalex.org/A5109211432,42,2
https://openalex.org/A5109352949,42,2
https://openalex.org/A5110468506,42,2
https://openalex.org/A5113622036,42,2
https://openalex.org/A5001427472,42,1
https://openalex.org/A5021188772,42,1
https://openalex.org/A5079762626,42,1
https://openalex.org/A5113035753,42,1
https://openalex.org/A5100693197,43,190
https://openalex.org/A5063489530,43,40
https://openalex.org/A5001469325,43,24
https://openalex.org/A5065871371,43,23
https://openalex.org/A5041668587,43,20
https://openalex.org/A5100323842,43,18
https://openalex.org/A5048286444,43,17
https://openalex.org/A5077465517,43,17
https://openalex.org/A5023883607,43,16
https://openalex.org/A5043464306,43,16
https://openalex.org/A5051876680,43,16
https://openalex.org/A5100405572,43,16
https://openalex.org/A5078220957,43,15
https://openalex.org/A5079727396,43,15
https://openalex.org/A5029356396,43,14
https://openalex.org/A5058611515,43,14
https://openalex.org/A5100323752,43,14
https://openalex.org/A5100383731,43,14
https://openalex.org/A5007510770,43,13
https://openalex.org/A5037920323,43,13
https://openalex.org/A5100363470,43,13
https://openalex.org/A5008417257,43,12
https://openalex.org/A5100397616,43,12
https://openalex.org/A5101774642,43,12
https://openalex.org/A5013497247,43,11
https://openalex.org/A5038493361,43,11
https://openalex.org/A5064314482,43,11
https://openalex.org/A5085364987,43,11
https://openalex.org/A5100362717,43,11
https://openalex.org/A5100732173,43,11
https://openalex.org/A5003181030,43,10
https://openalex.org/A5019584925,43,10
https://openalex.org/A5065831190,43,10
https://openalex.org/A5101553135,43,10
https://openalex.org/A5101580523,43,10
https://openalex.org/A5022262922,43,9
https://openalex.org/A5034022345,43,9
https://openalex.org/A5040769857,43,9
https://openalex.org/A5044771462,43,9
https://openalex.org/A5053349677,43,9
https://openalex.org/A5054023418,43,9
https://openalex.org/A5074290686,43,9
https://openalex.org/A5100399797,43,9
https://openalex.org/A5002276656,43,8
https://openalex.org/A5002324213,43,8
https://openalex.org/A5005823613,43,8
https://openalex.org/A5021740993,43,8
https://openalex.org/A5023916531,43,8
https://openalex.org/A5026598555,43,8
https://openalex.org/A5027119797,43,8
https://openalex.org/A5032277491,43,8
https://openalex.org/A5033073212,43,8
https://openalex.org/A5033526822,43,8
https://openalex.org/A5039670436,43,8
https://openalex.org/A5042460024,43,8
https://openalex.org/A5044586758,43,8
https://openalex.org/A5051731173,43,8
https://openalex.org/A5054310469,43,8
https://openalex.org/A5068489266,43,8
https://openalex.org/A5078824132,43,8
https://openalex.org/A5100394917,43,8
https://openalex.org/A5100428026,43,8
https://openalex.org/A5100428456,43,8
https://openalex.org/A5100666106,43,8
https://openalex.org/A5100738534,43,8
https://openalex.org/A5101828542,43,8
https://openalex.org/A5101915882,43,8
https://openalex.org/A5103278144,43,8
https://openalex.org/A5007172231,43,7
https://openalex.org/A5016846337,43,7
https://openalex.org/A5020022791,43,7
https://openalex.org/A5021973291,43,7
https://openalex.org/A5029390370,43,7
https://openalex.org/A5035919267,43,7
https://openalex.org/A5047387755,43,7
https://openalex.org/A5051406984,43,7
https://openalex.org/A5052258637,43,7
https://openalex.org/A5075082474,43,7
https://openalex.org/A5080660416,43,7
https://openalex.org/A5100403099,43,7
https://openalex.org/A5100664164,43,7
https://openalex.org/A5100761650,43,7
https://openalex.org/A5101580521,43,7
https://openalex.org/A5101984907,43,7
https://openalex.org/A5102012574,43,7
https://openalex.org/A5108385543,43,7
https://openalex.org/A5007440245,43,6
https://openalex.org/A5012129385,43,6
https://openalex.org/A5013941056,43,6
https://openalex.org/A5015378805,43,6
https://openalex.org/A5015819673,43,6
https://openalex.org/A5017300140,43,6
https://openalex.org/A5030520880,43,6
https://openalex.org/A5031142710,43,6
https://openalex.org/A5042666332,43,6
https://openalex.org/A5043968795,43,6
https://openalex.org/A5048871266,43,6
https://openalex.org/A5057227915,43,6
https://openalex.org/A5057421680,43,6
https://openalex.org/A5058697648,43,6
https://openalex.org/A5058947024,43,6
https://openalex.org/A5063667378,43,6
https://openalex.org/A5067099035,43,6
https://openalex.org/A5068440018,43,6
https://openalex.org/A5083836852,43,6
https://openalex.org/A5087798118,43,6
https://openalex.org/A5100318416,43,6
https://openalex.org/A5100382143,43,6
https://openalex.org/A5100432137,43,6
https://openalex.org/A5100447783,43,6
https://openalex.org/A5100649873,43,6
https://openalex.org/A5100654860,43,6
https://openalex.org/A5100659870,43,6
https://openalex.org/A5100665814,43,6
https://openalex.org/A5100678447,43,6
https://openalex.org/A5100740143,43,6
https://openalex.org/A5101454723,43,6
https://openalex.org/A5101580560,43,6
https://openalex.org/A5101760420,43,6
https://openalex.org/A5101830672,43,6
https://openalex.org/A5101987503,43,6
https://openalex.org/A5103024119,43,6
https://openalex.org/A5000582109,43,5
https://openalex.org/A5001159156,43,5
https://openalex.org/A5002547378,43,5
https://openalex.org/A5005327587,43,5
https://openalex.org/A5006467851,43,5
https://openalex.org/A5007061198,43,5
https://openalex.org/A5009617425,43,5
https://openalex.org/A5013553880,43,5
https://openalex.org/A5017626590,43,5
https://openalex.org/A5017886286,43,5
https://openalex.org/A5019562814,43,5
https://openalex.org/A5020810000,43,5
https://openalex.org/A5021872761,43,5
https://openalex.org/A5022165659,43,5
https://openalex.org/A5032872544,43,5
https://openalex.org/A5037754296,43,5
https://openalex.org/A5042149640,43,5
https://openalex.org/A5044264564,43,5
https://openalex.org/A5047931252,43,5
https://openalex.org/A5049449495,43,5
https://openalex.org/A5051314179,43,5
https://openalex.org/A5051317379,43,5
https://openalex.org/A5055813479,43,5
https://openalex.org/A5058073627,43,5
https://openalex.org/A5066482792,43,5
https://openalex.org/A5069331320,43,5
https://openalex.org/A5069776086,43,5
https://openalex.org/A5075352865,43,5
https://openalex.org/A5086080556,43,5
https://openalex.org/A5087043869,43,5
https://openalex.org/A5088356478,43,5
https://openalex.org/A5091266202,43,5
https://openalex.org/A5100338164,43,5
https://openalex.org/A5100373560,43,5
https://openalex.org/A5100375792,43,5
https://openalex.org/A5100391181,43,5
https://openalex.org/A5100397724,43,5
https://openalex.org/A5100445368,43,5
https://openalex.org/A5100622632,43,5
https://openalex.org/A5100634361,43,5
https://openalex.org/A5100725847,43,5
https://openalex.org/A5100739349,43,5
https://openalex.org/A5101087030,43,5
https://openalex.org/A5101625799,43,5
https://openalex.org/A5101688277,43,5
https://openalex.org/A5103643374,43,5
https://openalex.org/A5112248869,43,5
https://openalex.org/A5000212688,43,4
https://openalex.org/A5002482259,43,4
https://openalex.org/A5003342694,43,4
https://openalex.org/A5019726320,43,4
https://openalex.org/A5024444797,43,4
https://openalex.org/A5027198310,43,4
https://openalex.org/A5031485610,43,4
https://openalex.org/A5032020253,43,4
https://openalex.org/A5037428599,43,4
https://openalex.org/A5045722913,43,4
https://openalex.org/A5072491273,43,4
https://openalex.org/A5072801590,43,4
https://openalex.org/A5086516289,43,4
https://openalex.org/A5091951921,43,4
https://openalex.org/A5100344294,43,4
https://openalex.org/A5100344582,43,4
https://openalex.org/A5100349220,43,4
https://openalex.org/A5100443788,43,4
https://openalex.org/A5100645710,43,4
https://openalex.org/A5100668966,43,4
https://openalex.org/A5100740023,43,4
https://openalex.org/A5101409897,43,4
https://openalex.org/A5101593516,43,4
https://openalex.org/A5101604461,43,4
https://openalex.org/A5101777591,43,4
https://openalex.org/A5101951051,43,4
https://openalex.org/A5102298615,43,4
https://openalex.org/A5000834239,43,3
https://openalex.org/A5016749653,43,3
https://openalex.org/A5049275945,43,3
https://openalex.org/A5056643192,43,3
https://openalex.org/A5059522548,43,3
https://openalex.org/A5062863002,43,3
https://openalex.org/A5081481130,43,3
https://openalex.org/A5100334974,43,3
https://openalex.org/A5100431757,43,3
https://openalex.org/A5101957538,43,3
https://openalex.org/A5017088983,43,2
https://openalex.org/A5082659050,43,2
https://openalex.org/A5089289469,43,2
https://openalex.org/A5109079305,43,2
https://openalex.org/A5100731451,44,161
https://openalex.org/A5064296464,44,49
https://openalex.org/A5047006341,44,34
https://openalex.org/A5034648482,44,30
https://openalex.org/A5068666288,44,22
https://openalex.org/A5089693556,44,20
https://openalex.org/A5051503810,44,18
https://openalex.org/A5065300372,44,16
https://openalex.org/A5113540778,44,16
https://openalex.org/A5036429972,44,14
https://openalex.org/A5075086949,44,14
https://openalex.org/A5103271826,44,14
https://openalex.org/A5007726637,44,13
https://openalex.org/A5018382426,44,13
https://openalex.org/A5051275017,44,13
https://openalex.org/A5028518092,44,12
https://openalex.org/A5000603579,44,11
https://openalex.org/A5035103871,44,11
https://openalex.org/A5084057123,44,11
https://openalex.org/A5100731274,44,11
https://openalex.org/A5112104188,44,11
https://openalex.org/A5018259479,44,10
https://openalex.org/A5048156711,44,10
https://openalex.org/A5058093270,44,10
https://openalex.org/A5058111133,44,9
https://openalex.org/A5075181923,44,9
https://openalex.org/A5010680605,44,8
https://openalex.org/A5018206729,44,8
https://openalex.org/A5029250577,44,8
https://openalex.org/A5029976825,44,8
https://openalex.org/A5048047000,44,8
https://openalex.org/A5059759936,44,8
https://openalex.org/A5065716049,44,8
https://openalex.org/A5070462421,44,8
https://openalex.org/A5075053412,44,8
https://openalex.org/A5075419891,44,8
https://openalex.org/A5089248057,44,8
https://openalex.org/A5090535979,44,8
https://openalex.org/A5100317511,44,8
https://openalex.org/A5100414164,44,8
https://openalex.org/A5100639046,44,8
https://openalex.org/A5101406221,44,8
https://openalex.org/A5102786688,44,8
https://openalex.org/A5109117367,44,8
https://openalex.org/A5110016516,44,8
https://openalex.org/A5110090487,44,8
https://openalex.org/A5111741864,44,8
https://openalex.org/A5112270565,44,8
https://openalex.org/A5112851699,44,8
https://openalex.org/A5000153374,44,7
https://openalex.org/A5003711740,44,7
https://openalex.org/A5007769458,44,7
https://openalex.org/A5008136730,44,7
https://openalex.org/A5008601847,44,7
https://openalex.org/A5010064141,44,7
https://openalex.org/A5013856572,44,7
https://openalex.org/A5013870060,44,7
https://openalex.org/A5015759610,44,7
https://openalex.org/A5016515242,44,7
https://openalex.org/A5016792888,44,7
https://openalex.org/A5017229258,44,7
https://openalex.org/A5019992763,44,7
https://openalex.org/A5027537535,44,7
https://openalex.org/A5034169722,44,7
https://openalex.org/A5040738610,44,7
https://openalex.org/A5054022822,44,7
https://openalex.org/A5058853115,44,7
https://openalex.org/A5063198364,44,7
https://openalex.org/A5070690823,44,7
https://openalex.org/A5071722975,44,7
https://openalex.org/A5074186964,44,7
https://openalex.org/A5079042847,44,7
https://openalex.org/A5083660840,44,7
https://openalex.org/A5084337375,44,7
https://openalex.org/A5100409543,44,7
https://openalex.org/A5100621377,44,7
https://openalex.org/A5101668988,44,7
https://openalex.org/A5101693675,44,7
https://openalex.org/A5101911974,44,7
https://openalex.org/A5102132401,44,7
https://openalex.org/A5103165901,44,7
https://openalex.org/A5111890624,44,7
https://openalex.org/A5112900684,44,7
https://openalex.org/A5000287220,44,6
https://openalex.org/A5002131710,44,6
https://openalex.org/A5002262278,44,6
https://openalex.org/A5010667697,44,6
https://openalex.org/A5014320712,44,6
https://openalex.org/A5015934162,44,6
https://openalex.org/A5018543683,44,6
https://openalex.org/A5021262499,44,6
https://openalex.org/A5022572521,44,6
https://openalex.org/A5028876433,44,6
https://openalex.org/A5036539429,44,6
https://openalex.org/A5041574571,44,6
https://openalex.org/A5043063444,44,6
https://openalex.org/A5044359882,44,6
https://openalex.org/A5046631575,44,6
https://openalex.org/A5064832796,44,6
https://openalex.org/A5075682634,44,6
https://openalex.org/A5077256263,44,6
https://openalex.org/A5080213185,44,6
https://openalex.org/A5083436660,44,6
https://openalex.org/A5083534271,44,6
https://openalex.org/A5085985368,44,6
https://openalex.org/A5088433309,44,6
https://openalex.org/A5088983700,44,6
https://openalex.org/A5100684991,44,6
https://openalex.org/A5102124099,44,6
https://openalex.org/A5103402076,44,6
https://openalex.org/A5112024325,44,6
https://openalex.org/A5113827074,44,6
https://openalex.org/A5019019685,44,5
https://openalex.org/A5023160740,44,5
https://openalex.org/A5040379801,44,5
https://openalex.org/A5046403932,44,5
https://openalex.org/A5056774633,44,5
https://openalex.org/A5058993588,44,5
https://openalex.org/A5061304329,44,5
https://openalex.org/A5062473952,44,5
https://openalex.org/A5068305914,44,5
https://openalex.org/A5074290491,44,5
https://openalex.org/A5089454854,44,5
https://openalex.org/A5100403621,44,5
https://openalex.org/A5100708329,44,5
https://openalex.org/A5111479232,44,5
https://openalex.org/A5111918393,44,5
https://openalex.org/A5114188759,44,5
https://openalex.org/A5002563873,44,4
https://openalex.org/A5004881748,44,4
https://openalex.org/A5006688369,44,4
https://openalex.org/A5011182986,44,4
https://openalex.org/A5013078450,44,4
https://openalex.org/A5013181692,44,4
https://openalex.org/A5018179543,44,4
https://openalex.org/A5026905234,44,4
https://openalex.org/A5030317826,44,4
https://openalex.org/A5035751414,44,4
https://openalex.org/A5039146441,44,4
https://openalex.org/A5049274608,44,4
https://openalex.org/A5053844088,44,4
https://openalex.org/A5054769890,44,4
https://openalex.org/A5058662995,44,4
https://openalex.org/A5058898734,44,4
https://openalex.org/A5064028541,44,4
https://openalex.org/A5071033528,44,4
https://openalex.org/A5074322773,44,4
https://openalex.org/A5076843491,44,4
https://openalex.org/A5077138168,44,4
https://openalex.org/A5087761210,44,4
https://openalex.org/A5100439692,44,4
https://openalex.org/A5100738158,44,4
https://openalex.org/A5101585485,44,4
https://openalex.org/A5104141634,44,4
https://openalex.org/A5108600119,44,4
https://openalex.org/A5110221495,44,4
https://openalex.org/A5111886058,44,4
https://openalex.org/A5112179646,44,4
https://openalex.org/A5112248135,44,4
https://openalex.org/A5008970076,44,3
https://openalex.org/A5010105359,44,3
https://openalex.org/A5016338963,44,3
https://openalex.org/A5016395575,44,3
https://openalex.org/A5017776857,44,3
https://openalex.org/A5017983137,44,3
https://openalex.org/A5020652950,44,3
https://openalex.org/A5028028396,44,3
https://openalex.org/A5029273603,44,3
https://openalex.org/A5029951582,44,3
https://openalex.org/A5030486401,44,3
https://openalex.org/A5031401659,44,3
https://openalex.org/A5034958843,44,3
https://openalex.org/A5038742276,44,3
https://openalex.org/A5041167332,44,3
https://openalex.org/A5043358415,44,3
https://openalex.org/A5044991972,44,3
https://openalex.org/A5046117771,44,3
https://openalex.org/A5050955738,44,3
https://openalex.org/A5066892564,44,3
https://openalex.org/A5072464909,44,3
https://openalex.org/A5083805114,44,3
https://openalex.org/A5087497680,44,3
https://openalex.org/A5100431257,44,3
https://openalex.org/A5100691572,44,3
https://openalex.org/A5101024713,44,3
https://openalex.org/A5111774389,44,3
https://openalex.org/A5113331427,44,3
https://openalex.org/A5113694941,44,3
https://openalex.org/A5115861810,44,3
https://openalex.org/A5045803468,44,2
https://openalex.org/A5054013085,44,2
https://openalex.org/A5057787952,44,2
https://openalex.org/A5069999624,44,2
https://openalex.org/A5073906384,44,2
https://openalex.org/A5078955184,44,2
https://openalex.org/A5084420100,44,2
https://openalex.org/A5090482548,44,2
https://openalex.org/A5091094838,44,2
https://openalex.org/A5102409469,44,2
https://openalex.org/A5019644135,44,1
https://openalex.org/A5041431431,44,1
https://openalex.org/A5080886177,44,1
https://openalex.org/A5089204632,44,1
https://openalex.org/A5111268966,44,1
https://openalex.org/A5056889098,45,91
https://openalex.org/A5004281470,45,64
https://openalex.org/A5035399743,45,57
https://openalex.org/A5068618830,45,27
https://openalex.org/A5072011650,45,25
https://openalex.org/A5090500943,45,18
https://openalex.org/A5041228563,45,17
https://openalex.org/A5023339675,45,16
https://openalex.org/A5060225743,45,16
https://openalex.org/A5062211930,45,14
https://openalex.org/A5100335132,45,14
https://openalex.org/A5078446912,45,12
https://openalex.org/A5015797850,45,11
https://openalex.org/A5026429870,45,11
https://openalex.org/A5035808622,45,11
https://openalex.org/A5020763245,45,10
https://openalex.org/A5100356430,45,10
https://openalex.org/A5034362571,45,9
https://openalex.org/A5063612283,45,9
https://openalex.org/A5100643589,45,9
https://openalex.org/A5001746807,45,8
https://openalex.org/A5013942123,45,8
https://openalex.org/A5022893278,45,8
https://openalex.org/A5050222436,45,8
https://openalex.org/A5051732494,45,8
https://openalex.org/A5052960352,45,8
https://openalex.org/A5056230424,45,8
https://openalex.org/A5057155042,45,8
https://openalex.org/A5069838055,45,8
https://openalex.org/A5075750233,45,8
https://openalex.org/A5003788628,45,7
https://openalex.org/A5005558902,45,7
https://openalex.org/A5016562405,45,7
https://openalex.org/A5018096937,45,7
https://openalex.org/A5021000040,45,7
https://openalex.org/A5038261855,45,7
https://openalex.org/A5047692275,45,7
https://openalex.org/A5059273574,45,7
https://openalex.org/A5060210420,45,7
https://openalex.org/A5064910304,45,7
https://openalex.org/A5067529373,45,7
https://openalex.org/A5072241102,45,7
https://openalex.org/A5075714274,45,7
https://openalex.org/A5087254139,45,7
https://openalex.org/A5088114671,45,7
https://openalex.org/A5088671998,45,7
https://openalex.org/A5102783137,45,7
https://openalex.org/A5001884064,45,6
https://openalex.org/A5022752740,45,6
https://openalex.org/A5023371922,45,6
https://openalex.org/A5026964588,45,6
https://openalex.org/A5027450101,45,6
https://openalex.org/A5027720969,45,6
https://openalex.org/A5039277252,45,6
https://openalex.org/A5040787249,45,6
https://openalex.org/A5041854978,45,6
https://openalex.org/A5042123158,45,6
https://openalex.org/A5043402333,45,6
https://openalex.org/A5044995158,45,6
https://openalex.org/A5051195514,45,6
https://openalex.org/A5052956256,45,6
https://openalex.org/A5054264354,45,6
https://openalex.org/A5074460563,45,6
https://openalex.org/A5082294805,45,6
https://openalex.org/A5086671142,45,6
https://openalex.org/A5088698784,45,6
https://openalex.org/A5092064801,45,6
https://openalex.org/A5101461004,45,6
https://openalex.org/A5101971971,45,6
https://openalex.org/A5102946940,45,6
https://openalex.org/A5111370337,45,6
https://openalex.org/A5000365647,45,5
https://openalex.org/A5001313457,45,5
https://openalex.org/A5009400840,45,5
https://openalex.org/A5011213078,45,5
https://openalex.org/A5011388376,45,5
https://openalex.org/A5013631353,45,5
https://openalex.org/A5014348689,45,5
https://openalex.org/A5015441797,45,5
https://openalex.org/A5017367371,45,5
https://openalex.org/A5018198828,45,5
https://openalex.org/A5018409592,45,5
https://openalex.org/A5021170243,45,5
https://openalex.org/A5022673825,45,5
https://openalex.org/A5023383528,45,5
https://openalex.org/A5025407927,45,5
https://openalex.org/A5026756310,45,5
https://openalex.org/A5033178901,45,5
https://openalex.org/A5034151062,45,5
https://openalex.org/A5038281963,45,5
https://openalex.org/A5041158998,45,5
https://openalex.org/A5044080887,45,5
https://openalex.org/A5045335911,45,5
https://openalex.org/A5047048551,45,5
https://openalex.org/A5050977715,45,5
https://openalex.org/A5051824957,45,5
https://openalex.org/A5052593379,45,5
https://openalex.org/A5053828876,45,5
https://openalex.org/A5054529350,45,5
https://openalex.org/A5054720572,45,5
https://openalex.org/A5058585210,45,5
https://openalex.org/A5068349442,45,5
https://openalex.org/A5073312603,45,5
https://openalex.org/A5074629800,45,5
https://openalex.org/A5076968482,45,5
https://openalex.org/A5076993714,45,5
https://openalex.org/A5078569384,45,5
https://openalex.org/A5082501868,45,5
https://openalex.org/A5087270783,45,5
https://openalex.org/A5087929857,45,5
https://openalex.org/A5089838423,45,5
https://openalex.org/A5090351022,45,5
https://openalex.org/A5091312281,45,5
https://openalex.org/A5100360148,45,5
https://openalex.org/A5100618931,45,5
https://openalex.org/A5100698089,45,5
https://openalex.org/A5100766011,45,5
https://openalex.org/A5101727205,45,5
https://openalex.org/A5101897633,45,5
https://openalex.org/A5101957775,45,5
https://openalex.org/A5103057536,45,5
https://openalex.org/A5108054661,45,5
https://openalex.org/A5111891304,45,5
https://openalex.org/A5113531029,45,5
https://openalex.org/A5001462066,45,4
https://openalex.org/A5004980809,45,4
https://openalex.org/A5005819015,45,4
https://openalex.org/A5007003459,45,4
https://openalex.org/A5007086252,45,4
https://openalex.org/A5008308402,45,4
https://openalex.org/A5010912349,45,4
https://openalex.org/A5018774607,45,4
https://openalex.org/A5019119605,45,4
https://openalex.org/A5020034316,45,4
https://openalex.org/A5028856361,45,4
https://openalex.org/A5029640047,45,4
https://openalex.org/A5031053324,45,4
https://openalex.org/A5037934112,45,4
https://openalex.org/A5038325765,45,4
https://openalex.org/A5044250323,45,4
https://openalex.org/A5044453295,45,4
https://openalex.org/A5045023473,45,4
https://openalex.org/A5049701126,45,4
https://openalex.org/A5052913961,45,4
https://openalex.org/A5057715146,45,4
https://openalex.org/A5059603729,45,4
https://openalex.org/A5064342258,45,4
https://openalex.org/A5069020946,45,4
https://openalex.org/A5069794920,45,4
https://openalex.org/A5073644080,45,4
https://openalex.org/A5075282181,45,4
https://openalex.org/A5076776322,45,4
https://openalex.org/A5077673436,45,4
https://openalex.org/A5081497118,45,4
https://openalex.org/A5088734006,45,4
https://openalex.org/A5089592034,45,4
https://openalex.org/A5100698157,45,4
https://openalex.org/A5100768242,45,4
https://openalex.org/A5000852169,45,3
https://openalex.org/A5010362894,45,3
https://openalex.org/A5012563613,45,3
https://openalex.org/A5016859213,45,3
https://openalex.org/A5018152054,45,3
https://openalex.org/A5019414739,45,3
https://openalex.org/A5021855913,45,3
https://openalex.org/A5023107088,45,3
https://openalex.org/A5034097798,45,3
https://openalex.org/A5044819025,45,3
https://openalex.org/A5046481909,45,3
https://openalex.org/A5046906377,45,3
https://openalex.org/A5048198434,45,3
https://openalex.org/A5048651639,45,3
https://openalex.org/A5055948281,45,3
https://openalex.org/A5058289619,45,3
https://openalex.org/A5060786045,45,3
https://openalex.org/A5060984628,45,3
https://openalex.org/A5070784613,45,3
https://openalex.org/A5070829652,45,3
https://openalex.org/A5079235911,45,3
https://openalex.org/A5081953757,45,3
https://openalex.org/A5091384390,45,3
https://openalex.org/A5103090396,45,3
https://openalex.org/A5109103741,45,3
https://openalex.org/A5000536361,45,2
https://openalex.org/A5006531000,45,2
https://openalex.org/A5008867585,45,2
https://openalex.org/A5032697726,45,2
https://openalex.org/A5036711558,45,2
https://openalex.org/A5051534545,45,2
https://openalex.org/A5053818279,45,2
https://openalex.org/A5055129683,45,2
https://openalex.org/A5068530222,45,2
https://openalex.org/A5081003257,45,2
https://openalex.org/A5085552588,45,2
https://openalex.org/A5091727657,45,2
https://openalex.org/A5101610717,45,2
https://openalex.org/A5108782669,45,2
https://openalex.org/A5008267833,45,1
https://openalex.org/A5011053835,45,1
https://openalex.org/A5044103445,45,1
https://openalex.org/A5081511841,45,1
https://openalex.org/A5049314735,46,56
https://openalex.org/A5057695979,46,53
https://openalex.org/A5025745021,46,32
https://openalex.org/A5028862879,46,28
https://openalex.org/A5035455593,46,24
https://openalex.org/A5031120336,46,22
https://openalex.org/A5049240073,46,18
https://openalex.org/A5111567842,46,16
https://openalex.org/A5008033989,46,15
https://openalex.org/A5033989239,46,15
https://openalex.org/A5070909466,46,15
https://openalex.org/A5001448076,46,14
https://openalex.org/A5021812568,46,14
https://openalex.org/A5055131878,46,13
https://openalex.org/A5022926262,46,12
https://openalex.org/A5003307854,46,11
https://openalex.org/A5011742954,46,11
https://openalex.org/A5048932707,46,11
https://openalex.org/A5017299501,46,10
https://openalex.org/A5019243359,46,10
https://openalex.org/A5024102827,46,10
https://openalex.org/A5034032356,46,10
https://openalex.org/A5054903605,46,10
https://openalex.org/A5022414281,46,9
https://openalex.org/A5022698727,46,9
https://openalex.org/A5027136376,46,9
https://openalex.org/A5000376962,46,8
https://openalex.org/A5004866624,46,8
https://openalex.org/A5025339506,46,8
https://openalex.org/A5026014882,46,8
https://openalex.org/A5034522859,46,8
https://openalex.org/A5047780964,46,8
https://openalex.org/A5085232359,46,8
https://openalex.org/A5101811186,46,8
https://openalex.org/A5003817108,46,7
https://openalex.org/A5005302357,46,7
https://openalex.org/A5023242309,46,7
https://openalex.org/A5031315137,46,7
https://openalex.org/A5032412533,46,7
https://openalex.org/A5040634818,46,7
https://openalex.org/A5045651282,46,7
https://openalex.org/A5081283540,46,7
https://openalex.org/A5085447779,46,7
https://openalex.org/A5088135366,46,7
https://openalex.org/A5101479585,46,7
https://openalex.org/A5114948823,46,7
https://openalex.org/A5009911876,46,6
https://openalex.org/A5017018305,46,6
https://openalex.org/A5023783426,46,6
https://openalex.org/A5029380368,46,6
https://openalex.org/A5045707906,46,6
https://openalex.org/A5052809986,46,6
https://openalex.org/A5055789823,46,6
https://openalex.org/A5077147320,46,6
https://openalex.org/A5080654893,46,6
https://openalex.org/A5081815076,46,6
https://openalex.org/A5101819568,46,6
https://openalex.org/A5105469807,46,6
https://openalex.org/A5108493610,46,6
https://openalex.org/A5111645495,46,6
https://openalex.org/A5003871976,46,5
https://openalex.org/A5005778457,46,5
https://openalex.org/A5012415015,46,5
https://openalex.org/A5017825804,46,5
https://openalex.org/A5018591093,46,5
https://openalex.org/A5019027915,46,5
https://openalex.org/A5019659933,46,5
https://openalex.org/A5024725112,46,5
https://openalex.org/A5026994877,46,5
https://openalex.org/A5027632476,46,5
https://openalex.org/A5027682832,46,5
https://openalex.org/A5027887380,46,5
https://openalex.org/A5032041693,46,5
https://openalex.org/A5033084721,46,5
https://openalex.org/A5038360023,46,5
https://openalex.org/A5049665350,46,5
https://openalex.org/A5052196515,46,5
https://openalex.org/A5056838447,46,5
https://openalex.org/A5057122764,46,5
https://openalex.org/A5059588654,46,5
https://openalex.org/A5064236930,46,5
https://openalex.org/A5064520344,46,5
https://openalex.org/A5064999614,46,5
https://openalex.org/A5065195467,46,5
https://openalex.org/A5070850590,46,5
https://openalex.org/A5071674394,46,5
https://openalex.org/A5071813608,46,5
https://openalex.org/A5078442658,46,5
https://openalex.org/A5078526118,46,5
https://openalex.org/A5082611795,46,5
https://openalex.org/A5088286793,46,5
https://openalex.org/A5100423789,46,5
https://openalex.org/A5102319142,46,5
https://openalex.org/A5102859673,46,5
https://openalex.org/A5118899654,46,5
https://openalex.org/A5000474293,46,4
https://openalex.org/A5002527385,46,4
https://openalex.org/A5004741275,46,4
https://openalex.org/A5012412123,46,4
https://openalex.org/A5014375099,46,4
https://openalex.org/A5017357771,46,4
https://openalex.org/A5018155208,46,4
https://openalex.org/A5023874580,46,4
https://openalex.org/A5026230453,46,4
https://openalex.org/A5030347270,46,4
https://openalex.org/A5033732758,46,4
https://openalex.org/A5035115589,46,4
https://openalex.org/A5037589658,46,4
https://openalex.org/A5038162261,46,4
https://openalex.org/A5038531405,46,4
https://openalex.org/A5038858136,46,4
https://openalex.org/A5047515620,46,4
https://openalex.org/A5049359232,46,4
https://openalex.org/A5049544264,46,4
https://openalex.org/A5052652788,46,4
https://openalex.org/A5055320698,46,4
https://openalex.org/A5058029787,46,4
https://openalex.org/A5060837952,46,4
https://openalex.org/A5062397992,46,4
https://openalex.org/A5066096589,46,4
https://openalex.org/A5070592874,46,4
https://openalex.org/A5072033746,46,4
https://openalex.org/A5075328697,46,4
https://openalex.org/A5075366947,46,4
https://openalex.org/A5078975331,46,4
https://openalex.org/A5082328104,46,4
https://openalex.org/A5083245492,46,4
https://openalex.org/A5085895467,46,4
https://openalex.org/A5088484575,46,4
https://openalex.org/A5090299671,46,4
https://openalex.org/A5091065605,46,4
https://openalex.org/A5102894347,46,4
https://openalex.org/A5109033942,46,4
https://openalex.org/A5113695916,46,4
https://openalex.org/A5000374826,46,3
https://openalex.org/A5001141623,46,3
https://openalex.org/A5007805334,46,3
https://openalex.org/A5008889608,46,3
https://openalex.org/A5011154912,46,3
https://openalex.org/A5011594457,46,3
https://openalex.org/A5014275083,46,3
https://openalex.org/A5014843482,46,3
https://openalex.org/A5015806060,46,3
https://openalex.org/A5021111002,46,3
https://openalex.org/A5021698342,46,3
https://openalex.org/A5030400740,46,3
https://openalex.org/A5030820567,46,3
https://openalex.org/A5033021420,46,3
https://openalex.org/A5039438907,46,3
https://openalex.org/A5041401333,46,3
https://openalex.org/A5043962698,46,3
https://openalex.org/A5046383980,46,3
https://openalex.org/A5056533367,46,3
https://openalex.org/A5057334256,46,3
https://openalex.org/A5058510425,46,3
https://openalex.org/A5059701121,46,3
https://openalex.org/A5061220680,46,3
https://openalex.org/A5061462552,46,3
https://openalex.org/A5062423344,46,3
https://openalex.org/A5065352009,46,3
https://openalex.org/A5065612595,46,3
https://openalex.org/A5068645266,46,3
https://openalex.org/A5077169697,46,3
https://openalex.org/A5078367960,46,3
https://openalex.org/A5078386758,46,3
https://openalex.org/A5079140339,46,3
https://openalex.org/A5079603339,46,3
https://openalex.org/A5079758962,46,3
https://openalex.org/A5089667187,46,3
https://openalex.org/A5007740421,46,2
https://openalex.org/A5019146219,46,2
https://openalex.org/A5027837224,46,2
https://openalex.org/A5032944743,46,2
https://openalex.org/A5046829638,46,2
https://openalex.org/A5048401513,46,2
https://openalex.org/A5051709720,46,2
https://openalex.org/A5053297258,46,2
https://openalex.org/A5054958274,46,2
https://openalex.org/A5056484904,46,2
https://openalex.org/A5059513179,46,2
https://openalex.org/A5062620690,46,2
https://openalex.org/A5064580861,46,2
https://openalex.org/A5069270736,46,2
https://openalex.org/A5071486960,46,2
https://openalex.org/A5077574370,46,2
https://openalex.org/A5080093220,46,2
https://openalex.org/A5087251228,46,2
https://openalex.org/A5090017823,46,2
https://openalex.org/A5100670408,46,2
https://openalex.org/A5103134241,46,2
https://openalex.org/A5103230070,46,2
https://openalex.org/A5103757534,46,2
https://openalex.org/A5110702582,46,2
https://openalex.org/A5112033181,46,2
https://openalex.org/A5010797607,46,1
https://openalex.org/A5024538989,46,1
https://openalex.org/A5027995241,46,1
https://openalex.org/A5036079071,46,1
https://openalex.org/A5046448314,47,171
https://openalex.org/A5100320723,47,128
https://openalex.org/A5043098453,47,33
https://openalex.org/A5109219790,47,33
https://openalex.org/A5100668503,47,24
https://openalex.org/A5012930542,47,22
https://openalex.org/A5030183493,47,22
https://openalex.org/A5091587552,47,20
https://openalex.org/A5101584823,47,20
https://openalex.org/A5060417049,47,19
https://openalex.org/A5101577090,47,19
https://openalex.org/A5101868311,47,17
https://openalex.org/A5089404640,47,16
https://openalex.org/A5100770464,47,16
https://openalex.org/A5108129241,47,15
https://openalex.org/A5010557815,47,14
https://openalex.org/A5031792794,47,14
https://openalex.org/A5023086553,47,13
https://openalex.org/A5040961637,47,13
https://openalex.org/A5102894085,47,13
https://openalex.org/A5107808331,47,13
https://openalex.org/A5006863331,47,12
https://openalex.org/A5003324011,47,11
https://openalex.org/A5086603207,47,10
https://openalex.org/A5090083168,47,10
https://openalex.org/A5100398890,47,10
https://openalex.org/A5100660086,47,10
https://openalex.org/A5102542015,47,10
https://openalex.org/A5063715116,47,9
https://openalex.org/A5106671208,47,9
https://openalex.org/A5009724487,47,8
https://openalex.org/A5013545831,47,8
https://openalex.org/A5014699953,47,8
https://openalex.org/A5016443523,47,8
https://openalex.org/A5033486668,47,8
https://openalex.org/A5044042138,47,8
https://openalex.org/A5046085212,47,8
https://openalex.org/A5051076151,47,8
https://openalex.org/A5058789991,47,8
https://openalex.org/A5075033889,47,8
https://openalex.org/A5100356345,47,8
https://openalex.org/A5100446064,47,8
https://openalex.org/A5100717753,47,8
https://openalex.org/A5100760029,47,8
https://openalex.org/A5102025003,47,8
https://openalex.org/A5102486495,47,8
https://openalex.org/A5103226758,47,8
https://openalex.org/A5115592503,47,8
https://openalex.org/A5001873096,47,7
https://openalex.org/A5029722268,47,7
https://openalex.org/A5030301481,47,7
https://openalex.org/A5047505566,47,7
https://openalex.org/A5054571273,47,7
https://openalex.org/A5057030499,47,7
https://openalex.org/A5060872184,47,7
https://openalex.org/A5091819878,47,7
https://openalex.org/A5100335384,47,7
https://openalex.org/A5100398899,47,7
https://openalex.org/A5100413330,47,7
https://openalex.org/A5100432750,47,7
https://openalex.org/A5100432795,47,7
https://openalex.org/A5100647639,47,7
https://openalex.org/A5100667602,47,7
https://openalex.org/A5100695181,47,7
https://openalex.org/A5100758582,47,7
https://openalex.org/A5102358408,47,7
https://openalex.org/A5120314022,47,7
https://openalex.org/A5005441169,47,6
https://openalex.org/A5006654088,47,6
https://openalex.org/A5012209374,47,6
https://openalex.org/A5015681671,47,6
https://openalex.org/A5024705031,47,6
https://openalex.org/A5029327324,47,6
https://openalex.org/A5035433961,47,6
https://openalex.org/A5037501616,47,6
https://openalex.org/A5043239430,47,6
https://openalex.org/A5058197951,47,6
https://openalex.org/A5065882341,47,6
https://openalex.org/A5076189272,47,6
https://openalex.org/A5077231313,47,6
https://openalex.org/A5086000078,47,6
https://openalex.org/A5100337338,47,6
https://openalex.org/A5100705849,47,6
https://openalex.org/A5100726749,47,6
https://openalex.org/A5100744707,47,6
https://openalex.org/A5100768164,47,6
https://openalex.org/A5100775958,47,6
https://openalex.org/A5101397422,47,6
https://openalex.org/A5101400717,47,6
https://openalex.org/A5101533496,47,6
https://openalex.org/A5101593048,47,6
https://openalex.org/A5101878886,47,6
https://openalex.org/A5102017383,47,6
https://openalex.org/A5106406731,47,6
https://openalex.org/A5108934300,47,6
https://openalex.org/A5110370692,47,6
https://openalex.org/A5003317644,47,5
https://openalex.org/A5004953265,47,5
https://openalex.org/A5009704356,47,5
https://openalex.org/A5013467305,47,5
https://openalex.org/A5020750660,47,5
https://openalex.org/A5022825325,47,5
https://openalex.org/A5026898461,47,5
https://openalex.org/A5038668215,47,5
https://openalex.org/A5048029954,47,5
https://openalex.org/A5051925942,47,5
https://openalex.org/A5054033973,47,5
https://openalex.org/A5064191909,47,5
https://openalex.org/A5071051538,47,5
https://openalex.org/A5089677335,47,5
https://openalex.org/A5100339586,47,5
https://openalex.org/A5100353589,47,5
https://openalex.org/A5100356337,47,5
https://openalex.org/A5100426170,47,5
https://openalex.org/A5100437598,47,5
https://openalex.org/A5100437714,47,5
https://openalex.org/A5100608122,47,5
https://openalex.org/A5100784790,47,5
https://openalex.org/A5101056502,47,5
https://openalex.org/A5101867177,47,5
https://openalex.org/A5101990229,47,5
https://openalex.org/A5103072099,47,5
https://openalex.org/A5107145907,47,5
https://openalex.org/A5110265834,47,5
https://openalex.org/A5110622785,47,5
https://openalex.org/A5111136892,47,5
https://openalex.org/A5115602504,47,5
https://openalex.org/A5001341196,47,4
https://openalex.org/A5004031220,47,4
https://openalex.org/A5009292561,47,4
https://openalex.org/A5012938939,47,4
https://openalex.org/A5015299890,47,4
https://openalex.org/A5026924151,47,4
https://openalex.org/A5034436241,47,4
https://openalex.org/A5037145565,47,4
https://openalex.org/A5039942328,47,4
https://openalex.org/A5045161607,47,4
https://openalex.org/A5053520475,47,4
https://openalex.org/A5076775867,47,4
https://openalex.org/A5082262385,47,4
https://openalex.org/A5084039644,47,4
https://openalex.org/A5091743314,47,4
https://openalex.org/A5100362617,47,4
https://openalex.org/A5100680399,47,4
https://openalex.org/A5100691593,47,4
https://openalex.org/A5100713345,47,4
https://openalex.org/A5100713350,47,4
https://openalex.org/A5100781026,47,4
https://openalex.org/A5101911374,47,4
https://openalex.org/A5101919635,47,4
https://openalex.org/A5102012660,47,4
https://openalex.org/A5105768200,47,4
https://openalex.org/A5109010341,47,4
https://openalex.org/A5008361378,47,3
https://openalex.org/A5009633508,47,3
https://openalex.org/A5013592376,47,3
https://openalex.org/A5023600656,47,3
https://openalex.org/A5024174755,47,3
https://openalex.org/A5024338348,47,3
https://openalex.org/A5042745123,47,3
https://openalex.org/A5042856545,47,3
https://openalex.org/A5044326908,47,3
https://openalex.org/A5044760093,47,3
https://openalex.org/A5046367201,47,3
https://openalex.org/A5062247244,47,3
https://openalex.org/A5068476595,47,3
https://openalex.org/A5078661620,47,3
https://openalex.org/A5083935587,47,3
https://openalex.org/A5100320722,47,3
https://openalex.org/A5100350625,47,3
https://openalex.org/A5100362638,47,3
https://openalex.org/A5101668020,47,3
https://openalex.org/A5101953295,47,3
https://openalex.org/A5109548287,47,3
https://openalex.org/A5109718198,47,3
https://openalex.org/A5110367147,47,3
https://openalex.org/A5110517465,47,3
https://openalex.org/A5113452526,47,3
https://openalex.org/A5113820036,47,3
https://openalex.org/A5114763084,47,3
https://openalex.org/A5000059818,47,2
https://openalex.org/A5003413850,47,2
https://openalex.org/A5019899729,47,2
https://openalex.org/A5053537544,47,2
https://openalex.org/A5064577447,47,2
https://openalex.org/A5067372819,47,2
https://openalex.org/A5070868391,47,2
https://openalex.org/A5077429082,47,2
https://openalex.org/A5078255358,47,2
https://openalex.org/A5100660064,47,2
https://openalex.org/A5102932665,47,2
https://openalex.org/A5053665575,47,1
https://openalex.org/A5061223044,47,1
https://openalex.org/A5080902143,47,1
https://openalex.org/A5046449632,48,137
https://openalex.org/A5050422212,48,85
https://openalex.org/A5033795271,48,50
https://openalex.org/A5100762441,48,34
https://openalex.org/A5032791474,48,31
https://openalex.org/A5019520142,48,24
https://openalex.org/A5049261152,48,21
https://openalex.org/A5000132222,48,17
https://openalex.org/A5068384981,48,16
https://openalex.org/A5040333751,48,14
https://openalex.org/A5083511937,48,14
https://openalex.org/A5022956666,48,13
https://openalex.org/A5033215820,48,13
https://openalex.org/A5052656276,48,13
https://openalex.org/A5032824352,48,12
https://openalex.org/A5060373574,48,12
https://openalex.org/A5077065723,48,12
https://openalex.org/A5080572301,48,12
https://openalex.org/A5010647855,48,11
https://openalex.org/A5061885925,48,11
https://openalex.org/A5068169962,48,11
https://openalex.org/A5088947425,48,11
https://openalex.org/A5027379024,48,10
https://openalex.org/A5019524944,48,8
https://openalex.org/A5026617535,48,8
https://openalex.org/A5029350252,48,8
https://openalex.org/A5030830477,48,8
https://openalex.org/A5031835848,48,8
https://openalex.org/A5036547944,48,8
https://openalex.org/A5040298767,48,8
https://openalex.org/A5041345758,48,8
https://openalex.org/A5047914604,48,8
https://openalex.org/A5054293043,48,8
https://openalex.org/A5057027850,48,8
https://openalex.org/A5058601965,48,8
https://openalex.org/A5062387555,48,8
https://openalex.org/A5073173295,48,8
https://openalex.org/A5081149282,48,8
https://openalex.org/A5088292814,48,8
https://openalex.org/A5091351265,48,8
https://openalex.org/A5091767095,48,8
https://openalex.org/A5091778644,48,8
https://openalex.org/A5103616494,48,8
https://openalex.org/A5109507960,48,8
https://openalex.org/A5112229997,48,8
https://openalex.org/A5000802300,48,7
https://openalex.org/A5002211732,48,7
https://openalex.org/A5011691395,48,7
https://openalex.org/A5012004987,48,7
https://openalex.org/A5016430518,48,7
https://openalex.org/A5022998262,48,7
https://openalex.org/A5025118781,48,7
https://openalex.org/A5028512392,48,7
https://openalex.org/A5028918665,48,7
https://openalex.org/A5030737529,48,7
https://openalex.org/A5032497085,48,7
https://openalex.org/A5038682473,48,7
https://openalex.org/A5040401957,48,7
https://openalex.org/A5041666186,48,7
https://openalex.org/A5043602543,48,7
https://openalex.org/A5044516872,48,7
https://openalex.org/A5054478645,48,7
https://openalex.org/A5055803856,48,7
https://openalex.org/A5056077101,48,7
https://openalex.org/A5056310164,48,7
https://openalex.org/A5056842687,48,7
https://openalex.org/A5059294791,48,7
https://openalex.org/A5068348135,48,7
https://openalex.org/A5070378593,48,7
https://openalex.org/A5075703088,48,7
https://openalex.org/A5080244336,48,7
https://openalex.org/A5084066358,48,7
https://openalex.org/A5084981031,48,7
https://openalex.org/A5086030930,48,7
https://openalex.org/A5087366777,48,7
https://openalex.org/A5090533097,48,7
https://openalex.org/A5102813529,48,7
https://openalex.org/A5000351388,48,6
https://openalex.org/A5000761697,48,6
https://openalex.org/A5004821708,48,6
https://openalex.org/A5005152689,48,6
https://openalex.org/A5006812496,48,6
https://openalex.org/A5008273122,48,6
https://openalex.org/A5009233299,48,6
https://openalex.org/A5014590432,48,6
https://openalex.org/A5016696735,48,6
https://openalex.org/A5016950022,48,6
https://openalex.org/A5026905434,48,6
https://openalex.org/A5029296329,48,6
https://openalex.org/A5029341996,48,6
https://openalex.org/A5038619113,48,6
https://openalex.org/A5041981476,48,6
https://openalex.org/A5045246722,48,6
https://openalex.org/A5057946216,48,6
https://openalex.org/A5059917984,48,6
https://openalex.org/A5061007704,48,6
https://openalex.org/A5061954318,48,6
https://openalex.org/A5062031872,48,6
https://openalex.org/A5062920668,48,6
https://openalex.org/A5063626958,48,6
https://openalex.org/A5064457713,48,6
https://openalex.org/A5065711020,48,6
https://openalex.org/A5072647192,48,6
https://openalex.org/A5076381281,48,6
https://openalex.org/A5078698089,48,6
https://openalex.org/A5081837054,48,6
https://openalex.org/A5086004448,48,6
https://openalex.org/A5086301726,48,6
https://openalex.org/A5088077279,48,6
https://openalex.org/A5091835003,48,6
https://openalex.org/A5100423138,48,6
https://openalex.org/A5113366774,48,6
https://openalex.org/A5002906228,48,5
https://openalex.org/A5006825464,48,5
https://openalex.org/A5009053176,48,5
https://openalex.org/A5010688734,48,5
https://openalex.org/A5012828588,48,5
https://openalex.org/A5015161227,48,5
https://openalex.org/A5017716310,48,5
https://openalex.org/A5020000077,48,5
https://openalex.org/A5024149439,48,5
https://openalex.org/A5026096863,48,5
https://openalex.org/A5031745356,48,5
https://openalex.org/A5033835288,48,5
https://openalex.org/A5035968397,48,5
https://openalex.org/A5038080772,48,5
https://openalex.org/A5042678449,48,5
https://openalex.org/A5046042704,48,5
https://openalex.org/A5048602673,48,5
https://openalex.org/A5050481792,48,5
https://openalex.org/A5056736779,48,5
https://openalex.org/A5059871347,48,5
https://openalex.org/A5060739924,48,5
https://openalex.org/A5063871070,48,5
https://openalex.org/A5075959777,48,5
https://openalex.org/A5079391590,48,5
https://openalex.org/A5082748474,48,5
https://openalex.org/A5086214073,48,5
https://openalex.org/A5087041637,48,5
https://openalex.org/A5090117269,48,5
https://openalex.org/A5097696997,48,5
https://openalex.org/A5113077968,48,5
https://openalex.org/A5005192117,48,4
https://openalex.org/A5009817240,48,4
https://openalex.org/A5012275266,48,4
https://openalex.org/A5046920192,48,4
https://openalex.org/A5062624584,48,4
https://openalex.org/A5064020991,48,4
https://openalex.org/A5078849716,48,4
https://openalex.org/A5086205695,48,4
https://openalex.org/A5108381697,48,4
https://openalex.org/A5109995590,48,4
https://openalex.org/A5000691656,48,3
https://openalex.org/A5005468345,48,3
https://openalex.org/A5008994837,48,3
https://openalex.org/A5010233879,48,3
https://openalex.org/A5015870414,48,3
https://openalex.org/A5027812577,48,3
https://openalex.org/A5035397566,48,3
https://openalex.org/A5054391988,48,3
https://openalex.org/A5055586076,48,3
https://openalex.org/A5060873447,48,3
https://openalex.org/A5062827276,48,3
https://openalex.org/A5065881351,48,3
https://openalex.org/A5111507084,48,3
https://openalex.org/A5112370824,48,3
https://openalex.org/A5015147769,48,2
https://openalex.org/A5041611398,48,2
https://openalex.org/A5047771164,48,2
https://openalex.org/A5080594162,48,2
https://openalex.org/A5089710959,48,2
https://openalex.org/A5091731284,48,2
https://openalex.org/A5100624316,48,2
https://openalex.org/A5103262582,48,2
https://openalex.org/A5111015066,48,2
https://openalex.org/A5000196398,48,1
https://openalex.org/A5082717451,48,1
https://openalex.org/A5079920605,49,77
https://openalex.org/A5108538229,49,57
https://openalex.org/A5026763824,49,37
https://openalex.org/A5036171512,49,20
https://openalex.org/A5037340457,49,17
https://openalex.org/A5008999954,49,16
https://openalex.org/A5055543314,49,16
https://openalex.org/A5085704922,49,15
https://openalex.org/A5042749874,49,14
https://openalex.org/A5072470661,49,12
https://openalex.org/A5084025984,49,10
https://openalex.org/A5016409476,49,9
https://openalex.org/A5034685928,49,9
https://openalex.org/A5042897421,49,9
https://openalex.org/A5075033995,49,9
https://openalex.org/A5103507190,49,9
https://openalex.org/A5001527428,49,8
https://openalex.org/A5002217153,49,8
https://openalex.org/A5009826771,49,8
https://openalex.org/A5028786360,49,8
https://openalex.org/A5038463925,49,8
https://openalex.org/A5041192765,49,8
https://openalex.org/A5042702360,49,8
https://openalex.org/A5047753201,49,8
https://openalex.org/A5049234393,49,8
https://openalex.org/A5053173154,49,8
https://openalex.org/A5060887195,49,8
https://openalex.org/A5062957500,49,8
https://openalex.org/A5066559136,49,8
https://openalex.org/A5070693206,49,8
https://openalex.org/A5076496887,49,8
https://openalex.org/A5086258416,49,8
https://openalex.org/A5089922303,49,8
https://openalex.org/A5100389256,49,8
https://openalex.org/A5103575243,49,8
https://openalex.org/A5112063853,49,8
https://openalex.org/A5113839622,49,8
https://openalex.org/A5114047989,49,8
https://openalex.org/A5015170424,49,7
https://openalex.org/A5043386280,49,7
https://openalex.org/A5082301986,49,7
https://openalex.org/A5090531329,49,7
https://openalex.org/A5100401164,49,7
https://openalex.org/A5101618291,49,7
https://openalex.org/A5110671932,49,7
https://openalex.org/A5002467326,49,6
https://openalex.org/A5006990118,49,6
https://openalex.org/A5020435776,49,6
https://openalex.org/A5027813020,49,6
https://openalex.org/A5031168514,49,6
https://openalex.org/A5042793913,49,6
https://openalex.org/A5043898632,49,6
https://openalex.org/A5045990977,49,6
https://openalex.org/A5052710368,49,6
https://openalex.org/A5071624937,49,6
https://openalex.org/A5088356199,49,6
https://openalex.org/A5100606274,49,6
https://openalex.org/A5101748476,49,6
https://openalex.org/A5101765901,49,6
https://openalex.org/A5110790493,49,6
https://openalex.org/A5001907974,49,5
https://openalex.org/A5015849144,49,5
https://openalex.org/A5021593174,49,5
https://openalex.org/A5021656787,49,5
https://openalex.org/A5029738510,49,5
https://openalex.org/A5037878863,49,5
https://openalex.org/A5044851667,49,5
https://openalex.org/A5054151826,49,5
https://openalex.org/A5056045120,49,5
https://openalex.org/A5068568705,49,5
https://openalex.org/A5071340306,49,5
https://openalex.org/A5072951828,49,5
https://openalex.org/A5075858724,49,5
https://openalex.org/A5087964642,49,5
https://openalex.org/A5087968813,49,5
https://openalex.org/A5100384686,49,5
https://openalex.org/A5100390233,49,5
https://openalex.org/A5100661890,49,5
https://openalex.org/A5102098460,49,5
https://openalex.org/A5102151181,49,5
https://openalex.org/A5102826951,49,5
https://openalex.org/A5103458234,49,5
https://openalex.org/A5106664802,49,5
https://openalex.org/A5108050374,49,5
https://openalex.org/A5000495647,49,4
https://openalex.org/A5002039083,49,4
https://openalex.org/A5002650921,49,4
https://openalex.org/A5005843312,49,4
https://openalex.org/A5018298892,49,4
https://openalex.org/A5018402044,49,4
https://openalex.org/A5021095785,49,4
https://openalex.org/A5025216905,49,4
https://openalex.org/A5032097519,49,4
https://openalex.org/A5042017468,49,4
https://openalex.org/A5045274091,49,4
https://openalex.org/A5048105755,49,4
https://openalex.org/A5053058538,49,4
https://openalex.org/A5056435352,49,4
https://openalex.org/A5059479627,49,4
https://openalex.org/A5064103017,49,4
https://openalex.org/A5066119228,49,4
https://openalex.org/A5069056428,49,4
https://openalex.org/A5070273088,49,4
https://openalex.org/A5071214181,49,4
https://openalex.org/A5077668438,49,4
https://openalex.org/A5079357056,49,4
https://openalex.org/A5082286560,49,4
https://openalex.org/A5085785393,49,4
https://openalex.org/A5100357690,49,4
https://openalex.org/A5100357819,49,4
https://openalex.org/A5100437201,49,4
https://openalex.org/A5100613677,49,4
https://openalex.org/A5100646875,49,4
https://openalex.org/A5100712167,49,4
https://openalex.org/A5101691493,49,4
https://openalex.org/A5101834543,49,4
https://openalex.org/A5102743927,49,4
https://openalex.org/A5102762707,49,4
https://openalex.org/A5108050904,49,4
https://openalex.org/A5108577928,49,4
https://openalex.org/A5110273172,49,4
https://openalex.org/A5110342739,49,4
https://openalex.org/A5111639799,49,4
https://openalex.org/A5112454407,49,4
https://openalex.org/A5113609888,49,4
https://openalex.org/A5002873579,49,3
https://openalex.org/A5004716468,49,3
https://openalex.org/A5010746851,49,3
https://openalex.org/A5012067697,49,3
https://openalex.org/A5013695081,49,3
https://openalex.org/A5021790939,49,3
https://openalex.org/A5028285867,49,3
https://openalex.org/A5034085630,49,3
https://openalex.org/A5036801391,49,3
https://openalex.org/A5036911288,49,3
https://openalex.org/A5046520540,49,3
https://openalex.org/A5050529429,49,3
https://openalex.org/A5055595929,49,3
https://openalex.org/A5063288559,49,3
https://openalex.org/A5069725703,49,3
https://openalex.org/A5070842891,49,3
https://openalex.org/A5083536250,49,3
https://openalex.org/A5100376310,49,3
https://openalex.org/A5100390102,49,3
https://openalex.org/A5100614391,49,3
https://openalex.org/A5100756628,49,3
https://openalex.org/A5101545962,49,3
https://openalex.org/A5101893652,49,3
https://openalex.org/A5107978577,49,3
https://openalex.org/A5109328252,49,3
https://openalex.org/A5002456113,49,2
https://openalex.org/A5008423272,49,2
https://openalex.org/A5011244614,49,2
https://openalex.org/A5020575991,49,2
https://openalex.org/A5022696205,49,2
https://openalex.org/A5032551767,49,2
https://openalex.org/A5044010649,49,2
https://openalex.org/A5061181883,49,2
https://openalex.org/A5079825929,49,2
https://openalex.org/A5100390094,49,2
https://openalex.org/A5100414457,49,2
https://openalex.org/A5100611599,49,2
https://openalex.org/A5101522812,49,2
https://openalex.org/A5102106710,49,2
https://openalex.org/A5104270513,49,2
https://openalex.org/A5111573105,49,2
https://openalex.org/A5111657119,49,2
https://openalex.org/A5115694806,49,2
https://openalex.org/A5019907652,49,1
https://openalex.org/A5049698028,49,1
https://openalex.org/A5084846715,49,1
https://openalex.org/A5088354823,49,1
https://openalex.org/A5100353381,49,1
https://openalex.org/A5100390236,49,1
https://openalex.org/A5102004642,49,1
https://openalex.org/A5111323648,49,1
https://openalex.org/A5112129014,49,1
https://openalex.org/A5038255653,50,113
https://openalex.org/A5077125314,50,30
https://openalex.org/A5086112254,50,26
https://openalex.org/A5032016061,50,24
https://openalex.org/A5017393131,50,23
https://openalex.org/A5005129420,50,15
https://openalex.org/A5026257331,50,15
https://openalex.org/A5030206116,50,13
https://openalex.org/A5069147408,50,12
https://openalex.org/A5110737589,50,12
https://openalex.org/A5029158802,50,10
https://openalex.org/A5040398895,50,10
https://openalex.org/A5044860153,50,10
https://openalex.org/A5054012719,50,10
https://openalex.org/A5072363418,50,10
https://openalex.org/A5079825006,50,10
https://openalex.org/A5005121779,50,9
https://openalex.org/A5005554539,50,8
https://openalex.org/A5030654340,50,8
https://openalex.org/A5055162547,50,8
https://openalex.org/A5075173273,50,8
https://openalex.org/A5110802712,50,8
https://openalex.org/A5022698100,50,7
https://openalex.org/A5033478593,50,7
https://openalex.org/A5068240202,50,7
https://openalex.org/A5092847373,50,7
https://openalex.org/A5101457198,50,7
https://openalex.org/A5003883620,50,6
https://openalex.org/A5008423326,50,6
https://openalex.org/A5018502975,50,6
https://openalex.org/A5041414868,50,6
https://openalex.org/A5101535189,50,6
https://openalex.org/A5003345786,50,5
https://openalex.org/A5004443266,50,5
https://openalex.org/A5011183160,50,5
https://openalex.org/A5021748321,50,5
https://openalex.org/A5032530685,50,5
https://openalex.org/A5036939043,50,5
https://openalex.org/A5044421873,50,5
https://openalex.org/A5047644302,50,5
https://openalex.org/A5050038373,50,5
https://openalex.org/A5050910881,50,5
https://openalex.org/A5051425256,50,5
https://openalex.org/A5069017265,50,5
https://openalex.org/A5100740425,50,5
https://openalex.org/A5100740432,50,5
https://openalex.org/A5110966081,50,5
https://openalex.org/A5112506378,50,5
https://openalex.org/A5001239123,50,4
https://openalex.org/A5002921489,50,4
https://openalex.org/A5014823752,50,4
https://openalex.org/A5017877672,50,4
https://openalex.org/A5028277052,50,4
https://openalex.org/A5040119457,50,4
https://openalex.org/A5040854757,50,4
https://openalex.org/A5042720672,50,4
https://openalex.org/A5043737321,50,4
https://openalex.org/A5064552332,50,4
https://openalex.org/A5066845537,50,4
https://openalex.org/A5071405826,50,4
https://openalex.org/A5081361660,50,4
https://openalex.org/A5089717719,50,4
https://openalex.org/A5090644503,50,4
https://openalex.org/A5103036330,50,4
https://openalex.org/A5104066418,50,4
https://openalex.org/A5108637443,50,4
https://openalex.org/A5113414416,50,4
https://openalex.org/A5113512422,50,4
https://openalex.org/A5005339370,50,3
https://openalex.org/A5009546643,50,3
https://openalex.org/A5012274548,50,3
https://openalex.org/A5017345211,50,3
https://openalex.org/A5018062964,50,3
https://openalex.org/A5019421291,50,3
https://openalex.org/A5024825925,50,3
https://openalex.org/A5029343940,50,3
https://openalex.org/A5031857465,50,3
https://openalex.org/A5037259758,50,3
https://openalex.org/A5038833815,50,3
https://openalex.org/A5041563916,50,3
https://openalex.org/A5047895400,50,3
https://openalex.org/A5050616379,50,3
https://openalex.org/A5051855172,50,3
https://openalex.org/A5052366939,50,3
https://openalex.org/A5054468432,50,3
https://openalex.org/A5055313323,50,3
https://openalex.org/A5056300959,50,3
https://openalex.org/A5056581911,50,3
https://openalex.org/A5056840058,50,3
https://openalex.org/A5058599127,50,3
https://openalex.org/A5060361425,50,3
https://openalex.org/A5069491247,50,3
https://openalex.org/A5075609768,50,3
https://openalex.org/A5076327256,50,3
https://openalex.org/A5078933429,50,3
https://openalex.org/A5081335111,50,3
https://openalex.org/A5081777652,50,3
https://openalex.org/A5082411878,50,3
https://openalex.org/A5083456282,50,3
https://openalex.org/A5084715861,50,3
https://openalex.org/A5085311514,50,3
https://openalex.org/A5085743615,50,3
https://openalex.org/A5086063254,50,3
https://openalex.org/A5088050242,50,3
https://openalex.org/A5091573499,50,3
https://openalex.org/A5095787373,50,3
https://openalex.org/A5103028371,50,3
https://openalex.org/A5108206606,50,3
https://openalex.org/A5109147283,50,3
https://openalex.org/A5112114761,50,3
https://openalex.org/A5112717715,50,3
https://openalex.org/A5008427734,50,2
https://openalex.org/A5009433206,50,2
https://openalex.org/A5011195801,50,2
https://openalex.org/A5014099665,50,2
https://openalex.org/A5015990906,50,2
https://openalex.org/A5016210398,50,2
https://openalex.org/A5022564808,50,2
https://openalex.org/A5024305277,50,2
https://openalex.org/A5026846470,50,2
https://openalex.org/A5026868319,50,2
https://openalex.org/A5033608655,50,2
https://openalex.org/A5035142284,50,2
https://openalex.org/A5040148096,50,2
https://openalex.org/A5042972300,50,2
https://openalex.org/A5043008399,50,2
https://openalex.org/A5049697836,50,2
https://openalex.org/A5053191233,50,2
https://openalex.org/A5056839866,50,2
https://openalex.org/A5057083249,50,2
https://openalex.org/A5061282531,50,2
https://openalex.org/A5061473751,50,2
https://openalex.org/A5066370550,50,2
https://openalex.org/A5068563755,50,2
https://openalex.org/A5073057328,50,2
https://openalex.org/A5073842707,50,2
https://openalex.org/A5075646992,50,2
https://openalex.org/A5077219012,50,2
https://openalex.org/A5083735555,50,2
https://openalex.org/A5086901708,50,2
https://openalex.org/A5087656975,50,2
https://openalex.org/A5088662762,50,2
https://openalex.org/A5090478201,50,2
https://openalex.org/A5091081027,50,2
https://openalex.org/A5095787372,50,2
https://openalex.org/A5100329427,50,2
https://openalex.org/A5100452578,50,2
https://openalex.org/A5101533934,50,2
https://openalex.org/A5101542227,50,2
https://openalex.org/A5101621642,50,2
https://openalex.org/A5101799184,50,2
https://openalex.org/A5101887140,50,2
https://openalex.org/A5101928834,50,2
https://openalex.org/A5102921433,50,2
https://openalex.org/A5108481942,50,2
https://openalex.org/A5111800212,50,2
https://openalex.org/A5112892746,50,2
https://openalex.org/A5113532480,50,2
https://openalex.org/A5013273415,50,1
https://openalex.org/A5017904445,50,1
https://openalex.org/A5018267527,50,1
https://openalex.org/A5022429291,50,1
https://openalex.org/A5023887452,50,1
https://openalex.org/A5031051739,50,1
https://openalex.org/A5032731519,50,1
https://openalex.org/A5036055768,50,1
https://openalex.org/A5036755999,50,1
https://openalex.org/A5043091646,50,1
https://openalex.org/A5051832757,50,1
https://openalex.org/A5053025298,50,1
https://openalex.org/A5054774293,50,1
https://openalex.org/A5059930673,50,1
https://openalex.org/A5061681740,50,1
https://openalex.org/A5080225999,50,1
https://openalex.org/A5102385469,50,1
https://openalex.org/A5111351685,50,1
https://openalex.org/A5064753440,51,96
https://openalex.org/A5026111773,51,57
https://openalex.org/A5019959788,51,44
https://openalex.org/A5049679668,51,23
https://openalex.org/A5073459923,51,23
https://openalex.org/A5063065481,51,22
https://openalex.org/A5027031870,51,20
https://openalex.org/A5023997241,51,19
https://openalex.org/A5042478758,51,17
https://openalex.org/A5090414446,51,16
https://openalex.org/A5013062869,51,15
https://openalex.org/A5063000364,51,15
https://openalex.org/A5070497645,51,15
https://openalex.org/A5088507100,51,15
https://openalex.org/A5021121454,51,14
https://openalex.org/A5062211540,51,14
https://openalex.org/A5002312975,51,13
https://openalex.org/A5078721850,51,13
https://openalex.org/A5079861829,51,13
https://openalex.org/A5080269973,51,13
https://openalex.org/A5091072279,51,13
https://openalex.org/A5027112658,51,12
https://openalex.org/A5091389236,51,12
https://openalex.org/A5009478901,51,11
https://openalex.org/A5023775697,51,11
https://openalex.org/A5033827593,51,11
https://openalex.org/A5005003544,51,10
https://openalex.org/A5033103353,51,10
https://openalex.org/A5083078877,51,10
https://openalex.org/A5089041260,51,10
https://openalex.org/A5091065215,51,10
https://openalex.org/A5011711173,51,9
https://openalex.org/A5024822959,51,9
https://openalex.org/A5026962678,51,9
https://openalex.org/A5035328798,51,9
https://openalex.org/A5043042424,51,9
https://openalex.org/A5073970795,51,9
https://openalex.org/A5077079991,51,9
https://openalex.org/A5084560104,51,9
https://openalex.org/A5085310285,51,9
https://openalex.org/A5100341001,51,9
https://openalex.org/A5100707537,51,9
https://openalex.org/A5101734027,51,9
https://openalex.org/A5009481678,51,8
https://openalex.org/A5011368152,51,8
https://openalex.org/A5013262618,51,8
https://openalex.org/A5051780972,51,8
https://openalex.org/A5055420216,51,8
https://openalex.org/A5056559023,51,8
https://openalex.org/A5078402260,51,8
https://openalex.org/A5083303782,51,8
https://openalex.org/A5089767940,51,8
https://openalex.org/A5000146150,51,7
https://openalex.org/A5001354201,51,7
https://openalex.org/A5001578278,51,7
https://openalex.org/A5010108912,51,7
https://openalex.org/A5017447897,51,7
https://openalex.org/A5018918501,51,7
https://openalex.org/A5022748824,51,7
https://openalex.org/A5023365550,51,7
https://openalex.org/A5027057875,51,7
https://openalex.org/A5056738350,51,7
https://openalex.org/A5061483794,51,7
https://openalex.org/A5065387784,51,7
https://openalex.org/A5067534857,51,7
https://openalex.org/A5071349842,51,7
https://openalex.org/A5075777279,51,7
https://openalex.org/A5079255095,51,7
https://openalex.org/A5083554243,51,7
https://openalex.org/A5088778411,51,7
https://openalex.org/A5102032849,51,7
https://openalex.org/A5112014357,51,7
https://openalex.org/A5010424762,51,6
https://openalex.org/A5012310681,51,6
https://openalex.org/A5014063224,51,6
https://openalex.org/A5030688487,51,6
https://openalex.org/A5035519413,51,6
https://openalex.org/A5038271432,51,6
https://openalex.org/A5043661073,51,6
https://openalex.org/A5050163961,51,6
https://openalex.org/A5062502167,51,6
https://openalex.org/A5065511606,51,6
https://openalex.org/A5066556110,51,6
https://openalex.org/A5066924384,51,6
https://openalex.org/A5070713087,51,6
https://openalex.org/A5071232564,51,6
https://openalex.org/A5078257556,51,6
https://openalex.org/A5079008360,51,6
https://openalex.org/A5085605221,51,6
https://openalex.org/A5089434641,51,6
https://openalex.org/A5110195429,51,6
https://openalex.org/A5110935929,51,6
https://openalex.org/A5117412503,51,6
https://openalex.org/A5016569835,51,5
https://openalex.org/A5019749514,51,5
https://openalex.org/A5037853931,51,5
https://openalex.org/A5042853862,51,5
https://openalex.org/A5044782086,51,5
https://openalex.org/A5046321280,51,5
https://openalex.org/A5046944830,51,5
https://openalex.org/A5047334560,51,5
https://openalex.org/A5048230490,51,5
https://openalex.org/A5062069583,51,5
https://openalex.org/A5068074599,51,5
https://openalex.org/A5069469622,51,5
https://openalex.org/A5076335955,51,5
https://openalex.org/A5083899261,51,5
https://openalex.org/A5090224416,51,5
https://openalex.org/A5100317754,51,5
https://openalex.org/A5109521700,51,5
https://openalex.org/A5012564044,51,4
https://openalex.org/A5043070901,51,4
https://openalex.org/A5048274595,51,4
https://openalex.org/A5056778252,51,4
https://openalex.org/A5057792288,51,4
https://openalex.org/A5061666067,51,4
https://openalex.org/A5085572235,51,4
https://openalex.org/A5087216909,51,4
https://openalex.org/A5091826121,51,4
https://openalex.org/A5101486822,51,4
https://openalex.org/A5000127146,51,3
https://openalex.org/A5016098704,51,3
https://openalex.org/A5027529961,51,3
https://openalex.org/A5034076566,51,3
https://openalex.org/A5035714052,51,3
https://openalex.org/A5057570740,51,3
https://openalex.org/A5062858129,51,3
https://openalex.org/A5070422467,51,3
https://openalex.org/A5074080902,51,3
https://openalex.org/A5010758003,51,2
https://openalex.org/A5019148563,51,2
https://openalex.org/A5021024536,51,2
https://openalex.org/A5022713919,51,2
https://openalex.org/A5028631384,51,2
https://openalex.org/A5029191515,51,2
https://openalex.org/A5032860093,51,2
https://openalex.org/A5033536775,51,2
https://openalex.org/A5033548450,51,2
https://openalex.org/A5034292031,51,2
https://openalex.org/A5037549923,51,2
https://openalex.org/A5038599704,51,2
https://openalex.org/A5049920704,51,2
https://openalex.org/A5049969740,51,2
https://openalex.org/A5055398131,51,2
https://openalex.org/A5060975310,51,2
https://openalex.org/A5064805809,51,2
https://openalex.org/A5075273037,51,2
https://openalex.org/A5077845674,51,2
https://openalex.org/A5080229875,51,2
https://openalex.org/A5085352489,51,2
https://openalex.org/A5100429324,51,2
https://openalex.org/A5100458490,51,2
https://openalex.org/A5101569486,51,2
https://openalex.org/A5103573264,51,2
https://openalex.org/A5107844326,51,2
https://openalex.org/A5109269466,51,2
https://openalex.org/A5010652164,51,1
https://openalex.org/A5019007566,51,1
https://openalex.org/A5028488990,51,1
https://openalex.org/A5036378263,51,1
https://openalex.org/A5045317354,51,1
https://openalex.org/A5060484287,51,1
https://openalex.org/A5063587124,51,1
https://openalex.org/A5065686631,51,1
https://openalex.org/A5066491651,51,1
https://openalex.org/A5070991167,51,1
https://openalex.org/A5071818172,51,1
https://openalex.org/A5078903072,51,1
https://openalex.org/A5083730471,51,1
https://openalex.org/A5085178772,51,1
https://openalex.org/A5100614771,52,118
https://openalex.org/A5082051013,52,38
https://openalex.org/A5044134535,52,21
https://openalex.org/A5077461380,52,18
https://openalex.org/A5006522350,52,15
https://openalex.org/A5065170642,52,14
https://openalex.org/A5089509369,52,13
https://openalex.org/A5033020744,52,12
https://openalex.org/A5077408004,52,12
https://openalex.org/A5103454092,52,12
https://openalex.org/A5052496992,52,10
https://openalex.org/A5059176096,52,10
https://openalex.org/A5007027870,52,9
https://openalex.org/A5017171636,52,9
https://openalex.org/A5017304507,52,9
https://openalex.org/A5025126630,52,9
https://openalex.org/A5042000390,52,9
https://openalex.org/A5080435952,52,9
https://openalex.org/A5082868310,52,9
https://openalex.org/A5000296849,52,8
https://openalex.org/A5002177974,52,8
https://openalex.org/A5008552631,52,8
https://openalex.org/A5025363657,52,8
https://openalex.org/A5025877685,52,8
https://openalex.org/A5027182463,52,8
https://openalex.org/A5034266471,52,8
https://openalex.org/A5035542400,52,8
https://openalex.org/A5036388757,52,8
https://openalex.org/A5037186092,52,8
https://openalex.org/A5044082424,52,8
https://openalex.org/A5044937445,52,8
https://openalex.org/A5048474203,52,8
https://openalex.org/A5053331185,52,8
https://openalex.org/A5055241782,52,8
https://openalex.org/A5055596127,52,8
https://openalex.org/A5067518918,52,8
https://openalex.org/A5068779654,52,8
https://openalex.org/A5068888219,52,8
https://openalex.org/A5069064883,52,8
https://openalex.org/A5074961334,52,8
https://openalex.org/A5078793105,52,8
https://openalex.org/A5081791258,52,8
https://openalex.org/A5090402848,52,8
https://openalex.org/A5091717122,52,8
https://openalex.org/A5101157703,52,8
https://openalex.org/A5108286973,52,8
https://openalex.org/A5110543724,52,8
https://openalex.org/A5000279397,52,7
https://openalex.org/A5000565252,52,7
https://openalex.org/A5007441917,52,7
https://openalex.org/A5021614029,52,7
https://openalex.org/A5028855387,52,7
https://openalex.org/A5040961656,52,7
https://openalex.org/A5043302459,52,7
https://openalex.org/A5048738092,52,7
https://openalex.org/A5055098296,52,7
https://openalex.org/A5055408921,52,7
https://openalex.org/A5055458864,52,7
https://openalex.org/A5074589295,52,7
https://openalex.org/A5078882971,52,7
https://openalex.org/A5079138797,52,7
https://openalex.org/A5082330169,52,7
https://openalex.org/A5085827289,52,7
https://openalex.org/A5087610555,52,7
https://openalex.org/A5091699676,52,7
https://openalex.org/A5003349012,52,6
https://openalex.org/A5008020873,52,6
https://openalex.org/A5009855289,52,6
https://openalex.org/A5012235511,52,6
https://openalex.org/A5014915594,52,6
https://openalex.org/A5028520339,52,6
https://openalex.org/A5031373506,52,6
https://openalex.org/A5039458635,52,6
https://openalex.org/A5053025446,52,6
https://openalex.org/A5059956184,52,6
https://openalex.org/A5067680840,52,6
https://openalex.org/A5069511670,52,6
https://openalex.org/A5084965878,52,6
https://openalex.org/A5087185292,52,6
https://openalex.org/A5088922374,52,6
https://openalex.org/A5103078566,52,6
https://openalex.org/A5000986617,52,5
https://openalex.org/A5007190695,52,5
https://openalex.org/A5032474439,52,5
https://openalex.org/A5037673913,52,5
https://openalex.org/A5039744327,52,5
https://openalex.org/A5040963321,52,5
https://openalex.org/A5046274853,52,5
https://openalex.org/A5047536976,52,5
https://openalex.org/A5048589267,52,5
https://openalex.org/A5049219115,52,5
https://openalex.org/A5050802117,52,5
https://openalex.org/A5054403907,52,5
https://openalex.org/A5059558209,52,5
https://openalex.org/A5067859578,52,5
https://openalex.org/A5071240318,52,5
https://openalex.org/A5074186003,52,5
https://openalex.org/A5075684684,52,5
https://openalex.org/A5077894738,52,5
https://openalex.org/A5078875177,52,5
https://openalex.org/A5090534884,52,5
https://openalex.org/A5101627056,52,5
https://openalex.org/A5105250338,52,5
https://openalex.org/A5112622634,52,5
https://openalex.org/A5001036145,52,4
https://openalex.org/A5002149616,52,4
https://openalex.org/A5002206195,52,4
https://openalex.org/A5004991084,52,4
https://openalex.org/A5012740004,52,4
https://openalex.org/A5015827046,52,4
https://openalex.org/A5017845683,52,4
https://openalex.org/A5023520933,52,4
https://openalex.org/A5026987376,52,4
https://openalex.org/A5027515475,52,4
https://openalex.org/A5032642772,52,4
https://openalex.org/A5034717510,52,4
https://openalex.org/A5035823220,52,4
https://openalex.org/A5039261859,52,4
https://openalex.org/A5040595491,52,4
https://openalex.org/A5041826900,52,4
https://openalex.org/A5050265566,52,4
https://openalex.org/A5050853060,52,4
https://openalex.org/A5068122712,52,4
https://openalex.org/A5068166269,52,4
https://openalex.org/A5070579609,52,4
https://openalex.org/A5075234993,52,4
https://openalex.org/A5075585997,52,4
https://openalex.org/A5081294629,52,4
https://openalex.org/A5082198202,52,4
https://openalex.org/A5084199984,52,4
https://openalex.org/A5085152777,52,4
https://openalex.org/A5088139575,52,4
https://openalex.org/A5101753148,52,4
https://openalex.org/A5102184136,52,4
https://openalex.org/A5107424393,52,4
https://openalex.org/A5112098673,52,4
https://openalex.org/A5010911306,52,3
https://openalex.org/A5016790135,52,3
https://openalex.org/A5024318463,52,3
https://openalex.org/A5036642357,52,3
https://openalex.org/A5063285518,52,3
https://openalex.org/A5074952273,52,3
https://openalex.org/A5075275684,52,3
https://openalex.org/A5082201590,52,3
https://openalex.org/A5087852179,52,3
https://openalex.org/A5096919349,52,3
https://openalex.org/A5108243102,52,3
https://openalex.org/A5006236471,52,2
https://openalex.org/A5006966951,52,2
https://openalex.org/A5015174174,52,2
https://openalex.org/A5015187503,52,2
https://openalex.org/A5027143823,52,2
https://openalex.org/A5052623979,52,2
https://openalex.org/A5068534337,52,2
https://openalex.org/A5090031283,52,2
https://openalex.org/A5105820950,52,2
https://openalex.org/A5111612956,52,2
https://openalex.org/A5010383765,52,1
https://openalex.org/A5029696783,52,1
https://openalex.org/A5069410791,52,1
https://openalex.org/A5101619735,53,113
https://openalex.org/A5054443473,53,32
https://openalex.org/A5057130762,53,31
https://openalex.org/A5014414626,53,26
https://openalex.org/A5020184638,53,22
https://openalex.org/A5061935473,53,20
https://openalex.org/A5073624805,53,19
https://openalex.org/A5015908653,53,18
https://openalex.org/A5090347814,53,17
https://openalex.org/A5087093169,53,16
https://openalex.org/A5073918042,53,14
https://openalex.org/A5044405214,53,12
https://openalex.org/A5054437207,53,12
https://openalex.org/A5058662444,53,12
https://openalex.org/A5083618878,53,12
https://openalex.org/A5005445295,53,11
https://openalex.org/A5026690582,53,11
https://openalex.org/A5062539159,53,11
https://openalex.org/A5000540315,53,10
https://openalex.org/A5009671657,53,10
https://openalex.org/A5066134818,53,10
https://openalex.org/A5014144494,53,9
https://openalex.org/A5046240607,53,9
https://openalex.org/A5063384241,53,9
https://openalex.org/A5000727550,53,8
https://openalex.org/A5021217850,53,8
https://openalex.org/A5030800334,53,8
https://openalex.org/A5041295356,53,8
https://openalex.org/A5044061507,53,8
https://openalex.org/A5051911883,53,8
https://openalex.org/A5053498662,53,8
https://openalex.org/A5053698756,53,8
https://openalex.org/A5070508803,53,8
https://openalex.org/A5085040644,53,8
https://openalex.org/A5109581831,53,8
https://openalex.org/A5111980876,53,8
https://openalex.org/A5112552005,53,8
https://openalex.org/A5008239821,53,7
https://openalex.org/A5010004183,53,7
https://openalex.org/A5010354621,53,7
https://openalex.org/A5011888340,53,7
https://openalex.org/A5012751147,53,7
https://openalex.org/A5013127739,53,7
https://openalex.org/A5035408699,53,7
https://openalex.org/A5042201428,53,7
https://openalex.org/A5049530601,53,7
https://openalex.org/A5052733136,53,7
https://openalex.org/A5075156474,53,7
https://openalex.org/A5087446167,53,7
https://openalex.org/A5088495681,53,7
https://openalex.org/A5089090103,53,7
https://openalex.org/A5090717732,53,7
https://openalex.org/A5101577181,53,7
https://openalex.org/A5113976165,53,7
https://openalex.org/A5000255099,53,6
https://openalex.org/A5001765180,53,6
https://openalex.org/A5007968883,53,6
https://openalex.org/A5008334003,53,6
https://openalex.org/A5008857585,53,6
https://openalex.org/A5009411364,53,6
https://openalex.org/A5012188317,53,6
https://openalex.org/A5018603639,53,6
https://openalex.org/A5025274219,53,6
https://openalex.org/A5026935526,53,6
https://openalex.org/A5031647966,53,6
https://openalex.org/A5032289941,53,6
https://openalex.org/A5041438833,53,6
https://openalex.org/A5055387600,53,6
https://openalex.org/A5075739523,53,6
https://openalex.org/A5081337679,53,6
https://openalex.org/A5087095414,53,6
https://openalex.org/A5087909997,53,6
https://openalex.org/A5088281553,53,6
https://openalex.org/A5100370463,53,6
https://openalex.org/A5102712008,53,6
https://openalex.org/A5108080157,53,6
https://openalex.org/A5108405049,53,6
https://openalex.org/A5013005956,53,5
https://openalex.org/A5016872125,53,5
https://openalex.org/A5020048243,53,5
https://openalex.org/A5022893850,53,5
https://openalex.org/A5023454896,53,5
https://openalex.org/A5025736898,53,5
https://openalex.org/A5032101210,53,5
https://openalex.org/A5033302750,53,5
https://openalex.org/A5037057145,53,5
https://openalex.org/A5041102462,53,5
https://openalex.org/A5043051301,53,5
https://openalex.org/A5049878919,53,5
https://openalex.org/A5054809346,53,5
https://openalex.org/A5057861443,53,5
https://openalex.org/A5059436814,53,5
https://openalex.org/A5065954171,53,5
https://openalex.org/A5066705076,53,5
https://openalex.org/A5066832631,53,5
https://openalex.org/A5073665341,53,5
https://openalex.org/A5074351098,53,5
https://openalex.org/A5076550772,53,5
https://openalex.org/A5079910160,53,5
https://openalex.org/A5102760392,53,5
https://openalex.org/A5000472771,53,4
https://openalex.org/A5003849297,53,4
https://openalex.org/A5008805433,53,4
https://openalex.org/A5009929754,53,4
https://openalex.org/A5010021475,53,4
https://openalex.org/A5010028928,53,4
https://openalex.org/A5010744032,53,4
https://openalex.org/A5011928112,53,4
https://openalex.org/A5024617531,53,4
https://openalex.org/A5026581727,53,4
https://openalex.org/A5031960793,53,4
https://openalex.org/A5046845423,53,4
https://openalex.org/A5050706599,53,4
https://openalex.org/A5052895585,53,4
https://openalex.org/A5055122066,53,4
https://openalex.org/A5058481406,53,4
https://openalex.org/A5073716536,53,4
https://openalex.org/A5077009005,53,4
https://openalex.org/A5096894765,53,4
https://openalex.org/A5100370501,53,4
https://openalex.org/A5103009659,53,4
https://openalex.org/A5107749676,53,4
https://openalex.org/A5107875500,53,4
https://openalex.org/A5000176873,53,3
https://openalex.org/A5001336099,53,3
https://openalex.org/A5002364032,53,3
https://openalex.org/A5007614437,53,3
https://openalex.org/A5007824982,53,3
https://openalex.org/A5011041473,53,3
https://openalex.org/A5018481044,53,3
https://openalex.org/A5018650090,53,3
https://openalex.org/A5018771243,53,3
https://openalex.org/A5021375348,53,3
https://openalex.org/A5025280215,53,3
https://openalex.org/A5028319250,53,3
https://openalex.org/A5030367033,53,3
https://openalex.org/A5031797939,53,3
https://openalex.org/A5032205387,53,3
https://openalex.org/A5033770290,53,3
https://openalex.org/A5033800956,53,3
https://openalex.org/A5039100845,53,3
https://openalex.org/A5041948230,53,3
https://openalex.org/A5042132852,53,3
https://openalex.org/A5046060326,53,3
https://openalex.org/A5049250339,53,3
https://openalex.org/A5056123845,53,3
https://openalex.org/A5063109888,53,3
https://openalex.org/A5067756486,53,3
https://openalex.org/A5074118213,53,3
https://openalex.org/A5084949286,53,3
https://openalex.org/A5091356505,53,3
https://openalex.org/A5091816459,53,3
https://openalex.org/A5002807680,53,2
https://openalex.org/A5048525166,53,2
https://openalex.org/A5048903816,53,2
https://openalex.org/A5084271173,53,2
https://openalex.org/A5088131608,53,2
https://openalex.org/A5088156925,53,1
https://openalex.org/A5028199267,54,86
https://openalex.org/A5048242428,54,63
https://openalex.org/A5085381543,54,28
https://openalex.org/A5069318507,54,20
https://openalex.org/A5059791481,54,17
https://openalex.org/A5061259049,54,15
https://openalex.org/A5107336409,54,14
https://openalex.org/A5012700233,54,13
https://openalex.org/A5033836626,54,12
https://openalex.org/A5051037471,54,12
https://openalex.org/A5012466363,54,11
https://openalex.org/A5073144432,54,11
https://openalex.org/A5030156297,54,10
https://openalex.org/A5047258772,54,10
https://openalex.org/A5053507275,54,10
https://openalex.org/A5005480898,54,9
https://openalex.org/A5023888505,54,9
https://openalex.org/A5077877685,54,9
https://openalex.org/A5082695430,54,9
https://openalex.org/A5084334220,54,9
https://openalex.org/A5006802898,54,8
https://openalex.org/A5032084844,54,8
https://openalex.org/A5037478723,54,8
https://openalex.org/A5050197307,54,8
https://openalex.org/A5052384558,54,8
https://openalex.org/A5057055772,54,8
https://openalex.org/A5059115258,54,8
https://openalex.org/A5067039699,54,8
https://openalex.org/A5076080834,54,8
https://openalex.org/A5079061096,54,8
https://openalex.org/A5080378844,54,8
https://openalex.org/A5080386049,54,8
https://openalex.org/A5085170826,54,8
https://openalex.org/A5010598070,54,7
https://openalex.org/A5010835736,54,7
https://openalex.org/A5020448299,54,7
https://openalex.org/A5023777290,54,7
https://openalex.org/A5026713530,54,7
https://openalex.org/A5039857841,54,7
https://openalex.org/A5040122774,54,7
https://openalex.org/A5048495808,54,7
https://openalex.org/A5056445515,54,7
https://openalex.org/A5068151393,54,7
https://openalex.org/A5080762339,54,7
https://openalex.org/A5083871697,54,7
https://openalex.org/A5088372600,54,7
https://openalex.org/A5090392266,54,7
https://openalex.org/A5103531895,54,7
https://openalex.org/A5110026700,54,7
https://openalex.org/A5002179303,54,6
https://openalex.org/A5003105208,54,6
https://openalex.org/A5003910683,54,6
https://openalex.org/A5005327084,54,6
https://openalex.org/A5005379925,54,6
https://openalex.org/A5011099878,54,6
https://openalex.org/A5011685548,54,6
https://openalex.org/A5013413681,54,6
https://openalex.org/A5014882803,54,6
https://openalex.org/A5015324834,54,6
https://openalex.org/A5023184918,54,6
https://openalex.org/A5023822672,54,6
https://openalex.org/A5031247224,54,6
https://openalex.org/A5041686911,54,6
https://openalex.org/A5043481866,54,6
https://openalex.org/A5044116923,54,6
https://openalex.org/A5049060662,54,6
https://openalex.org/A5082129219,54,6
https://openalex.org/A5086347272,54,6
https://openalex.org/A5088905602,54,6
https://openalex.org/A5089291987,54,6
https://openalex.org/A5110058369,54,6
https://openalex.org/A5002342124,54,5
https://openalex.org/A5009503917,54,5
https://openalex.org/A5014208684,54,5
https://openalex.org/A5016381589,54,5
https://openalex.org/A5020926812,54,5
https://openalex.org/A5022829190,54,5
https://openalex.org/A5024158283,54,5
https://openalex.org/A5025453249,54,5
https://openalex.org/A5026197656,54,5
https://openalex.org/A5033133332,54,5
https://openalex.org/A5039589242,54,5
https://openalex.org/A5042160644,54,5
https://openalex.org/A5049413149,54,5
https://openalex.org/A5050229329,54,5
https://openalex.org/A5052969593,54,5
https://openalex.org/A5054399837,54,5
https://openalex.org/A5054856925,54,5
https://openalex.org/A5065420003,54,5
https://openalex.org/A5066334308,54,5
https://openalex.org/A5069809553,54,5
https://openalex.org/A5084990413,54,5
https://openalex.org/A5090249034,54,5
https://openalex.org/A5108647900,54,5
https://openalex.org/A5000901378,54,4
https://openalex.org/A5008493596,54,4
https://openalex.org/A5011297003,54,4
https://openalex.org/A5014990117,54,4
https://openalex.org/A5015161823,54,4
https://openalex.org/A5020027053,54,4
https://openalex.org/A5020458999,54,4
https://openalex.org/A5022382977,54,4
https://openalex.org/A5024721718,54,4
https://openalex.org/A5027534117,54,4
https://openalex.org/A5038962095,54,4
https://openalex.org/A5047520105,54,4
https://openalex.org/A5057448537,54,4
https://openalex.org/A5059349487,54,4
https://openalex.org/A5059426738,54,4
https://openalex.org/A5060685958,54,4
https://openalex.org/A5061093399,54,4
https://openalex.org/A5062036078,54,4
https://openalex.org/A5069438031,54,4
https://openalex.org/A5072330860,54,4
https://openalex.org/A5101833006,54,4
https://openalex.org/A5108138196,54,4
https://openalex.org/A5001851982,54,3
https://openalex.org/A5003460844,54,3
https://openalex.org/A5007589696,54,3
https://openalex.org/A5007626084,54,3
https://openalex.org/A5011102356,54,3
https://openalex.org/A5014174189,54,3
https://openalex.org/A5028433393,54,3
https://openalex.org/A5029742003,54,3
https://openalex.org/A5042016465,54,3
https://openalex.org/A5047065171,54,3
https://openalex.org/A5050938374,54,3
https://openalex.org/A5052205909,54,3
https://openalex.org/A5055391576,54,3
https://openalex.org/A5057267466,54,3
https://openalex.org/A5058389100,54,3
https://openalex.org/A5074606098,54,3
https://openalex.org/A5080880938,54,3
https://openalex.org/A5091561757,54,3
https://openalex.org/A5091795085,54,3
https://openalex.org/A5091903521,54,3
https://openalex.org/A5112865513,54,3
https://openalex.org/A5015275837,54,2
https://openalex.org/A5016304930,54,2
https://openalex.org/A5017528933,54,2
https://openalex.org/A5026932095,54,2
https://openalex.org/A5035693846,54,2
https://openalex.org/A5047297638,54,2
https://openalex.org/A5055827434,54,2
https://openalex.org/A5062586638,54,2
https://openalex.org/A5065037204,54,2
https://openalex.org/A5066343667,54,2
https://openalex.org/A5071110363,54,2
https://openalex.org/A5073715876,54,2
https://openalex.org/A5088827201,54,2
https://openalex.org/A5092410157,54,2
https://openalex.org/A5080731595,55,66
https://openalex.org/A5045565551,55,51
https://openalex.org/A5084657226,55,51
https://openalex.org/A5084395089,55,47
https://openalex.org/A5054129638,55,21
https://openalex.org/A5070657345,55,16
https://openalex.org/A5087063362,55,16
https://openalex.org/A5043058773,55,13
https://openalex.org/A5068043486,55,13
https://openalex.org/A5071261828,55,13
https://openalex.org/A5086169451,55,13
https://openalex.org/A5036032919,55,12
https://openalex.org/A5035965521,55,11
https://openalex.org/A5069421706,55,11
https://openalex.org/A5112468935,55,11
https://openalex.org/A5052493481,55,10
https://openalex.org/A5057002364,55,10
https://openalex.org/A5029581933,55,9
https://openalex.org/A5035605036,55,9
https://openalex.org/A5042574965,55,9
https://openalex.org/A5055448715,55,9
https://openalex.org/A5019136836,55,8
https://openalex.org/A5023263538,55,8
https://openalex.org/A5025025481,55,8
https://openalex.org/A5027501074,55,8
https://openalex.org/A5031513518,55,8
https://openalex.org/A5041367906,55,8
https://openalex.org/A5042087263,55,8
https://openalex.org/A5042139086,55,8
https://openalex.org/A5044277583,55,8
https://openalex.org/A5052360531,55,8
https://openalex.org/A5053142361,55,8
https://openalex.org/A5063196702,55,8
https://openalex.org/A5076719311,55,8
https://openalex.org/A5084296874,55,8
https://openalex.org/A5084389120,55,8
https://openalex.org/A5089593888,55,8
https://openalex.org/A5090320835,55,8
https://openalex.org/A5090717624,55,8
https://openalex.org/A5112569034,55,8
https://openalex.org/A5006191066,55,7
https://openalex.org/A5010560919,55,7
https://openalex.org/A5011857931,55,7
https://openalex.org/A5015601396,55,7
https://openalex.org/A5020153026,55,7
https://openalex.org/A5031058903,55,7
https://openalex.org/A5039065189,55,7
https://openalex.org/A5039452695,55,7
https://openalex.org/A5045236780,55,7
https://openalex.org/A5053038005,55,7
https://openalex.org/A5061110232,55,7
https://openalex.org/A5069354285,55,7
https://openalex.org/A5084994165,55,7
https://openalex.org/A5089544677,55,7
https://openalex.org/A5101755142,55,7
https://openalex.org/A5001634795,55,6
https://openalex.org/A5011142751,55,6
https://openalex.org/A5047701011,55,6
https://openalex.org/A5062257690,55,6
https://openalex.org/A5066851728,55,6
https://openalex.org/A5081225515,55,6
https://openalex.org/A5086124843,55,6
https://openalex.org/A5003764201,55,5
https://openalex.org/A5014941374,55,5
https://openalex.org/A5016455363,55,5
https://openalex.org/A5018876909,55,5
https://openalex.org/A5018991792,55,5
https://openalex.org/A5031052753,55,5
https://openalex.org/A5033998677,55,5
https://openalex.org/A5037925657,55,5
https://openalex.org/A5038378351,55,5
https://openalex.org/A5044881481,55,5
https://openalex.org/A5046305810,55,5
https://openalex.org/A5046460105,55,5
https://openalex.org/A5048188317,55,5
https://openalex.org/A5056018651,55,5
https://openalex.org/A5063460972,55,5
https://openalex.org/A5066740407,55,5
https://openalex.org/A5081576873,55,5
https://openalex.org/A5083512259,55,5
https://openalex.org/A5086990639,55,5
https://openalex.org/A5091791631,55,5
https://openalex.org/A5100418485,55,5
https://openalex.org/A5102876101,55,5
https://openalex.org/A5105422045,55,5
https://openalex.org/A5019906371,55,4
https://openalex.org/A5020991141,55,4
https://openalex.org/A5025032637,55,4
https://openalex.org/A5041361121,55,4
https://openalex.org/A5050328019,55,4
https://openalex.org/A5069952976,55,4
https://openalex.org/A5100781430,55,4
https://openalex.org/A5112075243,55,4
https://openalex.org/A5002689104,55,3
https://openalex.org/A5009266404,55,3
https://openalex.org/A5011580452,55,3
https://openalex.org/A5024244034,55,3
https://openalex.org/A5026799813,55,3
https://openalex.org/A5035632114,55,3
https://openalex.org/A5035958229,55,3
https://openalex.org/A5038607906,55,3
https://openalex.org/A5040647986,55,3
https://openalex.org/A5041824944,55,3
https://openalex.org/A5043728035,55,3
https://openalex.org/A5046189945,55,3
https://openalex.org/A5047338645,55,3
https://openalex.org/A5054767879,55,3
https://openalex.org/A5055900838,55,3
https://openalex.org/A5062221607,55,3
https://openalex.org/A5064439579,55,3
https://openalex.org/A5074594063,55,3
https://openalex.org/A5074848625,55,3
https://openalex.org/A5077792493,55,3
https://openalex.org/A5100440767,55,3
https://openalex.org/A5100453403,55,3
https://openalex.org/A5100763915,55,3
https://openalex.org/A5101581955,55,3
https://openalex.org/A5101869105,55,3
https://openalex.org/A5103053954,55,3
https://openalex.org/A5110836110,55,3
https://openalex.org/A5112370375,55,3
https://openalex.org/A5113390748,55,3
https://openalex.org/A5114664511,55,3
https://openalex.org/A5002210584,55,2
https://openalex.org/A5009773291,55,2
https://openalex.org/A5023825669,55,2
https://openalex.org/A5025339765,55,2
https://openalex.org/A5025780942,55,2
https://openalex.org/A5036770354,55,2
https://openalex.org/A5039343489,55,2
https://openalex.org/A5043775533,55,2
https://openalex.org/A5053527293,55,2
https://openalex.org/A5057454258,55,2
https://openalex.org/A5062380101,55,2
https://openalex.org/A5073443117,55,2
https://openalex.org/A5073467527,55,2
https://openalex.org/A5079255958,55,2
https://openalex.org/A5080074366,55,2
https://openalex.org/A5084131470,55,2
https://openalex.org/A5087544022,55,2
https://openalex.org/A5101696376,55,2
https://openalex.org/A5024975916,55,1
https://openalex.org/A5058270794,55,1
https://openalex.org/A5061814880,55,1
https://openalex.org/A5083840626,55,1
https://openalex.org/A5100391883,56,139
https://openalex.org/A5038168956,56,18
https://openalex.org/A5058133767,56,15
https://openalex.org/A5072881675,56,15
https://openalex.org/A5011196998,56,11
https://openalex.org/A5030829818,56,11
https://openalex.org/A5086776252,56,11
https://openalex.org/A5022460580,56,10
https://openalex.org/A5075400467,56,10
https://openalex.org/A5101649138,56,10
https://openalex.org/A5101865836,56,10
https://openalex.org/A5101868492,56,10
https://openalex.org/A5110363615,56,10
https://openalex.org/A5006645872,56,8
https://openalex.org/A5009758158,56,8
https://openalex.org/A5010257279,56,8
https://openalex.org/A5010633102,56,8
https://openalex.org/A5011614759,56,8
https://openalex.org/A5017903471,56,8
https://openalex.org/A5019403112,56,8
https://openalex.org/A5022133632,56,8
https://openalex.org/A5022968122,56,8
https://openalex.org/A5028645403,56,8
https://openalex.org/A5037417558,56,8
https://openalex.org/A5037472655,56,8
https://openalex.org/A5045468213,56,8
https://openalex.org/A5045533156,56,8
https://openalex.org/A5045581422,56,8
https://openalex.org/A5049822346,56,8
https://openalex.org/A5050069144,56,8
https://openalex.org/A5058319850,56,8
https://openalex.org/A5059399581,56,8
https://openalex.org/A5065137309,56,8
https://openalex.org/A5065784569,56,8
https://openalex.org/A5067428583,56,8
https://openalex.org/A5077841026,56,8
https://openalex.org/A5081823893,56,8
https://openalex.org/A5081841624,56,8
https://openalex.org/A5085341589,56,8
https://openalex.org/A5085954415,56,8
https://openalex.org/A5089191285,56,8
https://openalex.org/A5089882978,56,8
https://openalex.org/A5100370096,56,8
https://openalex.org/A5100426869,56,8
https://openalex.org/A5100428453,56,8
https://openalex.org/A5100644382,56,8
https://openalex.org/A5101370124,56,8
https://openalex.org/A5101728450,56,8
https://openalex.org/A5101829266,56,8
https://openalex.org/A5101890828,56,8
https://openalex.org/A5102755296,56,8
https://openalex.org/A5103075603,56,8
https://openalex.org/A5110645820,56,8
https://openalex.org/A5111804582,56,8
https://openalex.org/A5006084992,56,7
https://openalex.org/A5024049310,56,7
https://openalex.org/A5029670229,56,7
https://openalex.org/A5057117298,56,7
https://openalex.org/A5058946642,56,7
https://openalex.org/A5062411921,56,7
https://openalex.org/A5070645924,56,7
https://openalex.org/A5077980244,56,7
https://openalex.org/A5082266396,56,7
https://openalex.org/A5090528336,56,7
https://openalex.org/A5100321143,56,7
https://openalex.org/A5100340298,56,7
https://openalex.org/A5100752789,56,7
https://openalex.org/A5101479114,56,7
https://openalex.org/A5101996828,56,7
https://openalex.org/A5102844025,56,7
https://openalex.org/A5103208965,56,7
https://openalex.org/A5107721315,56,7
https://openalex.org/A5108710298,56,7
https://openalex.org/A5109632517,56,7
https://openalex.org/A5112058166,56,7
https://openalex.org/A5112382559,56,7
https://openalex.org/A5112447292,56,7
https://openalex.org/A5112553929,56,7
https://openalex.org/A5001195081,56,6
https://openalex.org/A5011527657,56,6
https://openalex.org/A5017222045,56,6
https://openalex.org/A5034559313,56,6
https://openalex.org/A5045283741,56,6
https://openalex.org/A5047111096,56,6
https://openalex.org/A5048673037,56,6
https://openalex.org/A5060674538,56,6
https://openalex.org/A5064499683,56,6
https://openalex.org/A5064790387,56,6
https://openalex.org/A5100392459,56,6
https://openalex.org/A5100445614,56,6
https://openalex.org/A5101041714,56,6
https://openalex.org/A5101143768,56,6
https://openalex.org/A5101447176,56,6
https://openalex.org/A5101867613,56,6
https://openalex.org/A5101926681,56,6
https://openalex.org/A5101972876,56,6
https://openalex.org/A5108048267,56,6
https://openalex.org/A5109498000,56,6
https://openalex.org/A5110157573,56,6
https://openalex.org/A5110679800,56,6
https://openalex.org/A5112394063,56,6
https://openalex.org/A5005593740,56,5
https://openalex.org/A5006917382,56,5
https://openalex.org/A5010965332,56,5
https://openalex.org/A5017271060,56,5
https://openalex.org/A5022368263,56,5
https://openalex.org/A5022593632,56,5
https://openalex.org/A5044583393,56,5
https://openalex.org/A5066519780,56,5
https://openalex.org/A5072086960,56,5
https://openalex.org/A5100739135,56,5
https://openalex.org/A5000149877,56,4
https://openalex.org/A5002446664,56,4
https://openalex.org/A5004942310,56,4
https://openalex.org/A5008013188,56,4
https://openalex.org/A5024897573,56,4
https://openalex.org/A5055923288,56,4
https://openalex.org/A5081300110,56,4
https://openalex.org/A5100395656,56,4
https://openalex.org/A5101494832,56,4
https://openalex.org/A5102245591,56,4
https://openalex.org/A5105368816,56,4
https://openalex.org/A5111483585,56,4
https://openalex.org/A5003072458,56,3
https://openalex.org/A5012755873,56,3
https://openalex.org/A5023722126,56,3
https://openalex.org/A5035285523,56,3
https://openalex.org/A5043821126,56,3
https://openalex.org/A5055615701,56,3
https://openalex.org/A5067346294,56,3
https://openalex.org/A5088298396,56,3
https://openalex.org/A5091313286,56,3
https://openalex.org/A5100344683,56,3
https://openalex.org/A5100767256,56,3
https://openalex.org/A5103002574,56,3
https://openalex.org/A5108028340,56,3
https://openalex.org/A5108812639,56,3
https://openalex.org/A5050099873,56,2
https://openalex.org/A5066699252,56,2
https://openalex.org/A5115597183,56,1
https://openalex.org/A5007660810,57,86
https://openalex.org/A5100438640,57,39
https://openalex.org/A5000760201,57,15
https://openalex.org/A5009022113,57,15
https://openalex.org/A5059316847,57,13
https://openalex.org/A5100397455,57,10
https://openalex.org/A5101816559,57,9
https://openalex.org/A5023642574,57,8
https://openalex.org/A5032585553,57,8
https://openalex.org/A5041395656,57,8
https://openalex.org/A5044828294,57,8
https://openalex.org/A5064595932,57,8
https://openalex.org/A5086635152,57,8
https://openalex.org/A5100670785,57,8
https://openalex.org/A5101725914,57,8
https://openalex.org/A5101821625,57,8
https://openalex.org/A5109883748,57,8
https://openalex.org/A5000572264,57,7
https://openalex.org/A5011728585,57,7
https://openalex.org/A5021154665,57,7
https://openalex.org/A5028375194,57,7
https://openalex.org/A5030502588,57,7
https://openalex.org/A5031913953,57,7
https://openalex.org/A5034134051,57,7
https://openalex.org/A5036754641,57,7
https://openalex.org/A5041933576,57,7
https://openalex.org/A5043905446,57,7
https://openalex.org/A5044526783,57,7
https://openalex.org/A5055170617,57,7
https://openalex.org/A5075186043,57,7
https://openalex.org/A5077044863,57,7
https://openalex.org/A5082755310,57,7
https://openalex.org/A5088573125,57,7
https://openalex.org/A5100418421,57,7
https://openalex.org/A5100436302,57,7
https://openalex.org/A5100437574,57,7
https://openalex.org/A5100614655,57,7
https://openalex.org/A5100673570,57,7
https://openalex.org/A5103172494,57,7
https://openalex.org/A5007900794,57,6
https://openalex.org/A5021482484,57,6
https://openalex.org/A5054990285,57,6
https://openalex.org/A5060897112,57,6
https://openalex.org/A5079624858,57,6
https://openalex.org/A5081942609,57,6
https://openalex.org/A5100339366,57,6
https://openalex.org/A5103375740,57,6
https://openalex.org/A5014441644,57,5
https://openalex.org/A5019420770,57,5
https://openalex.org/A5033521909,57,5
https://openalex.org/A5086908814,57,5
https://openalex.org/A5087172737,57,5
https://openalex.org/A5087967253,57,5
https://openalex.org/A5096228396,57,5
https://openalex.org/A5097177185,57,5
https://openalex.org/A5109242169,57,5
https://openalex.org/A5008604020,57,4
https://openalex.org/A5019506647,57,4
https://openalex.org/A5019594513,57,4
https://openalex.org/A5042898718,57,4
https://openalex.org/A5046477124,57,4
https://openalex.org/A5049540379,57,4
https://openalex.org/A5049674716,57,4
https://openalex.org/A5050081082,57,4
https://openalex.org/A5066946946,57,4
https://openalex.org/A5100454632,57,4
https://openalex.org/A5118686519,57,4
https://openalex.org/A5001456718,57,3
https://openalex.org/A5002220814,57,3
https://openalex.org/A5005097707,57,3
https://openalex.org/A5007117877,57,3
https://openalex.org/A5008976984,57,3
https://openalex.org/A5009912542,57,3
https://openalex.org/A5022336802,57,3
https://openalex.org/A5024602618,57,3
https://openalex.org/A5026565198,57,3
https://openalex.org/A5028862728,57,3
https://openalex.org/A5035866275,57,3
https://openalex.org/A5042356208,57,3
https://openalex.org/A5046290029,57,3
https://openalex.org/A5063507098,57,3
https://openalex.org/A5069081079,57,3
https://openalex.org/A5069543287,57,3
https://openalex.org/A5069886918,57,3
https://openalex.org/A5071890322,57,3
https://openalex.org/A5074126350,57,3
https://openalex.org/A5076146838,57,3
https://openalex.org/A5076416983,57,3
https://openalex.org/A5086606633,57,3
https://openalex.org/A5100365667,57,3
https://openalex.org/A5100421454,57,3
https://openalex.org/A5102205112,57,3
https://openalex.org/A5103380323,57,3
https://openalex.org/A5110757801,57,3
https://openalex.org/A5110962912,57,3
https://openalex.org/A5111575928,57,3
https://openalex.org/A5111707634,57,3
https://openalex.org/A5001675931,57,2
https://openalex.org/A5002074457,57,2
https://openalex.org/A5002364065,57,2
https://openalex.org/A5002816081,57,2
https://openalex.org/A5010472990,57,2
https://openalex.org/A5012103285,57,2
https://openalex.org/A5014497026,57,2
https://openalex.org/A5016075036,57,2
https://openalex.org/A5018110549,57,2
https://openalex.org/A5018926212,57,2
https://openalex.org/A5019944599,57,2
https://openalex.org/A5019994565,57,2
https://openalex.org/A5024020828,57,2
https://openalex.org/A5030331604,57,2
https://openalex.org/A5033893808,57,2
https://openalex.org/A5035123767,57,2
https://openalex.org/A5036686063,57,2
https://openalex.org/A5039651669,57,2
https://openalex.org/A5044409107,57,2
https://openalex.org/A5056225941,57,2
https://openalex.org/A5057024015,57,2
https://openalex.org/A5060520833,57,2
https://openalex.org/A5061690540,57,2
https://openalex.org/A5064673291,57,2
https://openalex.org/A5066668701,57,2
https://openalex.org/A5066771005,57,2
https://openalex.org/A5069249363,57,2
https://openalex.org/A5070756197,57,2
https://openalex.org/A5073765015,57,2
https://openalex.org/A5078263133,57,2
https://openalex.org/A5079452621,57,2
https://openalex.org/A5083206942,57,2
https://openalex.org/A5085371578,57,2
https://openalex.org/A5100365785,57,2
https://openalex.org/A5100397026,57,2
https://openalex.org/A5102899772,57,2
https://openalex.org/A5111444987,57,2
https://openalex.org/A5112329251,57,2
https://openalex.org/A5018683729,57,1
https://openalex.org/A5020178140,57,1
https://openalex.org/A5032320330,57,1
https://openalex.org/A5076236865,57,1
https://openalex.org/A5100381775,57,1
https://openalex.org/A5048489384,58,56
https://openalex.org/A5022647373,58,36
https://openalex.org/A5071165327,58,29
https://openalex.org/A5044791875,58,21
https://openalex.org/A5066797937,58,20
https://openalex.org/A5071277793,58,17
https://openalex.org/A5101918345,58,15
https://openalex.org/A5038767359,58,14
https://openalex.org/A5047170063,58,14
https://openalex.org/A5100396549,58,13
https://openalex.org/A5101576789,58,13
https://openalex.org/A5083016192,58,12
https://openalex.org/A5100338946,58,12
https://openalex.org/A5101789180,58,12
https://openalex.org/A5108702510,58,12
https://openalex.org/A5009509602,58,10
https://openalex.org/A5018416042,58,10
https://openalex.org/A5058599995,58,10
https://openalex.org/A5100450363,58,10
https://openalex.org/A5101501404,58,10
https://openalex.org/A5008903626,58,9
https://openalex.org/A5027817900,58,9
https://openalex.org/A5070509406,58,9
https://openalex.org/A5100343699,58,9
https://openalex.org/A5100343991,58,9
https://openalex.org/A5100588560,58,9
https://openalex.org/A5100989551,58,9
https://openalex.org/A5103224637,58,9
https://openalex.org/A5000247005,58,8
https://openalex.org/A5005183857,58,8
https://openalex.org/A5005401414,58,8
https://openalex.org/A5015650919,58,8
https://openalex.org/A5018318168,58,8
https://openalex.org/A5032434723,58,8
https://openalex.org/A5061886795,58,8
https://openalex.org/A5100612383,58,8
https://openalex.org/A5101500385,58,8
https://openalex.org/A5101688218,58,8
https://openalex.org/A5101705698,58,8
https://openalex.org/A5101899073,58,8
https://openalex.org/A5113717838,58,8
https://openalex.org/A5001091754,58,7
https://openalex.org/A5006543313,58,7
https://openalex.org/A5031854980,58,7
https://openalex.org/A5032708386,58,7
https://openalex.org/A5052330265,58,7
https://openalex.org/A5075096194,58,7
https://openalex.org/A5100343712,58,7
https://openalex.org/A5100375072,58,7
https://openalex.org/A5100442480,58,7
https://openalex.org/A5103001077,58,7
https://openalex.org/A5019994221,58,6
https://openalex.org/A5029549576,58,6
https://openalex.org/A5032599155,58,6
https://openalex.org/A5044455276,58,6
https://openalex.org/A5057673735,58,6
https://openalex.org/A5059808320,58,6
https://openalex.org/A5059901053,58,6
https://openalex.org/A5100366557,58,6
https://openalex.org/A5100387858,58,6
https://openalex.org/A5101643613,58,6
https://openalex.org/A5103345105,58,6
https://openalex.org/A5109985132,58,6
https://openalex.org/A5029414400,58,5
https://openalex.org/A5067022874,58,5
https://openalex.org/A5084279065,58,5
https://openalex.org/A5089817713,58,5
https://openalex.org/A5100399382,58,5
https://openalex.org/A5100401931,58,5
https://openalex.org/A5101591885,58,5
https://openalex.org/A5101618097,58,5
https://openalex.org/A5001443156,58,4
https://openalex.org/A5005791318,58,4
https://openalex.org/A5008054196,58,4
https://openalex.org/A5018487116,58,4
https://openalex.org/A5043118539,58,4
https://openalex.org/A5047158713,58,4
https://openalex.org/A5053545206,58,4
https://openalex.org/A5068054004,58,4
https://openalex.org/A5068728111,58,4
https://openalex.org/A5073032005,58,4
https://openalex.org/A5085094109,58,4
https://openalex.org/A5086961457,58,4
https://openalex.org/A5101413852,58,4
https://openalex.org/A5101598836,58,4
https://openalex.org/A5101992274,58,4
https://openalex.org/A5103821645,58,4
https://openalex.org/A5108501726,58,4
https://openalex.org/A5108777050,58,4
https://openalex.org/A5110181940,58,4
https://openalex.org/A5111614684,58,4
https://openalex.org/A5113453852,58,4
https://openalex.org/A5000503111,58,3
https://openalex.org/A5006004429,58,3
https://openalex.org/A5009404792,58,3
https://openalex.org/A5009595631,58,3
https://openalex.org/A5011362394,58,3
https://openalex.org/A5011593037,58,3
https://openalex.org/A5015530142,58,3
https://openalex.org/A5017657132,58,3
https://openalex.org/A5022741709,58,3
https://openalex.org/A5023900447,58,3
https://openalex.org/A5030091327,58,3
https://openalex.org/A5033975637,58,3
https://openalex.org/A5035999480,58,3
https://openalex.org/A5037302466,58,3
https://openalex.org/A5041348628,58,3
https://openalex.org/A5059294163,58,3
https://openalex.org/A5062519505,58,3
https://openalex.org/A5067167924,58,3
https://openalex.org/A5068923033,58,3
https://openalex.org/A5069535917,58,3
https://openalex.org/A5074833805,58,3
https://openalex.org/A5077466042,58,3
https://openalex.org/A5085570783,58,3
https://openalex.org/A5088610746,58,3
https://openalex.org/A5100462282,58,3
https://openalex.org/A5100660111,58,3
https://openalex.org/A5101758635,58,3
https://openalex.org/A5109105509,58,3
https://openalex.org/A5019794833,58,2
https://openalex.org/A5043054935,58,2
https://openalex.org/A5043714597,58,2
https://openalex.org/A5044488413,58,2
https://openalex.org/A5057862674,58,2
https://openalex.org/A5068183135,58,2
https://openalex.org/A5081442372,58,2
https://openalex.org/A5082494492,58,2
https://openalex.org/A5100334227,58,2
https://openalex.org/A5100450379,58,2
https://openalex.org/A5101744399,58,2
https://openalex.org/A5101829031,58,2
https://openalex.org/A5112136659,58,2
https://openalex.org/A5025170656,58,1
https://openalex.org/A5050640367,58,1
https://openalex.org/A5102164178,58,1
https://openalex.org/A5113403217,58,1
https://openalex.org/A5021149437,59,60
https://openalex.org/A5002552451,59,34
https://openalex.org/A5033292535,59,29
https://openalex.org/A5004586123,59,24
https://openalex.org/A5086363222,59,22
https://openalex.org/A5027704924,59,17
https://openalex.org/A5002313052,59,14
https://openalex.org/A5090344349,59,14
https://openalex.org/A5004241791,59,13
https://openalex.org/A5044869014,59,13
https://openalex.org/A5061149639,59,13
https://openalex.org/A5069863019,59,13
https://openalex.org/A5029070812,59,12
https://openalex.org/A5060076841,59,11
https://openalex.org/A5010965658,59,10
https://openalex.org/A5021855815,59,10
https://openalex.org/A5060017986,59,10
https://openalex.org/A5064639395,59,10
https://openalex.org/A5085171787,59,10
https://openalex.org/A5101922153,59,10
https://openalex.org/A5030314914,59,9
https://openalex.org/A5066134003,59,9
https://openalex.org/A5000328392,59,8
https://openalex.org/A5018366090,59,8
https://openalex.org/A5023352739,59,8
https://openalex.org/A5025964385,59,8
https://openalex.org/A5031073752,59,8
https://openalex.org/A5033102254,59,8
https://openalex.org/A5034461951,59,8
https://openalex.org/A5043547719,59,8
https://openalex.org/A5046603178,59,8
https://openalex.org/A5048848949,59,8
https://openalex.org/A5061538116,59,8
https://openalex.org/A5073353610,59,8
https://openalex.org/A5076202886,59,8
https://openalex.org/A5080373011,59,8
https://openalex.org/A5087323975,59,8
https://openalex.org/A5089993377,59,8
https://openalex.org/A5102997734,59,8
https://openalex.org/A5110229073,59,8
https://openalex.org/A5110387399,59,8
https://openalex.org/A5017933929,59,7
https://openalex.org/A5033469136,59,7
https://openalex.org/A5038291686,59,7
https://openalex.org/A5043553655,59,7
https://openalex.org/A5044141050,59,7
https://openalex.org/A5045645419,59,7
https://openalex.org/A5054161290,59,7
https://openalex.org/A5065589916,59,7
https://openalex.org/A5069005091,59,7
https://openalex.org/A5069694002,59,7
https://openalex.org/A5081157298,59,7
https://openalex.org/A5081680455,59,7
https://openalex.org/A5087094984,59,7
https://openalex.org/A5110038394,59,7
https://openalex.org/A5111803680,59,7
https://openalex.org/A5009215209,59,6
https://openalex.org/A5026889215,59,6
https://openalex.org/A5030061325,59,6
https://openalex.org/A5030926947,59,6
https://openalex.org/A5038809130,59,6
https://openalex.org/A5061496762,59,6
https://openalex.org/A5084761801,59,6
https://openalex.org/A5088214753,59,6
https://openalex.org/A5110630247,59,6
https://openalex.org/A5000623418,59,5
https://openalex.org/A5004111659,59,5
https://openalex.org/A5004210561,59,5
https://openalex.org/A5012380809,59,5
https://openalex.org/A5012462876,59,5
https://openalex.org/A5017936645,59,5
https://openalex.org/A5027776523,59,5
https://openalex.org/A5030568071,59,5
https://openalex.org/A5032244749,59,5
https://openalex.org/A5033386971,59,5
https://openalex.org/A5035497939,59,5
https://openalex.org/A5036203240,59,5
https://openalex.org/A5043690564,59,5
https://openalex.org/A5046758077,59,5
https://openalex.org/A5050821926,59,5
https://openalex.org/A5053542550,59,5
https://openalex.org/A5056733404,59,5
https://openalex.org/A5065582624,59,5
https://openalex.org/A5074077216,59,5
https://openalex.org/A5076266322,59,5
https://openalex.org/A5077081191,59,5
https://openalex.org/A5082143191,59,5
https://openalex.org/A5084386545,59,5
https://openalex.org/A5087353138,59,5
https://openalex.org/A5088617245,59,5
https://openalex.org/A5090622431,59,5
https://openalex.org/A5103067013,59,5
https://openalex.org/A5113100649,59,5
https://openalex.org/A5009196227,59,4
https://openalex.org/A5010983070,59,4
https://openalex.org/A5011083460,59,4
https://openalex.org/A5012037101,59,4
https://openalex.org/A5018140018,59,4
https://openalex.org/A5019934565,59,4
https://openalex.org/A5041572125,59,4
https://openalex.org/A5042785247,59,4
https://openalex.org/A5045006378,59,4
https://openalex.org/A5050932427,59,4
https://openalex.org/A5060605052,59,4
https://openalex.org/A5063030564,59,4
https://openalex.org/A5067564397,59,4
https://openalex.org/A5073344037,59,4
https://openalex.org/A5073349248,59,4
https://openalex.org/A5074131796,59,4
https://openalex.org/A5086011533,59,4
https://openalex.org/A5110176412,59,4
https://openalex.org/A5003981635,59,3
https://openalex.org/A5039504459,59,3
https://openalex.org/A5045185513,59,3
https://openalex.org/A5089290761,59,3
https://openalex.org/A5023245720,59,2
https://openalex.org/A5035345504,59,2
https://openalex.org/A5040445619,59,2
https://openalex.org/A5064943705,59,2
https://openalex.org/A5070595519,59,2
https://openalex.org/A5074550171,59,2
https://openalex.org/A5087938125,59,2
https://openalex.org/A5112736692,59,2
https://openalex.org/A5100329996,60,119
https://openalex.org/A5009547049,60,15
https://openalex.org/A5051135031,60,10
https://openalex.org/A5054924162,60,7
https://openalex.org/A5068643571,60,7
https://openalex.org/A5069819917,60,7
https://openalex.org/A5073939560,60,7
https://openalex.org/A5100383248,60,7
https://openalex.org/A5100397919,60,7
https://openalex.org/A5101405953,60,7
https://openalex.org/A5012404748,60,6
https://openalex.org/A5028078232,60,6
https://openalex.org/A5054635153,60,6
https://openalex.org/A5065153972,60,6
https://openalex.org/A5067132635,60,6
https://openalex.org/A5073727998,60,6
https://openalex.org/A5076098034,60,6
https://openalex.org/A5079019171,60,6
https://openalex.org/A5082941882,60,6
https://openalex.org/A5084686610,60,6
https://openalex.org/A5100378148,60,6
https://openalex.org/A5100385022,60,6
https://openalex.org/A5100689729,60,6
https://openalex.org/A5100697936,60,6
https://openalex.org/A5110018547,60,6
https://openalex.org/A5113278428,60,6
https://openalex.org/A5001544065,60,5
https://openalex.org/A5003839315,60,5
https://openalex.org/A5004268854,60,5
https://openalex.org/A5009219220,60,5
https://openalex.org/A5010394520,60,5
https://openalex.org/A5013936034,60,5
https://openalex.org/A5018760067,60,5
https://openalex.org/A5028180730,60,5
https://openalex.org/A5029377640,60,5
https://openalex.org/A5030650754,60,5
https://openalex.org/A5031564316,60,5
https://openalex.org/A5039762463,60,5
https://openalex.org/A5043832976,60,5
https://openalex.org/A5045622792,60,5
https://openalex.org/A5049015446,60,5
https://openalex.org/A5052362530,60,5
https://openalex.org/A5053379196,60,5
https://openalex.org/A5065361283,60,5
https://openalex.org/A5069991076,60,5
https://openalex.org/A5070434985,60,5
https://openalex.org/A5073937337,60,5
https://openalex.org/A5081456725,60,5
https://openalex.org/A5085098941,60,5
https://openalex.org/A5090190539,60,5
https://openalex.org/A5090417160,60,5
https://openalex.org/A5100295843,60,5
https://openalex.org/A5100373745,60,5
https://openalex.org/A5100395296,60,5
https://openalex.org/A5100415108,60,5
https://openalex.org/A5101466867,60,5
https://openalex.org/A5101615825,60,5
https://openalex.org/A5101660137,60,5
https://openalex.org/A5103199933,60,5
https://openalex.org/A5103389035,60,5
https://openalex.org/A5103482715,60,5
https://openalex.org/A5106405771,60,5
https://openalex.org/A5001092730,60,4
https://openalex.org/A5011421741,60,4
https://openalex.org/A5014866889,60,4
https://openalex.org/A5024268798,60,4
https://openalex.org/A5026289466,60,4
https://openalex.org/A5032036023,60,4
https://openalex.org/A5034826082,60,4
https://openalex.org/A5045037642,60,4
https://openalex.org/A5048676331,60,4
https://openalex.org/A5058464695,60,4
https://openalex.org/A5060171073,60,4
https://openalex.org/A5064761338,60,4
https://openalex.org/A5074327976,60,4
https://openalex.org/A5075053630,60,4
https://openalex.org/A5077126830,60,4
https://openalex.org/A5078635761,60,4
https://openalex.org/A5100385986,60,4
https://openalex.org/A5100417272,60,4
https://openalex.org/A5102004622,60,4
https://openalex.org/A5109861718,60,4
https://openalex.org/A5110209527,60,4
https://openalex.org/A5110630509,60,4
https://openalex.org/A5113679731,60,4
https://openalex.org/A5003033820,60,3
https://openalex.org/A5009837987,60,3
https://openalex.org/A5010271530,60,3
https://openalex.org/A5010637524,60,3
https://openalex.org/A5013557597,60,3
https://openalex.org/A5015610663,60,3
https://openalex.org/A5026268405,60,3
https://openalex.org/A5037923361,60,3
https://openalex.org/A5039871179,60,3
https://openalex.org/A5043723934,60,3
https://openalex.org/A5045265337,60,3
https://openalex.org/A5061014732,60,3
https://openalex.org/A5070590431,60,3
https://openalex.org/A5073824970,60,3
https://openalex.org/A5081988533,60,3
https://openalex.org/A5087720231,60,3
https://openalex.org/A5100336661,60,3
https://openalex.org/A5100353463,60,3
https://openalex.org/A5100605742,60,3
https://openalex.org/A5101545725,60,3
https://openalex.org/A5103868745,60,3
https://openalex.org/A5108550461,60,3
https://openalex.org/A5108628689,60,3
https://openalex.org/A5110052525,60,3
https://openalex.org/A5013109690,60,2
https://openalex.org/A5016340912,60,2
https://openalex.org/A5016600046,60,2
https://openalex.org/A5053425115,60,2
https://openalex.org/A5080783101,60,2
https://openalex.org/A5101642914,60,2
https://openalex.org/A5102902654,60,2
https://openalex.org/A5107030496,60,2
https://openalex.org/A5112094170,60,2
https://openalex.org/A5059329724,60,1
https://openalex.org/A5088106447,60,1
https://openalex.org/A5101599971,60,1
https://openalex.org/A5078339613,61,117
https://openalex.org/A5071016611,61,13
https://openalex.org/A5013518229,61,11
https://openalex.org/A5014959077,61,11
https://openalex.org/A5023881736,61,11
https://openalex.org/A5066080641,61,10
https://openalex.org/A5003406386,61,9
https://openalex.org/A5060081511,61,9
https://openalex.org/A5006699796,61,8
https://openalex.org/A5025236189,61,8
https://openalex.org/A5042175906,61,8
https://openalex.org/A5082061504,61,8
https://openalex.org/A5102730412,61,8
https://openalex.org/A5103029989,61,8
https://openalex.org/A5003914268,61,7
https://openalex.org/A5032118477,61,7
https://openalex.org/A5057188011,61,7
https://openalex.org/A5100447306,61,7
https://openalex.org/A5100641353,61,7
https://openalex.org/A5025273212,61,6
https://openalex.org/A5058086185,61,6
https://openalex.org/A5071703563,61,6
https://openalex.org/A5100447258,61,6
https://openalex.org/A5102307938,61,6
https://openalex.org/A5110216705,61,6
https://openalex.org/A5005730180,61,5
https://openalex.org/A5023594320,61,5
https://openalex.org/A5024972825,61,5
https://openalex.org/A5041984758,61,5
https://openalex.org/A5049176069,61,5
https://openalex.org/A5066080136,61,5
https://openalex.org/A5066743613,61,5
https://openalex.org/A5069120567,61,5
https://openalex.org/A5074236306,61,5
https://openalex.org/A5079371452,61,5
https://openalex.org/A5089481900,61,5
https://openalex.org/A5100447267,61,5
https://openalex.org/A5101482723,61,5
https://openalex.org/A5110255637,61,5
https://openalex.org/A5110471094,61,5
https://openalex.org/A5023803809,61,4
https://openalex.org/A5023808567,61,4
https://openalex.org/A5030443013,61,4
https://openalex.org/A5037588696,61,4
https://openalex.org/A5037608396,61,4
https://openalex.org/A5043763111,61,4
https://openalex.org/A5047583476,61,4
https://openalex.org/A5053498988,61,4
https://openalex.org/A5053562090,61,4
https://openalex.org/A5056814723,61,4
https://openalex.org/A5064067007,61,4
https://openalex.org/A5071653402,61,4
https://openalex.org/A5074385772,61,4
https://openalex.org/A5074821339,61,4
https://openalex.org/A5081150292,61,4
https://openalex.org/A5084512321,61,4
https://openalex.org/A5085843145,61,4
https://openalex.org/A5090335927,61,4
https://openalex.org/A5091702284,61,4
https://openalex.org/A5100331867,61,4
https://openalex.org/A5100423435,61,4
https://openalex.org/A5107336010,61,4
https://openalex.org/A5113748101,61,4
https://openalex.org/A5005205473,61,3
https://openalex.org/A5006562415,61,3
https://openalex.org/A5013275602,61,3
https://openalex.org/A5021027776,61,3
https://openalex.org/A5027372866,61,3
https://openalex.org/A5033517290,61,3
https://openalex.org/A5036465932,61,3
https://openalex.org/A5039551760,61,3
https://openalex.org/A5040897143,61,3
https://openalex.org/A5050090286,61,3
https://openalex.org/A5051210293,61,3
https://openalex.org/A5052016167,61,3
https://openalex.org/A5054594335,61,3
https://openalex.org/A5055497309,61,3
https://openalex.org/A5055971695,61,3
https://openalex.org/A5061384202,61,3
https://openalex.org/A5063476801,61,3
https://openalex.org/A5063755667,61,3
https://openalex.org/A5067908322,61,3
https://openalex.org/A5068375456,61,3
https://openalex.org/A5084430723,61,3
https://openalex.org/A5085748205,61,3
https://openalex.org/A5086935389,61,3
https://openalex.org/A5088779625,61,3
https://openalex.org/A5089872124,61,3
https://openalex.org/A5091339574,61,3
https://openalex.org/A5096755794,61,3
https://openalex.org/A5103565327,61,3
https://openalex.org/A5104387391,61,3
https://openalex.org/A5113811564,61,3
https://openalex.org/A5000264005,61,2
https://openalex.org/A5001304441,61,2
https://openalex.org/A5001825447,61,2
https://openalex.org/A5002913960,61,2
https://openalex.org/A5006842525,61,2
https://openalex.org/A5014660689,61,2
https://openalex.org/A5025642242,61,2
https://openalex.org/A5031105317,61,2
https://openalex.org/A5033442948,61,2
https://openalex.org/A5033536742,61,2
https://openalex.org/A5035944153,61,2
https://openalex.org/A5041937385,61,2
https://openalex.org/A5047892479,61,2
https://openalex.org/A5051352214,61,2
https://openalex.org/A5053704103,61,2
https://openalex.org/A5054917616,61,2
https://openalex.org/A5073582155,61,2
https://openalex.org/A5085735041,61,2
https://openalex.org/A5086458557,61,2
https://openalex.org/A5087381995,61,2
https://openalex.org/A5089821166,61,2
https://openalex.org/A5091845847,61,2
https://openalex.org/A5092404213,61,2
https://openalex.org/A5104133010,61,2
https://openalex.org/A5012350200,61,1
https://openalex.org/A5030598614,61,1
https://openalex.org/A5087676774,62,114
https://openalex.org/A5012299025,62,18
https://openalex.org/A5044905864,62,18
https://openalex.org/A5054944358,62,13
https://openalex.org/A5082649615,62,11
https://openalex.org/A5103210268,62,11
https://openalex.org/A5016150825,62,10
https://openalex.org/A5027731513,62,10
https://openalex.org/A5083670815,62,9
https://openalex.org/A5003045863,62,8
https://openalex.org/A5010962560,62,8
https://openalex.org/A5012723133,62,8
https://openalex.org/A5013122512,62,8
https://openalex.org/A5016139323,62,8
https://openalex.org/A5024222363,62,8
https://openalex.org/A5034562138,62,8
https://openalex.org/A5035404974,62,8
https://openalex.org/A5045627721,62,8
https://openalex.org/A5061093749,62,8
https://openalex.org/A5061214307,62,8
https://openalex.org/A5063230893,62,8
https://openalex.org/A5065943691,62,8
https://openalex.org/A5066273713,62,8
https://openalex.org/A5073188354,62,8
https://openalex.org/A5080240473,62,8
https://openalex.org/A5090843869,62,8
https://openalex.org/A5015157796,62,7
https://openalex.org/A5016706227,62,7
https://openalex.org/A5030186036,62,7
https://openalex.org/A5032757647,62,7
https://openalex.org/A5041840417,62,7
https://openalex.org/A5051916889,62,7
https://openalex.org/A5055103720,62,7
https://openalex.org/A5059209345,62,7
https://openalex.org/A5066136263,62,7
https://openalex.org/A5066521198,62,7
https://openalex.org/A5069133930,62,7
https://openalex.org/A5086741338,62,7
https://openalex.org/A5093284669,62,7
https://openalex.org/A5102770809,62,7
https://openalex.org/A5111687811,62,7
https://openalex.org/A5000073913,62,6
https://openalex.org/A5009334866,62,6
https://openalex.org/A5010176677,62,6
https://openalex.org/A5013968002,62,6
https://openalex.org/A5025213473,62,6
https://openalex.org/A5025420882,62,6
https://openalex.org/A5028717151,62,6
https://openalex.org/A5033129735,62,6
https://openalex.org/A5040075859,62,6
https://openalex.org/A5041617107,62,6
https://openalex.org/A5047788775,62,6
https://openalex.org/A5053624939,62,6
https://openalex.org/A5063076373,62,6
https://openalex.org/A5065458845,62,6
https://openalex.org/A5083612388,62,6
https://openalex.org/A5101084133,62,6
https://openalex.org/A5101563325,62,6
https://openalex.org/A5006917518,62,5
https://openalex.org/A5009575217,62,5
https://openalex.org/A5011902450,62,5
https://openalex.org/A5013314077,62,5
https://openalex.org/A5017261612,62,5
https://openalex.org/A5021991829,62,5
https://openalex.org/A5029100601,62,5
https://openalex.org/A5040910666,62,5
https://openalex.org/A5045993852,62,5
https://openalex.org/A5048161060,62,5
https://openalex.org/A5051581150,62,5
https://openalex.org/A5053028437,62,5
https://openalex.org/A5060438170,62,5
https://openalex.org/A5065165873,62,5
https://openalex.org/A5066724636,62,5
https://openalex.org/A5080710355,62,5
https://openalex.org/A5083004971,62,5
https://openalex.org/A5048853190,62,4
https://openalex.org/A5057759577,62,4
https://openalex.org/A5065919229,62,4
https://openalex.org/A5070037437,62,4
https://openalex.org/A5081011424,62,4
https://openalex.org/A5087867166,62,4
https://openalex.org/A5090324792,62,4
https://openalex.org/A5001602233,62,3
https://openalex.org/A5002216290,62,3
https://openalex.org/A5004144164,62,3
https://openalex.org/A5013529647,62,3
https://openalex.org/A5018358562,62,3
https://openalex.org/A5024733849,62,3
https://openalex.org/A5036381525,62,3
https://openalex.org/A5062250052,62,3
https://openalex.org/A5071353629,62,3
https://openalex.org/A5077215098,62,3
https://openalex.org/A5103345085,62,3
https://openalex.org/A5006145578,62,2
https://openalex.org/A5011020333,62,2
https://openalex.org/A5024693390,62,2
https://openalex.org/A5030120162,62,2
https://openalex.org/A5043673851,62,2
https://openalex.org/A5048876954,62,2
https://openalex.org/A5068005793,62,2
https://openalex.org/A5071582618,62,2
https://openalex.org/A5075208287,62,2
https://openalex.org/A5090505140,62,2
https://openalex.org/A5090794474,62,2
https://openalex.org/A5109056901,62,2
https://openalex.org/A5109810384,62,2
https://openalex.org/A5008987451,62,1
https://openalex.org/A5013470616,62,1
https://openalex.org/A5038328386,62,1
https://openalex.org/A5067894471,62,1
https://openalex.org/A5087933735,62,1
https://openalex.org/A5109042299,62,1
https://openalex.org/A5032880777,63,104
https://openalex.org/A5004591309,63,16
https://openalex.org/A5011451938,63,10
https://openalex.org/A5017280751,63,10
https://openalex.org/A5033967398,63,10
https://openalex.org/A5059602241,63,10
https://openalex.org/A5060728653,63,10
https://openalex.org/A5083734796,63,10
https://openalex.org/A5089378322,63,10
https://openalex.org/A5000301881,63,9
https://openalex.org/A5068327429,63,9
https://openalex.org/A5078882374,63,9
https://openalex.org/A5081924790,63,9
https://openalex.org/A5005008571,63,8
https://openalex.org/A5014656654,63,8
https://openalex.org/A5028944693,63,8
https://openalex.org/A5030050325,63,8
https://openalex.org/A5047347587,63,8
https://openalex.org/A5047608893,63,8
https://openalex.org/A5063506824,63,8
https://openalex.org/A5075004698,63,8
https://openalex.org/A5075121395,63,8
https://openalex.org/A5078217449,63,8
https://openalex.org/A5083956059,63,8
https://openalex.org/A5089924496,63,8
https://openalex.org/A5006551023,63,7
https://openalex.org/A5007986539,63,7
https://openalex.org/A5008912771,63,7
https://openalex.org/A5019793174,63,7
https://openalex.org/A5025595136,63,7
https://openalex.org/A5028906907,63,7
https://openalex.org/A5062346673,63,7
https://openalex.org/A5071096192,63,7
https://openalex.org/A5083590073,63,7
https://openalex.org/A5086763256,63,7
https://openalex.org/A5105298355,63,7
https://openalex.org/A5107687114,63,7
https://openalex.org/A5111617959,63,7
https://openalex.org/A5013031947,63,6
https://openalex.org/A5023532259,63,6
https://openalex.org/A5027697110,63,6
https://openalex.org/A5029230229,63,6
https://openalex.org/A5038776015,63,6
https://openalex.org/A5043160837,63,6
https://openalex.org/A5044194965,63,6
https://openalex.org/A5070000043,63,6
https://openalex.org/A5112705380,63,6
https://openalex.org/A5000646126,63,5
https://openalex.org/A5001223332,63,5
https://openalex.org/A5003039475,63,5
https://openalex.org/A5011405857,63,5
https://openalex.org/A5020075573,63,5
https://openalex.org/A5021178994,63,5
https://openalex.org/A5035981031,63,5
https://openalex.org/A5047736191,63,5
https://openalex.org/A5054596281,63,5
https://openalex.org/A5055934160,63,5
https://openalex.org/A5062395446,63,5
https://openalex.org/A5066614476,63,5
https://openalex.org/A5071130304,63,5
https://openalex.org/A5077377497,63,5
https://openalex.org/A5081532246,63,5
https://openalex.org/A5103363442,63,5
https://openalex.org/A5108389850,63,5
https://openalex.org/A5112311039,63,5
https://openalex.org/A5002444517,63,4
https://openalex.org/A5004783830,63,4
https://openalex.org/A5016027106,63,4
https://openalex.org/A5021835234,63,4
https://openalex.org/A5026823311,63,4
https://openalex.org/A5030962566,63,4
https://openalex.org/A5031856457,63,4
https://openalex.org/A5037699503,63,4
https://openalex.org/A5037800313,63,4
https://openalex.org/A5056695349,63,4
https://openalex.org/A5056969349,63,4
https://openalex.org/A5062454489,63,4
https://openalex.org/A5063166816,63,4
https://openalex.org/A5068435142,63,4
https://openalex.org/A5073920872,63,4
https://openalex.org/A5082668343,63,4
https://openalex.org/A5091386196,63,4
https://openalex.org/A5102947562,63,4
https://openalex.org/A5103444153,63,4
https://openalex.org/A5109215085,63,4
https://openalex.org/A5110228996,63,4
https://openalex.org/A5006238545,63,3
https://openalex.org/A5011957342,63,3
https://openalex.org/A5026373669,63,3
https://openalex.org/A5029990766,63,3
https://openalex.org/A5033430255,63,3
https://openalex.org/A5035325999,63,3
https://openalex.org/A5037583749,63,3
https://openalex.org/A5043825905,63,3
https://openalex.org/A5070182368,63,3
https://openalex.org/A5079917171,63,3
https://openalex.org/A5089460888,63,3
https://openalex.org/A5089922953,63,3
https://openalex.org/A5108660159,63,3
https://openalex.org/A5112412162,63,3
https://openalex.org/A5036611681,63,2
https://openalex.org/A5033606815,63,1
https://openalex.org/A5089116461,63,1
https://openalex.org/A5058766860,64,90
https://openalex.org/A5049825776,64,18
https://openalex.org/A5060154016,64,17
https://openalex.org/A5077352940,64,17
https://openalex.org/A5046118984,64,14
https://openalex.org/A5079555394,64,14
https://openalex.org/A5030507508,64,12
https://openalex.org/A5064684956,64,12
https://openalex.org/A5051669538,64,11
https://openalex.org/A5072975158,64,11
https://openalex.org/A5048450590,64,10
https://openalex.org/A5019691052,64,9
https://openalex.org/A5102776834,64,9
https://openalex.org/A5015329709,64,8
https://openalex.org/A5025167426,64,8
https://openalex.org/A5091697030,64,8
https://openalex.org/A5009464945,64,7
https://openalex.org/A5039855831,64,7
https://openalex.org/A5059964334,64,7
https://openalex.org/A5070723837,64,7
https://openalex.org/A5070938922,64,7
https://openalex.org/A5007178893,64,6
https://openalex.org/A5013446399,64,6
https://openalex.org/A5069331214,64,6
https://openalex.org/A5077533023,64,6
https://openalex.org/A5113721167,64,6
https://openalex.org/A5011516935,64,5
https://openalex.org/A5013297671,64,5
https://openalex.org/A5014009860,64,5
https://openalex.org/A5014277098,64,5
https://openalex.org/A5030528441,64,5
https://openalex.org/A5034429615,64,5
https://openalex.org/A5037240738,64,5
https://openalex.org/A5042681430,64,5
https://openalex.org/A5047906043,64,5
https://openalex.org/A5052375983,64,5
https://openalex.org/A5063538015,64,5
https://openalex.org/A5070938629,64,5
https://openalex.org/A5071799112,64,5
https://openalex.org/A5081069751,64,5
https://openalex.org/A5081498239,64,5
https://openalex.org/A5015315362,64,4
https://openalex.org/A5015875245,64,4
https://openalex.org/A5031713186,64,4
https://openalex.org/A5037584411,64,4
https://openalex.org/A5040420866,64,4
https://openalex.org/A5041469889,64,4
https://openalex.org/A5044588139,64,4
https://openalex.org/A5050184121,64,4
https://openalex.org/A5052194625,64,4
https://openalex.org/A5052297892,64,4
https://openalex.org/A5052655645,64,4
https://openalex.org/A5064116834,64,4
https://openalex.org/A5069214977,64,4
https://openalex.org/A5086577597,64,4
https://openalex.org/A5086628158,64,4
https://openalex.org/A5000920709,64,3
https://openalex.org/A5016193698,64,3
https://openalex.org/A5016574993,64,3
https://openalex.org/A5018859851,64,3
https://openalex.org/A5023354412,64,3
https://openalex.org/A5025338294,64,3
https://openalex.org/A5027245301,64,3
https://openalex.org/A5038255257,64,3
https://openalex.org/A5044993745,64,3
https://openalex.org/A5066290777,64,3
https://openalex.org/A5070920605,64,3
https://openalex.org/A5077311965,64,3
https://openalex.org/A5083252784,64,3
https://openalex.org/A5013914867,64,2
https://openalex.org/A5015406329,64,2
https://openalex.org/A5019124129,64,2
https://openalex.org/A5029582518,64,2
https://openalex.org/A5030093695,64,2
https://openalex.org/A5030774474,64,2
https://openalex.org/A5031057991,64,2
https://openalex.org/A5034114913,64,2
https://openalex.org/A5036828317,64,2
https://openalex.org/A5037725094,64,2
https://openalex.org/A5037863474,64,2
https://openalex.org/A5046742223,64,2
https://openalex.org/A5047463332,64,2
https://openalex.org/A5057920673,64,2
https://openalex.org/A5060145801,64,2
https://openalex.org/A5063802235,64,2
https://openalex.org/A5065893633,64,2
https://openalex.org/A5067216808,64,2
https://openalex.org/A5070511120,64,2
https://openalex.org/A5070914891,64,2
https://openalex.org/A5078409999,64,2
https://openalex.org/A5081106289,64,2
https://openalex.org/A5100339955,64,2
https://openalex.org/A5100390992,64,2
https://openalex.org/A5103199821,64,2
https://openalex.org/A5110188584,64,2
https://openalex.org/A5111957985,64,2
https://openalex.org/A5005114376,64,1
https://openalex.org/A5016369540,64,1
https://openalex.org/A5023694350,64,1
https://openalex.org/A5040866045,64,1
https://openalex.org/A5087927144,64,1
https://openalex.org/A5090082938,64,1
https://openalex.org/A5074231430,65,47
https://openalex.org/A5005839111,65,25
https://openalex.org/A5015694492,65,16
https://openalex.org/A5084303908,65,16
https://openalex.org/A5013535058,65,10
https://openalex.org/A5019929427,65,10
https://openalex.org/A5007972350,65,9
https://openalex.org/A5050227043,65,8
https://openalex.org/A5072156055,65,8
https://openalex.org/A5082959254,65,8
https://openalex.org/A5103014066,65,8
https://openalex.org/A5049244872,65,7
https://openalex.org/A5055077517,65,7
https://openalex.org/A5068337122,65,7
https://openalex.org/A5069131278,65,7
https://openalex.org/A5074113175,65,7
https://openalex.org/A5077205254,65,7
https://openalex.org/A5010238855,65,6
https://openalex.org/A5010420590,65,6
https://openalex.org/A5019502803,65,6
https://openalex.org/A5019760823,65,6
https://openalex.org/A5025407846,65,6
https://openalex.org/A5039822591,65,6
https://openalex.org/A5042797356,65,6
https://openalex.org/A5043141743,65,6
https://openalex.org/A5049389261,65,6
https://openalex.org/A5050548130,65,6
https://openalex.org/A5054628350,65,6
https://openalex.org/A5064320699,65,6
https://openalex.org/A5064509477,65,6
https://openalex.org/A5066939601,65,6
https://openalex.org/A5092611955,65,6
https://openalex.org/A5012157362,65,5
https://openalex.org/A5027255606,65,5
https://openalex.org/A5034747876,65,5
https://openalex.org/A5039270995,65,5
https://openalex.org/A5082243099,65,5
https://openalex.org/A5083825587,65,5
https://openalex.org/A5091290098,65,5
https://openalex.org/A5016531386,65,4
https://openalex.org/A5018787265,65,4
https://openalex.org/A5026540957,65,4
https://openalex.org/A5040154732,65,4
https://openalex.org/A5042004201,65,4
https://openalex.org/A5044082589,65,4
https://openalex.org/A5057897356,65,4
https://openalex.org/A5058687055,65,4
https://openalex.org/A5069232327,65,4
https://openalex.org/A5070915255,65,4
https://openalex.org/A5072906532,65,4
https://openalex.org/A5073280788,65,4
https://openalex.org/A5110308081,65,4
https://openalex.org/A5110431471,65,4
https://openalex.org/A5000602483,65,3
https://openalex.org/A5016152627,65,3
https://openalex.org/A5027069866,65,3
https://openalex.org/A5032131186,65,3
https://openalex.org/A5044727983,65,3
https://openalex.org/A5045510685,65,3
https://openalex.org/A5047798578,65,3
https://openalex.org/A5051996438,65,3
https://openalex.org/A5052039567,65,3
https://openalex.org/A5061890573,65,3
https://openalex.org/A5069473136,65,3
https://openalex.org/A5069924634,65,3
https://openalex.org/A5078032253,65,3
https://openalex.org/A5078226000,65,3
https://openalex.org/A5103242780,65,3
https://openalex.org/A5107233245,65,3
https://openalex.org/A5000893383,65,2
https://openalex.org/A5001480581,65,2
https://openalex.org/A5008748624,65,2
https://openalex.org/A5013127864,65,2
https://openalex.org/A5015841321,65,2
https://openalex.org/A5019700762,65,2
https://openalex.org/A5019808661,65,2
https://openalex.org/A5021830443,65,2
https://openalex.org/A5024150741,65,2
https://openalex.org/A5028523139,65,2
https://openalex.org/A5033239099,65,2
https://openalex.org/A5038526337,65,2
https://openalex.org/A5042889844,65,2
https://openalex.org/A5042935655,65,2
https://openalex.org/A5054280481,65,2
https://openalex.org/A5060789831,65,2
https://openalex.org/A5064643701,65,2
https://openalex.org/A5068934345,65,2
https://openalex.org/A5075838112,65,2
https://openalex.org/A5101437231,65,2
https://openalex.org/A5017017044,65,1
https://openalex.org/A5024996172,65,1
https://openalex.org/A5052177492,65,1
https://openalex.org/A5057571225,65,1
https://openalex.org/A5069567619,65,1
https://openalex.org/A5073770089,65,1
https://openalex.org/A5111930412,65,1
https://openalex.org/A5084195072,66,57
https://openalex.org/A5073502448,66,36
https://openalex.org/A5028808219,66,14
https://openalex.org/A5006428406,66,11
https://openalex.org/A5035975032,66,11
https://openalex.org/A5014105994,66,8
https://openalex.org/A5016743867,66,8
https://openalex.org/A5053767623,66,8
https://openalex.org/A5072487691,66,8
https://openalex.org/A5075858960,66,8
https://openalex.org/A5076616089,66,8
https://openalex.org/A5100746122,66,8
https://openalex.org/A5026159346,66,7
https://openalex.org/A5100716709,66,7
https://openalex.org/A5000755272,66,6
https://openalex.org/A5002909072,66,6
https://openalex.org/A5037684556,66,6
https://openalex.org/A5042632989,66,6
https://openalex.org/A5048643825,66,6
https://openalex.org/A5063744940,66,6
https://openalex.org/A5067513315,66,6
https://openalex.org/A5075369384,66,6
https://openalex.org/A5075430722,66,6
https://openalex.org/A5077767228,66,6
https://openalex.org/A5083809384,66,6
https://openalex.org/A5100763752,66,6
https://openalex.org/A5111659252,66,6
https://openalex.org/A5112940094,66,6
https://openalex.org/A5005460332,66,5
https://openalex.org/A5005781859,66,5
https://openalex.org/A5029462628,66,5
https://openalex.org/A5066945233,66,5
https://openalex.org/A5067060462,66,5
https://openalex.org/A5073215248,66,5
https://openalex.org/A5075964389,66,5
https://openalex.org/A5080996343,66,5
https://openalex.org/A5100694244,66,5
https://openalex.org/A5119013551,66,5
https://openalex.org/A5001015496,66,4
https://openalex.org/A5012856784,66,4
https://openalex.org/A5052522246,66,4
https://openalex.org/A5082744381,66,4
https://openalex.org/A5001092236,66,3
https://openalex.org/A5006809419,66,3
https://openalex.org/A5008058057,66,3
https://openalex.org/A5008505665,66,3
https://openalex.org/A5010862157,66,3
https://openalex.org/A5017267579,66,3
https://openalex.org/A5017400736,66,3
https://openalex.org/A5019468812,66,3
https://openalex.org/A5020196585,66,3
https://openalex.org/A5022547510,66,3
https://openalex.org/A5024870077,66,3
https://openalex.org/A5025109528,66,3
https://openalex.org/A5026378128,66,3
https://openalex.org/A5026801494,66,3
https://openalex.org/A5029675390,66,3
https://openalex.org/A5039181995,66,3
https://openalex.org/A5045337799,66,3
https://openalex.org/A5047404065,66,3
https://openalex.org/A5048502967,66,3
https://openalex.org/A5049186755,66,3
https://openalex.org/A5051813406,66,3
https://openalex.org/A5056090184,66,3
https://openalex.org/A5060606905,66,3
https://openalex.org/A5069822917,66,3
https://openalex.org/A5071120027,66,3
https://openalex.org/A5071888959,66,3
https://openalex.org/A5072688259,66,3
https://openalex.org/A5073595520,66,3
https://openalex.org/A5076693618,66,3
https://openalex.org/A5076943367,66,3
https://openalex.org/A5081261896,66,3
https://openalex.org/A5086757045,66,3
https://openalex.org/A5100330832,66,3
https://openalex.org/A5102008962,66,3
https://openalex.org/A5109568051,66,3
https://openalex.org/A5006804592,66,2
https://openalex.org/A5012039309,66,2
https://openalex.org/A5023917386,66,2
https://openalex.org/A5031815201,66,2
https://openalex.org/A5047470452,66,2
https://openalex.org/A5054018928,66,2
https://openalex.org/A5056249008,66,2
https://openalex.org/A5075806177,66,2
https://openalex.org/A5089225689,66,2
https://openalex.org/A5100651510,66,2
https://openalex.org/A5101928530,66,2
https://openalex.org/A5021537779,66,1
https://openalex.org/A5043680494,66,1
https://openalex.org/A5062419212,66,1
https://openalex.org/A5077105787,66,1
https://openalex.org/A5078170178,66,1
https://openalex.org/A5101775799,66,1
https://openalex.org/A5064553018,67,62
https://openalex.org/A5003581663,67,26
https://openalex.org/A5056296020,67,26
https://openalex.org/A5008547992,67,16
https://openalex.org/A5101820638,67,16
https://openalex.org/A5030973642,67,14
https://openalex.org/A5013075653,67,12
https://openalex.org/A5008556334,67,11
https://openalex.org/A5004953425,67,10
https://openalex.org/A5040076942,67,10
https://openalex.org/A5046691048,67,10
https://openalex.org/A5076074691,67,10
https://openalex.org/A5091756384,67,10
https://openalex.org/A5112275730,67,9
https://openalex.org/A5018528133,67,8
https://openalex.org/A5019217908,67,8
https://openalex.org/A5022758187,67,8
https://openalex.org/A5030768211,67,8
https://openalex.org/A5035702185,67,8
https://openalex.org/A5037518220,67,8
https://openalex.org/A5056886170,67,8
https://openalex.org/A5058143836,67,8
https://openalex.org/A5110682123,67,8
https://openalex.org/A5020530646,67,7
https://openalex.org/A5038590383,67,7
https://openalex.org/A5062013058,67,7
https://openalex.org/A5062896285,67,7
https://openalex.org/A5063739828,67,7
https://openalex.org/A5074742250,67,7
https://openalex.org/A5081436755,67,7
https://openalex.org/A5056510473,67,6
https://openalex.org/A5058488234,67,6
https://openalex.org/A5062514747,67,6
https://openalex.org/A5073403497,67,6
https://openalex.org/A5010914606,67,5
https://openalex.org/A5012437779,67,5
https://openalex.org/A5013075716,67,5
https://openalex.org/A5021994242,67,5
https://openalex.org/A5026567140,67,5
https://openalex.org/A5053763560,67,5
https://openalex.org/A5054215767,67,5
https://openalex.org/A5055978090,67,5
https://openalex.org/A5067283098,67,5
https://openalex.org/A5067616468,67,5
https://openalex.org/A5075504072,67,5
https://openalex.org/A5076633629,67,5
https://openalex.org/A5080620663,67,5
https://openalex.org/A5084002137,67,5
https://openalex.org/A5085949536,67,5
https://openalex.org/A5091185289,67,5
https://openalex.org/A5091352825,67,5
https://openalex.org/A5000440246,67,4
https://openalex.org/A5014267939,67,4
https://openalex.org/A5028225369,67,4
https://openalex.org/A5036034260,67,4
https://openalex.org/A5045226141,67,4
https://openalex.org/A5064141423,67,4
https://openalex.org/A5070914351,67,4
https://openalex.org/A5076529863,67,4
https://openalex.org/A5100634607,67,4
https://openalex.org/A5109405214,67,4
https://openalex.org/A5001014862,67,3
https://openalex.org/A5012235313,67,3
https://openalex.org/A5016274134,67,3
https://openalex.org/A5017845604,67,3
https://openalex.org/A5019670283,67,3
https://openalex.org/A5032178561,67,3
https://openalex.org/A5043935524,67,3
https://openalex.org/A5057801018,67,3
https://openalex.org/A5060020155,67,3
https://openalex.org/A5062314479,67,3
https://openalex.org/A5066819797,67,3
https://openalex.org/A5073031892,67,3
https://openalex.org/A5075064110,67,3
https://openalex.org/A5078738729,67,3
https://openalex.org/A5086862924,67,3
https://openalex.org/A5088387460,67,3
https://openalex.org/A5088513386,67,3
https://openalex.org/A5091501252,67,3
https://openalex.org/A5102086176,67,3
https://openalex.org/A5103563254,67,3
https://openalex.org/A5109166532,67,3
https://openalex.org/A5009085801,67,2
https://openalex.org/A5010763256,67,2
https://openalex.org/A5010813153,67,2
https://openalex.org/A5026798942,67,2
https://openalex.org/A5035698786,67,2
https://openalex.org/A5044712567,67,2
https://openalex.org/A5059300941,67,2
https://openalex.org/A5067801628,67,2
https://openalex.org/A5090624529,67,2
https://openalex.org/A5111951033,67,2
https://openalex.org/A5016131956,67,1
https://openalex.org/A5034468528,68,80
https://openalex.org/A5025241331,68,14
https://openalex.org/A5078628299,68,14
https://openalex.org/A5023183404,68,9
https://openalex.org/A5025756610,68,9
https://openalex.org/A5034108921,68,9
https://openalex.org/A5065382337,68,9
https://openalex.org/A5070709298,68,9
https://openalex.org/A5082133511,68,9
https://openalex.org/A5101791346,68,9
https://openalex.org/A5012994685,68,8
https://openalex.org/A5020052399,68,8
https://openalex.org/A5024535380,68,8
https://openalex.org/A5073168232,68,8
https://openalex.org/A5077614137,68,8
https://openalex.org/A5113660697,68,8
https://openalex.org/A5015498341,68,7
https://openalex.org/A5026848084,68,7
https://openalex.org/A5036292744,68,7
https://openalex.org/A5043416150,68,7
https://openalex.org/A5068317251,68,7
https://openalex.org/A5076926739,68,7
https://openalex.org/A5080962480,68,7
https://openalex.org/A5086562134,68,7
https://openalex.org/A5091564903,68,7
https://openalex.org/A5011119246,68,6
https://openalex.org/A5018828867,68,6
https://openalex.org/A5056108178,68,6
https://openalex.org/A5063790438,68,6
https://openalex.org/A5001130163,68,5
https://openalex.org/A5005310080,68,5
https://openalex.org/A5011019907,68,5
https://openalex.org/A5018596092,68,5
https://openalex.org/A5026280184,68,5
https://openalex.org/A5031124926,68,5
https://openalex.org/A5032290858,68,5
https://openalex.org/A5035849938,68,5
https://openalex.org/A5037895834,68,5
https://openalex.org/A5041094757,68,5
https://openalex.org/A5046683404,68,5
https://openalex.org/A5046867690,68,5
https://openalex.org/A5048566788,68,5
https://openalex.org/A5050086882,68,5
https://openalex.org/A5067958710,68,5
https://openalex.org/A5088605918,68,5
https://openalex.org/A5006267610,68,4
https://openalex.org/A5029638799,68,4
https://openalex.org/A5037686857,68,4
https://openalex.org/A5039268440,68,4
https://openalex.org/A5045575221,68,4
https://openalex.org/A5050020236,68,4
https://openalex.org/A5051118305,68,4
https://openalex.org/A5061996710,68,4
https://openalex.org/A5072104308,68,4
https://openalex.org/A5075013614,68,4
https://openalex.org/A5075963224,68,4
https://openalex.org/A5085035611,68,4
https://openalex.org/A5105349764,68,4
https://openalex.org/A5108265093,68,4
https://openalex.org/A5002880106,68,3
https://openalex.org/A5003689393,68,3
https://openalex.org/A5008519762,68,3
https://openalex.org/A5012545447,68,3
https://openalex.org/A5019042403,68,3
https://openalex.org/A5029082546,68,3
https://openalex.org/A5034610085,68,3
https://openalex.org/A5043933405,68,3
https://openalex.org/A5044395803,68,3
https://openalex.org/A5047449859,68,3
https://openalex.org/A5055281228,68,3
https://openalex.org/A5064118152,68,3
https://openalex.org/A5071161877,68,3
https://openalex.org/A5081223790,68,3
https://openalex.org/A5000447323,68,2
https://openalex.org/A5006942960,68,2
https://openalex.org/A5008351293,68,2
https://openalex.org/A5008962443,68,2
https://openalex.org/A5023298828,68,2
https://openalex.org/A5042133506,68,2
https://openalex.org/A5049539014,68,2
https://openalex.org/A5051795176,68,2
https://openalex.org/A5058705054,68,2
https://openalex.org/A5062490981,68,2
https://openalex.org/A5077212850,68,2
https://openalex.org/A5083963466,68,2
https://openalex.org/A5087971127,68,2
https://openalex.org/A5102987323,68,2
https://openalex.org/A5109576174,68,2
https://openalex.org/A5039496781,68,1
https://openalex.org/A5084479945,68,1
https://openalex.org/A5101583585,68,1
https://openalex.org/A5053529497,69,41
https://openalex.org/A5059840085,69,33
https://openalex.org/A5053716315,69,25
https://openalex.org/A5031526995,69,22
https://openalex.org/A5073902328,69,13
https://openalex.org/A5018292103,69,12
https://openalex.org/A5025181475,69,12
https://openalex.org/A5074794877,69,12
https://openalex.org/A5032991538,69,10
https://openalex.org/A5066014869,69,10
https://openalex.org/A5067313793,69,10
https://openalex.org/A5014511140,69,9
https://openalex.org/A5102857785,69,9
https://openalex.org/A5019994365,69,8
https://openalex.org/A5048059617,69,8
https://openalex.org/A5050799053,69,8
https://openalex.org/A5069893226,69,8
https://openalex.org/A5074283953,69,8
https://openalex.org/A5080843521,69,8
https://openalex.org/A5082961171,69,8
https://openalex.org/A5007114681,69,7
https://openalex.org/A5038042011,69,7
https://openalex.org/A5050819882,69,7
https://openalex.org/A5001513750,69,6
https://openalex.org/A5015978684,69,6
https://openalex.org/A5043221474,69,6
https://openalex.org/A5065343641,69,6
https://openalex.org/A5077957689,69,6
https://openalex.org/A5087001717,69,6
https://openalex.org/A5113645718,69,6
https://openalex.org/A5009283581,69,5
https://openalex.org/A5037856158,69,5
https://openalex.org/A5038180260,69,5
https://openalex.org/A5041983344,69,5
https://openalex.org/A5045236736,69,5
https://openalex.org/A5076365908,69,5
https://openalex.org/A5076523912,69,5
https://openalex.org/A5088568711,69,5
https://openalex.org/A5103528801,69,5
https://openalex.org/A5014599143,69,4
https://openalex.org/A5018676117,69,4
https://openalex.org/A5020057874,69,4
https://openalex.org/A5022656662,69,4
https://openalex.org/A5036332244,69,4
https://openalex.org/A5038903729,69,4
https://openalex.org/A5048696924,69,4
https://openalex.org/A5050794507,69,4
https://openalex.org/A5057157831,69,4
https://openalex.org/A5058570459,69,4
https://openalex.org/A5065327084,69,4
https://openalex.org/A5079095273,69,4
https://openalex.org/A5082816752,69,4
https://openalex.org/A5087111784,69,4
https://openalex.org/A5087764117,69,4
https://openalex.org/A5103069574,69,4
https://openalex.org/A5108818675,69,4
https://openalex.org/A5023706408,69,3
https://openalex.org/A5024485762,69,3
https://openalex.org/A5037020748,69,3
https://openalex.org/A5043355670,69,3
https://openalex.org/A5044818236,69,3
https://openalex.org/A5052789848,69,3
https://openalex.org/A5067301270,69,3
https://openalex.org/A5072324004,69,3
https://openalex.org/A5081958083,69,3
https://openalex.org/A5082357240,69,3
https://openalex.org/A5007405944,69,2
https://openalex.org/A5022148961,69,2
https://openalex.org/A5026631837,69,2
https://openalex.org/A5032351358,69,2
https://openalex.org/A5036008436,69,2
https://openalex.org/A5042074952,69,2
https://openalex.org/A5047902859,69,2
https://openalex.org/A5051323783,69,2
https://openalex.org/A5068006788,69,2
https://openalex.org/A5074137374,69,2
https://openalex.org/A5108226984,69,2
https://openalex.org/A5109082386,69,2
https://openalex.org/A5109859967,69,2
https://openalex.org/A5005247397,69,1
https://openalex.org/A5022188410,69,1
https://openalex.org/A5026889164,69,1
https://openalex.org/A5034680608,69,1
https://openalex.org/A5085862479,69,1
https://openalex.org/A5066756066,70,71
https://openalex.org/A5074645479,70,33
https://openalex.org/A5007697149,70,10
https://openalex.org/A5027124439,70,9
https://openalex.org/A5039716498,70,7
https://openalex.org/A5047827615,70,7
https://openalex.org/A5049259722,70,7
https://openalex.org/A5075647751,70,7
https://openalex.org/A5078112922,70,7
https://openalex.org/A5010094006,70,6
https://openalex.org/A5016785133,70,6
https://openalex.org/A5043520582,70,6
https://openalex.org/A5049624750,70,6
https://openalex.org/A5058377858,70,6
https://openalex.org/A5090198360,70,6
https://openalex.org/A5013723473,70,5
https://openalex.org/A5023657845,70,5
https://openalex.org/A5023835476,70,5
https://openalex.org/A5026873442,70,5
https://openalex.org/A5042542694,70,5
https://openalex.org/A5043650939,70,5
https://openalex.org/A5054643754,70,5
https://openalex.org/A5059100610,70,5
https://openalex.org/A5067806762,70,5
https://openalex.org/A5069702331,70,5
https://openalex.org/A5072712347,70,5
https://openalex.org/A5073163964,70,5
https://openalex.org/A5086294946,70,5
https://openalex.org/A5086960455,70,5
https://openalex.org/A5110004806,70,5
https://openalex.org/A5009275325,70,4
https://openalex.org/A5009782240,70,4
https://openalex.org/A5027467000,70,4
https://openalex.org/A5048218964,70,4
https://openalex.org/A5058109847,70,4
https://openalex.org/A5059759006,70,4
https://openalex.org/A5059940694,70,4
https://openalex.org/A5075022002,70,4
https://openalex.org/A5085181159,70,4
https://openalex.org/A5011773691,70,3
https://openalex.org/A5013644406,70,3
https://openalex.org/A5052301458,70,3
https://openalex.org/A5053536116,70,3
https://openalex.org/A5056339988,70,3
https://openalex.org/A5060899857,70,3
https://openalex.org/A5065022263,70,3
https://openalex.org/A5069158514,70,3
https://openalex.org/A5076657750,70,3
https://openalex.org/A5079208483,70,3
https://openalex.org/A5085334707,70,3
https://openalex.org/A5091661944,70,3
https://openalex.org/A5109067387,70,3
https://openalex.org/A5012351904,70,2
https://openalex.org/A5012705197,70,2
https://openalex.org/A5030929146,70,2
https://openalex.org/A5034714982,70,2
https://openalex.org/A5038199341,70,2
https://openalex.org/A5040299869,70,2
https://openalex.org/A5040327619,70,2
https://openalex.org/A5047929392,70,2
https://openalex.org/A5052807442,70,2
https://openalex.org/A5055416007,70,2
https://openalex.org/A5055472943,70,2
https://openalex.org/A5058213722,70,2
https://openalex.org/A5062642565,70,2
https://openalex.org/A5066084329,70,2
https://openalex.org/A5069303169,70,2
https://openalex.org/A5070809975,70,2
https://openalex.org/A5072431554,70,2
https://openalex.org/A5075181626,70,2
https://openalex.org/A5075449623,70,2
https://openalex.org/A5079852837,70,2
https://openalex.org/A5079863517,70,2
https://openalex.org/A5083902647,70,2
https://openalex.org/A5084491752,70,2
https://openalex.org/A5101952885,70,2
https://openalex.org/A5104063715,70,2
https://openalex.org/A5107049450,70,2
https://openalex.org/A5109031375,70,2
https://openalex.org/A5111972319,70,2
https://openalex.org/A5112032031,70,2
https://openalex.org/A5006778720,70,1
https://openalex.org/A5017640722,70,1
https://openalex.org/A5089266346,70,1
https://openalex.org/A5009735497,71,78
https://openalex.org/A5035420634,71,17
https://openalex.org/A5000114720,71,8
https://openalex.org/A5003430305,71,8
https://openalex.org/A5004225567,71,8
https://openalex.org/A5007413782,71,8
https://openalex.org/A5009944969,71,8
https://openalex.org/A5012822963,71,8
https://openalex.org/A5015461261,71,8
https://openalex.org/A5016411627,71,8
https://openalex.org/A5035531287,71,8
https://openalex.org/A5035906684,71,8
https://openalex.org/A5038609350,71,8
https://openalex.org/A5042712738,71,8
https://openalex.org/A5048753406,71,8
https://openalex.org/A5051141507,71,8
https://openalex.org/A5055360397,71,8
https://openalex.org/A5057379795,71,8
https://openalex.org/A5057585481,71,8
https://openalex.org/A5058670587,71,8
https://openalex.org/A5058822996,71,8
https://openalex.org/A5058879415,71,8
https://openalex.org/A5068515709,71,8
https://openalex.org/A5070313847,71,8
https://openalex.org/A5080656951,71,8
https://openalex.org/A5080774483,71,8
https://openalex.org/A5082002252,71,8
https://openalex.org/A5086062766,71,8
https://openalex.org/A5087925207,71,8
https://openalex.org/A5100349404,71,8
https://openalex.org/A5101710899,71,8
https://openalex.org/A5105886790,71,8
https://openalex.org/A5110394620,71,8
https://openalex.org/A5110740338,71,8
https://openalex.org/A5111660486,71,8
https://openalex.org/A5011216396,71,7
https://openalex.org/A5015037168,71,6
https://openalex.org/A5015845592,71,6
https://openalex.org/A5016337875,71,6
https://openalex.org/A5038005820,71,6
https://openalex.org/A5053092315,71,6
https://openalex.org/A5111836418,71,6
https://openalex.org/A5112053549,71,6
https://openalex.org/A5112870904,71,6
https://openalex.org/A5113235576,71,6
https://openalex.org/A5000797093,71,5
https://openalex.org/A5003160392,71,5
https://openalex.org/A5037064641,71,5
https://openalex.org/A5040355266,71,5
https://openalex.org/A5040471062,71,5
https://openalex.org/A5041269404,71,5
https://openalex.org/A5053066721,71,5
https://openalex.org/A5089907871,71,5
https://openalex.org/A5113455317,71,5
https://openalex.org/A5004751576,71,4
https://openalex.org/A5019560674,71,4
https://openalex.org/A5039069990,71,4
https://openalex.org/A5039700640,71,4
https://openalex.org/A5042495463,71,4
https://openalex.org/A5058800016,71,4
https://openalex.org/A5066405251,71,4
https://openalex.org/A5070261499,71,4
https://openalex.org/A5083159520,71,4
https://openalex.org/A5083595394,71,4
https://openalex.org/A5110194307,71,4
https://openalex.org/A5110452659,71,4
https://openalex.org/A5111513196,71,4
https://openalex.org/A5006201777,71,3
https://openalex.org/A5012097906,71,3
https://openalex.org/A5038612232,71,3
https://openalex.org/A5040996289,71,3
https://openalex.org/A5054447629,71,3
https://openalex.org/A5002215194,71,2
https://openalex.org/A5020867762,71,2
https://openalex.org/A5041019746,71,2
https://openalex.org/A5052157334,71,2
https://openalex.org/A5082972264,71,2
https://openalex.org/A5008781110,71,1
https://openalex.org/A5103248586,71,1
https://openalex.org/A5055973075,72,57
https://openalex.org/A5058939619,72,22
https://openalex.org/A5002687471,72,13
https://openalex.org/A5038882105,72,12
https://openalex.org/A5031292616,72,10
https://openalex.org/A5004297349,72,8
https://openalex.org/A5059848519,72,8
https://openalex.org/A5052376000,72,7
https://openalex.org/A5064543023,72,7
https://openalex.org/A5088045488,72,7
https://openalex.org/A5006895620,72,6
https://openalex.org/A5018339380,72,6
https://openalex.org/A5029656020,72,6
https://openalex.org/A5051311987,72,6
https://openalex.org/A5057984557,72,6
https://openalex.org/A5066189343,72,6
https://openalex.org/A5091054007,72,6
https://openalex.org/A5009005848,72,5
https://openalex.org/A5021275543,72,5
https://openalex.org/A5023482604,72,5
https://openalex.org/A5024276156,72,5
https://openalex.org/A5028459743,72,5
https://openalex.org/A5029428595,72,5
https://openalex.org/A5038519060,72,5
https://openalex.org/A5046496918,72,5
https://openalex.org/A5048158777,72,5
https://openalex.org/A5050245548,72,5
https://openalex.org/A5050374890,72,5
https://openalex.org/A5054933332,72,5
https://openalex.org/A5056173029,72,5
https://openalex.org/A5057081817,72,5
https://openalex.org/A5057760462,72,5
https://openalex.org/A5064588407,72,5
https://openalex.org/A5066685076,72,5
https://openalex.org/A5068300336,72,5
https://openalex.org/A5070355726,72,5
https://openalex.org/A5071436837,72,5
https://openalex.org/A5076110269,72,5
https://openalex.org/A5081089674,72,5
https://openalex.org/A5082230054,72,5
https://openalex.org/A5082843098,72,5
https://openalex.org/A5082872358,72,5
https://openalex.org/A5086041177,72,5
https://openalex.org/A5086189297,72,5
https://openalex.org/A5087876427,72,5
https://openalex.org/A5088896426,72,5
https://openalex.org/A5100382756,72,5
https://openalex.org/A5100698498,72,5
https://openalex.org/A5101413310,72,5
https://openalex.org/A5003789787,72,4
https://openalex.org/A5012873860,72,4
https://openalex.org/A5018277917,72,4
https://openalex.org/A5025138176,72,4
https://openalex.org/A5033031393,72,4
https://openalex.org/A5050110483,72,4
https://openalex.org/A5053778607,72,4
https://openalex.org/A5061851070,72,4
https://openalex.org/A5065019171,72,4
https://openalex.org/A5065507959,72,4
https://openalex.org/A5078024435,72,4
https://openalex.org/A5087443143,72,4
https://openalex.org/A5110272957,72,4
https://openalex.org/A5111862709,72,4
https://openalex.org/A5005143928,72,3
https://openalex.org/A5007076880,72,3
https://openalex.org/A5037495797,72,3
https://openalex.org/A5087208637,72,3
https://openalex.org/A5025609075,72,2
https://openalex.org/A5056033374,72,2
https://openalex.org/A5001391171,72,1
https://openalex.org/A5004859694,72,1
https://openalex.org/A5011834068,72,1
https://openalex.org/A5032048031,72,1
https://openalex.org/A5052872938,72,1
https://openalex.org/A5075197295,72,1
https://openalex.org/A5101655847,72,1
https://openalex.org/A5109872130,72,1
https://openalex.org/A5026281078,73,42
https://openalex.org/A5100331317,73,33
https://openalex.org/A5069599551,73,29
https://openalex.org/A5049450439,73,8
https://openalex.org/A5022350737,73,7
https://openalex.org/A5028060521,73,7
https://openalex.org/A5031737333,73,7
https://openalex.org/A5041152182,73,7
https://openalex.org/A5073125119,73,7
https://openalex.org/A5080192610,73,7
https://openalex.org/A5100323093,73,7
https://openalex.org/A5100324956,73,7
https://openalex.org/A5100389781,73,7
https://openalex.org/A5100744557,73,7
https://openalex.org/A5108257882,73,7
https://openalex.org/A5029972713,73,6
https://openalex.org/A5073655449,73,6
https://openalex.org/A5085934487,73,6
https://openalex.org/A5100445438,73,6
https://openalex.org/A5100744181,73,6
https://openalex.org/A5101284841,73,6
https://openalex.org/A5101627322,73,6
https://openalex.org/A5102862420,73,6
https://openalex.org/A5002665813,73,5
https://openalex.org/A5003086993,73,5
https://openalex.org/A5006794997,73,5
https://openalex.org/A5008000385,73,5
https://openalex.org/A5010961050,73,5
https://openalex.org/A5011370392,73,5
https://openalex.org/A5012077885,73,5
https://openalex.org/A5014600681,73,5
https://openalex.org/A5023998373,73,5
https://openalex.org/A5028860231,73,5
https://openalex.org/A5031582601,73,5
https://openalex.org/A5033821100,73,5
https://openalex.org/A5036375604,73,5
https://openalex.org/A5051764038,73,5
https://openalex.org/A5064264058,73,5
https://openalex.org/A5064797335,73,5
https://openalex.org/A5073639629,73,5
https://openalex.org/A5074628027,73,5
https://openalex.org/A5075767125,73,5
https://openalex.org/A5087411449,73,5
https://openalex.org/A5088343755,73,5
https://openalex.org/A5091332748,73,5
https://openalex.org/A5095044481,73,5
https://openalex.org/A5100323114,73,5
https://openalex.org/A5100360441,73,5
https://openalex.org/A5100432093,73,5
https://openalex.org/A5102680736,73,5
https://openalex.org/A5107951642,73,5
https://openalex.org/A5108581763,73,5
https://openalex.org/A5007339824,73,4
https://openalex.org/A5015840937,73,4
https://openalex.org/A5021342191,73,4
https://openalex.org/A5026347224,73,4
https://openalex.org/A5035432973,73,4
https://openalex.org/A5055879127,73,4
https://openalex.org/A5055985771,73,4
https://openalex.org/A5067007132,73,4
https://openalex.org/A5083895593,73,4
https://openalex.org/A5100390239,73,4
https://openalex.org/A5100609866,73,4
https://openalex.org/A5100674593,73,4
https://openalex.org/A5101685087,73,4
https://openalex.org/A5013548180,73,3
https://openalex.org/A5050294351,73,3
https://openalex.org/A5050298410,73,3
https://openalex.org/A5076957892,73,3
https://openalex.org/A5100380042,73,3
https://openalex.org/A5100406337,73,3
https://openalex.org/A5100411516,73,3
https://openalex.org/A5100775831,73,3
https://openalex.org/A5109301085,73,3
https://openalex.org/A5101295890,73,2
https://openalex.org/A5014095574,74,73
https://openalex.org/A5103018958,74,20
https://openalex.org/A5007281012,74,13
https://openalex.org/A5073522388,74,13
https://openalex.org/A5016698079,74,11
https://openalex.org/A5007203332,74,10
https://openalex.org/A5021229277,74,10
https://openalex.org/A5034766478,74,10
https://openalex.org/A5066366817,74,10
https://openalex.org/A5013726350,74,7
https://openalex.org/A5014130337,74,7
https://openalex.org/A5024499767,74,7
https://openalex.org/A5026222981,74,7
https://openalex.org/A5027267780,74,7
https://openalex.org/A5030642352,74,7
https://openalex.org/A5034237513,74,7
https://openalex.org/A5043842735,74,7
https://openalex.org/A5055715379,74,7
https://openalex.org/A5068772833,74,7
https://openalex.org/A5072340367,74,7
https://openalex.org/A5079876824,74,7
https://openalex.org/A5081236727,74,7
https://openalex.org/A5083548133,74,7
https://openalex.org/A5001584728,74,6
https://openalex.org/A5002154370,74,6
https://openalex.org/A5024943908,74,6
https://openalex.org/A5025130397,74,6
https://openalex.org/A5029173225,74,6
https://openalex.org/A5042856036,74,6
https://openalex.org/A5056242781,74,6
https://openalex.org/A5059100468,74,6
https://openalex.org/A5069501183,74,6
https://openalex.org/A5004911308,74,5
https://openalex.org/A5019050549,74,5
https://openalex.org/A5020772658,74,5
https://openalex.org/A5026968101,74,5
https://openalex.org/A5035282463,74,5
https://openalex.org/A5037801745,74,5
https://openalex.org/A5037860952,74,5
https://openalex.org/A5039417884,74,5
https://openalex.org/A5060230946,74,5
https://openalex.org/A5085265585,74,5
https://openalex.org/A5103420301,74,5
https://openalex.org/A5009271925,74,4
https://openalex.org/A5009580723,74,4
https://openalex.org/A5009867031,74,4
https://openalex.org/A5012198223,74,4
https://openalex.org/A5017038224,74,4
https://openalex.org/A5018144999,74,4
https://openalex.org/A5036875819,74,4
https://openalex.org/A5040172690,74,4
https://openalex.org/A5040221322,74,4
https://openalex.org/A5045607037,74,4
https://openalex.org/A5081142534,74,4
https://openalex.org/A5081959100,74,4
https://openalex.org/A5102163623,74,4
https://openalex.org/A5110311620,74,4
https://openalex.org/A5113545403,74,4
https://openalex.org/A5019356992,74,3
https://openalex.org/A5035512185,74,3
https://openalex.org/A5037466690,74,3
https://openalex.org/A5041934563,74,3
https://openalex.org/A5043453079,74,3
https://openalex.org/A5066273291,74,3
https://openalex.org/A5085977081,74,3
https://openalex.org/A5090540335,74,3
https://openalex.org/A5007894346,74,2
https://openalex.org/A5039225979,74,2
https://openalex.org/A5043092642,74,2
https://openalex.org/A5044521974,74,2
https://openalex.org/A5061320401,74,2
https://openalex.org/A5070069840,74,2
https://openalex.org/A5074094635,74,2
https://openalex.org/A5067420138,74,1
https://openalex.org/A5065441417,75,72
https://openalex.org/A5031834098,75,21
https://openalex.org/A5046014044,75,20
https://openalex.org/A5085717731,75,17
https://openalex.org/A5078489506,75,12
https://openalex.org/A5075735203,75,11
https://openalex.org/A5044021585,75,10
https://openalex.org/A5053240953,75,10
https://openalex.org/A5064683530,75,10
https://openalex.org/A5070419330,75,10
https://openalex.org/A5069715854,75,9
https://openalex.org/A5050250822,75,8
https://openalex.org/A5057389361,75,8
https://openalex.org/A5066989785,75,8
https://openalex.org/A5070229046,75,8
https://openalex.org/A5000408018,75,7
https://openalex.org/A5003112344,75,7
https://openalex.org/A5008586077,75,7
https://openalex.org/A5010490290,75,7
https://openalex.org/A5016198416,75,7
https://openalex.org/A5051587217,75,7
https://openalex.org/A5073483894,75,7
https://openalex.org/A5074281996,75,7
https://openalex.org/A5087223421,75,7
https://openalex.org/A5100629712,75,7
https://openalex.org/A5101640031,75,7
https://openalex.org/A5108118849,75,7
https://openalex.org/A5000100329,75,6
https://openalex.org/A5012473250,75,6
https://openalex.org/A5021862004,75,6
https://openalex.org/A5023557891,75,6
https://openalex.org/A5027466213,75,6
https://openalex.org/A5028651788,75,6
https://openalex.org/A5029324319,75,6
https://openalex.org/A5037974362,75,6
https://openalex.org/A5038551389,75,6
https://openalex.org/A5046024802,75,6
https://openalex.org/A5050051352,75,6
https://openalex.org/A5051917172,75,6
https://openalex.org/A5057578473,75,6
https://openalex.org/A5058586939,75,6
https://openalex.org/A5059140736,75,6
https://openalex.org/A5061217467,75,6
https://openalex.org/A5067712734,75,6
https://openalex.org/A5084849539,75,6
https://openalex.org/A5086127905,75,6
https://openalex.org/A5112870105,75,6
https://openalex.org/A5009114084,75,5
https://openalex.org/A5014425850,75,5
https://openalex.org/A5022335287,75,5
https://openalex.org/A5024812055,75,5
https://openalex.org/A5025218580,75,5
https://openalex.org/A5035475292,75,5
https://openalex.org/A5045284572,75,5
https://openalex.org/A5046132243,75,5
https://openalex.org/A5049233616,75,5
https://openalex.org/A5053480593,75,5
https://openalex.org/A5062048875,75,5
https://openalex.org/A5062406099,75,5
https://openalex.org/A5066682675,75,5
https://openalex.org/A5074044378,75,5
https://openalex.org/A5075952219,75,5
https://openalex.org/A5078625962,75,5
https://openalex.org/A5106793524,75,5
https://openalex.org/A5015315292,75,4
https://openalex.org/A5055679621,75,4
https://openalex.org/A5059013717,75,3
https://openalex.org/A5066669589,75,3
https://openalex.org/A5068162496,75,2
https://openalex.org/A5069346030,75,2
https://openalex.org/A5075063030,75,2
https://openalex.org/A5108072328,75,2
https://openalex.org/A5005219721,76,51
https://openalex.org/A5059223686,76,36
https://openalex.org/A5019170728,76,19
https://openalex.org/A5083984537,76,9
https://openalex.org/A5020984062,76,8
https://openalex.org/A5048150723,76,8
https://openalex.org/A5012924619,76,7
https://openalex.org/A5015234492,76,7
https://openalex.org/A5034165277,76,7
https://openalex.org/A5037177256,76,7
https://openalex.org/A5042624882,76,7
https://openalex.org/A5064949711,76,7
https://openalex.org/A5079782200,76,7
https://openalex.org/A5085248982,76,7
https://openalex.org/A5005655605,76,6
https://openalex.org/A5054960661,76,6
https://openalex.org/A5004968843,76,5
https://openalex.org/A5008862185,76,5
https://openalex.org/A5020110509,76,5
https://openalex.org/A5021545379,76,5
https://openalex.org/A5022414084,76,5
https://openalex.org/A5024159880,76,5
https://openalex.org/A5071024446,76,5
https://openalex.org/A5074861019,76,5
https://openalex.org/A5084830170,76,5
https://openalex.org/A5088309672,76,5
https://openalex.org/A5103735190,76,5
https://openalex.org/A5003274400,76,4
https://openalex.org/A5004942120,76,4
https://openalex.org/A5005003721,76,4
https://openalex.org/A5010117081,76,4
https://openalex.org/A5012649497,76,4
https://openalex.org/A5012734631,76,4
https://openalex.org/A5018557029,76,4
https://openalex.org/A5023126841,76,4
https://openalex.org/A5029908055,76,4
https://openalex.org/A5052408339,76,4
https://openalex.org/A5054504357,76,4
https://openalex.org/A5072470453,76,4
https://openalex.org/A5073969102,76,4
https://openalex.org/A5080480199,76,4
https://openalex.org/A5002045770,76,3
https://openalex.org/A5017761046,76,3
https://openalex.org/A5019608860,76,3
https://openalex.org/A5020751085,76,3
https://openalex.org/A5026079157,76,3
https://openalex.org/A5036727717,76,3
https://openalex.org/A5038812282,76,3
https://openalex.org/A5055500980,76,3
https://openalex.org/A5064753002,76,3
https://openalex.org/A5071103909,76,3
https://openalex.org/A5084930921,76,3
https://openalex.org/A5087173676,76,3
https://openalex.org/A5102873231,76,3
https://openalex.org/A5004698572,76,2
https://openalex.org/A5006707960,76,2
https://openalex.org/A5032467032,76,2
https://openalex.org/A5032480831,76,2
https://openalex.org/A5043903842,76,2
https://openalex.org/A5058670333,76,2
https://openalex.org/A5072266097,76,2
https://openalex.org/A5080530108,76,2
https://openalex.org/A5089232269,76,2
https://openalex.org/A5022056137,76,1
https://openalex.org/A5031163192,76,1
https://openalex.org/A5055560312,76,1
https://openalex.org/A5055872152,76,1
https://openalex.org/A5075103059,76,1
https://openalex.org/A5080260493,76,1
https://openalex.org/A5110176802,76,1
https://openalex.org/A5073160298,77,68
https://openalex.org/A5012617613,77,25
https://openalex.org/A5026663035,77,16
https://openalex.org/A5007723142,77,15
https://openalex.org/A5051150698,77,15
https://openalex.org/A5071505888,77,14
https://openalex.org/A5022677001,77,13
https://openalex.org/A5076407927,77,13
https://openalex.org/A5025827730,77,12
https://openalex.org/A5041710955,77,12
https://openalex.org/A5004286609,77,10
https://openalex.org/A5003718905,77,8
https://openalex.org/A5005721369,77,8
https://openalex.org/A5006612413,77,8
https://openalex.org/A5013110004,77,8
https://openalex.org/A5015635960,77,8
https://openalex.org/A5020410609,77,8
https://openalex.org/A5022016648,77,8
https://openalex.org/A5022766355,77,8
https://openalex.org/A5024899825,77,8
https://openalex.org/A5026743197,77,8
https://openalex.org/A5027727331,77,8
https://openalex.org/A5030412254,77,8
https://openalex.org/A5033105206,77,8
https://openalex.org/A5037318400,77,8
https://openalex.org/A5040414600,77,8
https://openalex.org/A5041520512,77,8
https://openalex.org/A5054546320,77,8
https://openalex.org/A5056412290,77,8
https://openalex.org/A5061002857,77,8
https://openalex.org/A5061318078,77,8
https://openalex.org/A5079339532,77,8
https://openalex.org/A5091402515,77,8
https://openalex.org/A5107843743,77,8
https://openalex.org/A5026453543,77,7
https://openalex.org/A5030944836,77,7
https://openalex.org/A5030957627,77,7
https://openalex.org/A5046037706,77,7
https://openalex.org/A5059026800,77,7
https://openalex.org/A5068079978,77,7
https://openalex.org/A5070237580,77,7
https://openalex.org/A5070768761,77,7
https://openalex.org/A5078709190,77,7
https://openalex.org/A5086619190,77,7
https://openalex.org/A5088704695,77,7
https://openalex.org/A5103133633,77,7
https://openalex.org/A5011286833,77,6
https://openalex.org/A5012897166,77,6
https://openalex.org/A5015381319,77,6
https://openalex.org/A5022427519,77,6
https://openalex.org/A5027283866,77,6
https://openalex.org/A5061612572,77,6
https://openalex.org/A5072577224,77,6
https://openalex.org/A5078032548,77,6
https://openalex.org/A5102878410,77,6
https://openalex.org/A5110575074,77,6
https://openalex.org/A5001973886,77,5
https://openalex.org/A5026211852,77,5
https://openalex.org/A5057839679,77,5
https://openalex.org/A5082021760,77,5
https://openalex.org/A5084804046,77,5
https://openalex.org/A5113062365,77,5
https://openalex.org/A5073502352,77,4
https://openalex.org/A5004299189,77,3
https://openalex.org/A5008775883,77,3
https://openalex.org/A5025265533,77,3
https://openalex.org/A5072263795,77,3
https://openalex.org/A5107841227,77,3
https://openalex.org/A5110403243,77,3
https://openalex.org/A5072573663,78,40
https://openalex.org/A5050312988,78,21
https://openalex.org/A5006578976,78,20
https://openalex.org/A5013077462,78,12
https://openalex.org/A5061189564,78,12
https://openalex.org/A5081655818,78,12
https://openalex.org/A5047040699,78,10
https://openalex.org/A5003597161,78,7
https://openalex.org/A5006728485,78,6
https://openalex.org/A5022535380,78,6
https://openalex.org/A5025799922,78,6
https://openalex.org/A5031680408,78,6
https://openalex.org/A5038299246,78,6
https://openalex.org/A5021953169,78,5
https://openalex.org/A5035240592,78,5
https://openalex.org/A5043264208,78,5
https://openalex.org/A5049963078,78,5
https://openalex.org/A5055236691,78,5
https://openalex.org/A5057461487,78,5
https://openalex.org/A5069334537,78,5
https://openalex.org/A5076173508,78,5
https://openalex.org/A5081806727,78,5
https://openalex.org/A5101761266,78,5
https://openalex.org/A5001738947,78,4
https://openalex.org/A5019184613,78,4
https://openalex.org/A5033358542,78,4
https://openalex.org/A5044549130,78,4
https://openalex.org/A5050422997,78,4
https://openalex.org/A5065807417,78,4
https://openalex.org/A5069014291,78,4
https://openalex.org/A5078381594,78,4
https://openalex.org/A5082378545,78,4
https://openalex.org/A5083198941,78,4
https://openalex.org/A5101435735,78,4
https://openalex.org/A5101435737,78,4
https://openalex.org/A5102837855,78,4
https://openalex.org/A5109043973,78,4
https://openalex.org/A5017376589,78,3
https://openalex.org/A5021438838,78,3
https://openalex.org/A5022222146,78,3
https://openalex.org/A5036746220,78,3
https://openalex.org/A5048472410,78,3
https://openalex.org/A5076309222,78,3
https://openalex.org/A5077380740,78,3
https://openalex.org/A5082677079,78,3
https://openalex.org/A5083205167,78,3
https://openalex.org/A5084409217,78,3
https://openalex.org/A5085284883,78,3
https://openalex.org/A5112261912,78,3
https://openalex.org/A5004389036,78,2
https://openalex.org/A5008518136,78,2
https://openalex.org/A5032010255,78,2
https://openalex.org/A5035485110,78,2
https://openalex.org/A5040379921,78,2
https://openalex.org/A5054924664,78,2
https://openalex.org/A5055805856,78,2
https://openalex.org/A5069015922,78,2
https://openalex.org/A5101498606,78,2
https://openalex.org/A5103400476,78,2
https://openalex.org/A5006597987,78,1
https://openalex.org/A5014780995,78,1
https://openalex.org/A5016909522,78,1
https://openalex.org/A5021834932,78,1
https://openalex.org/A5041213119,78,1
https://openalex.org/A5043903168,78,1
https://openalex.org/A5055504444,78,1
https://openalex.org/A5062549354,78,1
https://openalex.org/A5082136045,78,1
https://openalex.org/A5006544879,79,66
https://openalex.org/A5043568051,79,12
https://openalex.org/A5004621727,79,11
https://openalex.org/A5047571787,79,11
https://openalex.org/A5076155064,79,11
https://openalex.org/A5041455009,79,10
https://openalex.org/A5084579929,79,10
https://openalex.org/A5017895600,79,9
https://openalex.org/A5025000366,79,8
https://openalex.org/A5029434542,79,8
https://openalex.org/A5029751310,79,8
https://openalex.org/A5053842809,79,8
https://openalex.org/A5065506724,79,8
https://openalex.org/A5066737390,79,8
https://openalex.org/A5078484082,79,8
https://openalex.org/A5082727055,79,8
https://openalex.org/A5089546888,79,8
https://openalex.org/A5101663200,79,8
https://openalex.org/A5102744140,79,8
https://openalex.org/A5112829871,79,8
https://openalex.org/A5029422918,79,7
https://openalex.org/A5032047014,79,7
https://openalex.org/A5045301164,79,7
https://openalex.org/A5054548391,79,7
https://openalex.org/A5058509287,79,7
https://openalex.org/A5083807422,79,7
https://openalex.org/A5090424415,79,6
https://openalex.org/A5100753632,79,6
https://openalex.org/A5101397681,79,6
https://openalex.org/A5101643031,79,6
https://openalex.org/A5102302462,79,6
https://openalex.org/A5028124076,79,5
https://openalex.org/A5028589638,79,5
https://openalex.org/A5031688991,79,5
https://openalex.org/A5074707470,79,5
https://openalex.org/A5088469315,79,5
https://openalex.org/A5000918605,79,4
https://openalex.org/A5008354350,79,4
https://openalex.org/A5018223778,79,4
https://openalex.org/A5024687141,79,4
https://openalex.org/A5054592987,79,4
https://openalex.org/A5064531344,79,4
https://openalex.org/A5084830716,79,4
https://openalex.org/A5089977003,79,4
https://openalex.org/A5091877209,79,4
https://openalex.org/A5101600603,79,4
https://openalex.org/A5005734215,79,3
https://openalex.org/A5032828031,79,3
https://openalex.org/A5035873159,79,3
https://openalex.org/A5046170136,79,3
https://openalex.org/A5090634145,79,3
https://openalex.org/A5092260727,79,3
https://openalex.org/A5010231117,79,2
https://openalex.org/A5017963705,79,2
https://openalex.org/A5020766563,79,2
https://openalex.org/A5022500018,79,2
https://openalex.org/A5036954216,79,2
https://openalex.org/A5043327600,79,2
https://openalex.org/A5044630150,79,2
https://openalex.org/A5052319099,79,2
https://openalex.org/A5059843269,79,2
https://openalex.org/A5063375859,79,2
https://openalex.org/A5081233825,79,2
https://openalex.org/A5101624234,79,2
https://openalex.org/A5003211911,79,1
https://openalex.org/A5030051093,79,1
https://openalex.org/A5057619540,79,1
https://openalex.org/A5036160733,80,30
https://openalex.org/A5084941645,80,21
https://openalex.org/A5005014512,80,15
https://openalex.org/A5007971195,80,11
https://openalex.org/A5059384947,80,9
https://openalex.org/A5038058992,80,8
https://openalex.org/A5017721287,80,6
https://openalex.org/A5081325281,80,6
https://openalex.org/A5101938656,80,6
https://openalex.org/A5022282556,80,5
https://openalex.org/A5066059925,80,5
https://openalex.org/A5101548095,80,5
https://openalex.org/A5101931903,80,5
https://openalex.org/A5078338783,80,4
https://openalex.org/A5080455354,80,4
https://openalex.org/A5081755162,80,4
https://openalex.org/A5100384061,80,4
https://openalex.org/A5101513609,80,4
https://openalex.org/A5001032619,80,3
https://openalex.org/A5002599061,80,3
https://openalex.org/A5009238196,80,3
https://openalex.org/A5014205445,80,3
https://openalex.org/A5015578628,80,3
https://openalex.org/A5025164286,80,3
https://openalex.org/A5029481588,80,3
https://openalex.org/A5050412598,80,3
https://openalex.org/A5062667342,80,3
https://openalex.org/A5066278638,80,3
https://openalex.org/A5081383559,80,3
https://openalex.org/A5085273588,80,3
https://openalex.org/A5085632653,80,3
https://openalex.org/A5100384058,80,3
https://openalex.org/A5100412968,80,3
https://openalex.org/A5100670666,80,3
https://openalex.org/A5006486389,80,2
https://openalex.org/A5015308652,80,2
https://openalex.org/A5019544727,80,2
https://openalex.org/A5022815514,80,2
https://openalex.org/A5036095476,80,2
https://openalex.org/A5039669366,80,2
https://openalex.org/A5047821281,80,2
https://openalex.org/A5049418864,80,2
https://openalex.org/A5053386022,80,2
https://openalex.org/A5056547443,80,2
https://openalex.org/A5066009054,80,2
https://openalex.org/A5073587735,80,2
https://openalex.org/A5077869464,80,2
https://openalex.org/A5083360643,80,2
https://openalex.org/A5084058906,80,2
https://openalex.org/A5100426802,80,2
https://openalex.org/A5100639725,80,2
https://openalex.org/A5100716634,80,2
https://openalex.org/A5101605566,80,2
https://openalex.org/A5102923331,80,2
https://openalex.org/A5103030574,80,2
https://openalex.org/A5114061170,80,2
https://openalex.org/A5010717982,80,1
https://openalex.org/A5019376975,80,1
https://openalex.org/A5021720416,80,1
https://openalex.org/A5027288844,80,1
https://openalex.org/A5068002676,80,1
https://openalex.org/A5068978955,80,1
https://openalex.org/A5102274082,80,1
https://openalex.org/A5102872067,80,1
https://openalex.org/A5103152893,80,1
https://openalex.org/A5111730816,80,1
https://openalex.org/A5100367775,81,62
https://openalex.org/A5061281514,81,28
https://openalex.org/A5080314324,81,22
https://openalex.org/A5047609237,81,15
https://openalex.org/A5087677175,81,14
https://openalex.org/A5069768215,81,11
https://openalex.org/A5009078675,81,9
https://openalex.org/A5028004464,81,9
https://openalex.org/A5009033289,81,8
https://openalex.org/A5019596771,81,8
https://openalex.org/A5029682425,81,8
https://openalex.org/A5046781770,81,8
https://openalex.org/A5052994834,81,8
https://openalex.org/A5064192521,81,8
https://openalex.org/A5101627615,81,8
https://openalex.org/A5101903015,81,8
https://openalex.org/A5005732309,81,7
https://openalex.org/A5011647852,81,7
https://openalex.org/A5017928775,81,7
https://openalex.org/A5018233362,81,7
https://openalex.org/A5018498910,81,7
https://openalex.org/A5029824991,81,7
https://openalex.org/A5041687645,81,7
https://openalex.org/A5045254797,81,7
https://openalex.org/A5049751022,81,7
https://openalex.org/A5050044011,81,7
https://openalex.org/A5054438489,81,7
https://openalex.org/A5056431233,81,7
https://openalex.org/A5063087580,81,7
https://openalex.org/A5078021876,81,7
https://openalex.org/A5079863301,81,7
https://openalex.org/A5100322847,81,7
https://openalex.org/A5100357141,81,7
https://openalex.org/A5100439585,81,7
https://openalex.org/A5100446655,81,7
https://openalex.org/A5100671214,81,7
https://openalex.org/A5100439651,81,6
https://openalex.org/A5100445061,81,6
https://openalex.org/A5106975777,81,6
https://openalex.org/A5018355035,81,5
https://openalex.org/A5060070534,81,5
https://openalex.org/A5068053090,81,5
https://openalex.org/A5082199239,81,5
https://openalex.org/A5100355993,81,5
https://openalex.org/A5107912201,81,5
https://openalex.org/A5000574862,81,4
https://openalex.org/A5010771862,81,4
https://openalex.org/A5066459782,81,4
https://openalex.org/A5073673947,81,4
https://openalex.org/A5009126358,81,3
https://openalex.org/A5047110769,81,3
https://openalex.org/A5060016545,81,3
https://openalex.org/A5076198928,81,3
https://openalex.org/A5078636914,81,3
https://openalex.org/A5091861486,81,3
https://openalex.org/A5101175045,81,3
https://openalex.org/A5101535494,81,3
https://openalex.org/A5103150035,81,3
https://openalex.org/A5004612882,81,2
https://openalex.org/A5075937274,81,2
https://openalex.org/A5078477122,81,2
https://openalex.org/A5102478968,81,2
https://openalex.org/A5111742142,81,1
https://openalex.org/A5053332520,82,43
https://openalex.org/A5004014878,82,21
https://openalex.org/A5080497445,82,15
https://openalex.org/A5101631516,82,14
https://openalex.org/A5100354571,82,12
https://openalex.org/A5006851333,82,11
https://openalex.org/A5017780534,82,10
https://openalex.org/A5012185727,82,9
https://openalex.org/A5100354592,82,9
https://openalex.org/A5100630868,82,8
https://openalex.org/A5029249775,82,7
https://openalex.org/A5054249932,82,7
https://openalex.org/A5061246300,82,7
https://openalex.org/A5062285456,82,7
https://openalex.org/A5100393792,82,7
https://openalex.org/A5003887059,82,6
https://openalex.org/A5004497268,82,6
https://openalex.org/A5102726629,82,6
https://openalex.org/A5013393563,82,5
https://openalex.org/A5014600496,82,5
https://openalex.org/A5015534379,82,5
https://openalex.org/A5019311588,82,5
https://openalex.org/A5033262697,82,5
https://openalex.org/A5041208931,82,5
https://openalex.org/A5044191947,82,5
https://openalex.org/A5046703129,82,5
https://openalex.org/A5054396931,82,5
https://openalex.org/A5067359070,82,5
https://openalex.org/A5070409088,82,5
https://openalex.org/A5073684178,82,5
https://openalex.org/A5084892128,82,5
https://openalex.org/A5100337210,82,5
https://openalex.org/A5100354608,82,5
https://openalex.org/A5100354659,82,5
https://openalex.org/A5100396375,82,5
https://openalex.org/A5100610986,82,5
https://openalex.org/A5100746182,82,5
https://openalex.org/A5103045221,82,5
https://openalex.org/A5114608802,82,5
https://openalex.org/A5019446590,82,4
https://openalex.org/A5026630892,82,4
https://openalex.org/A5027798962,82,4
https://openalex.org/A5040894182,82,4
https://openalex.org/A5071350698,82,4
https://openalex.org/A5085260749,82,4
https://openalex.org/A5087158377,82,4
https://openalex.org/A5087556256,82,4
https://openalex.org/A5100367403,82,4
https://openalex.org/A5100441646,82,4
https://openalex.org/A5113028838,82,4
https://openalex.org/A5029174330,82,3
https://openalex.org/A5048330561,82,3
https://openalex.org/A5072777494,82,3
https://openalex.org/A5080690148,82,3
https://openalex.org/A5081836422,82,3
https://openalex.org/A5089856017,82,3
https://openalex.org/A5094063486,82,3
https://openalex.org/A5113509008,82,3
https://openalex.org/A5074493480,82,2
https://openalex.org/A5028326739,82,1
https://openalex.org/A5037393859,82,1
https://openalex.org/A5076676539,82,1
https://openalex.org/A5014041950,83,41
https://openalex.org/A5042821211,83,21
https://openalex.org/A5023412378,83,19
https://openalex.org/A5112221688,83,17
https://openalex.org/A5012746606,83,16
https://openalex.org/A5052605980,83,15
https://openalex.org/A5053016316,83,12
https://openalex.org/A5011700523,83,11
https://openalex.org/A5010176480,83,10
https://openalex.org/A5011621738,83,10
https://openalex.org/A5022635990,83,10
https://openalex.org/A5059933477,83,10
https://openalex.org/A5062316983,83,10
https://openalex.org/A5006858820,83,9
https://openalex.org/A5002865552,83,8
https://openalex.org/A5006221152,83,8
https://openalex.org/A5015298982,83,8
https://openalex.org/A5025213594,83,8
https://openalex.org/A5025328876,83,8
https://openalex.org/A5026330747,83,8
https://openalex.org/A5034483772,83,8
https://openalex.org/A5039517427,83,8
https://openalex.org/A5042030913,83,8
https://openalex.org/A5052402793,83,8
https://openalex.org/A5057374299,83,8
https://openalex.org/A5065033590,83,8
https://openalex.org/A5066699228,83,8
https://openalex.org/A5074780862,83,8
https://openalex.org/A5081147278,83,8
https://openalex.org/A5087452041,83,8
https://openalex.org/A5100377624,83,8
https://openalex.org/A5112057672,83,8
https://openalex.org/A5014128572,83,7
https://openalex.org/A5053410104,83,7
https://openalex.org/A5016551014,83,6
https://openalex.org/A5020081705,83,6
https://openalex.org/A5030348303,83,6
https://openalex.org/A5033566393,83,6
https://openalex.org/A5060573509,83,6
https://openalex.org/A5062010375,83,6
https://openalex.org/A5083642502,83,6
https://openalex.org/A5003288504,83,5
https://openalex.org/A5004165635,83,5
https://openalex.org/A5011319611,83,5
https://openalex.org/A5021158583,83,5
https://openalex.org/A5027042853,83,5
https://openalex.org/A5038393483,83,5
https://openalex.org/A5039242593,83,5
https://openalex.org/A5043966922,83,5
https://openalex.org/A5052987521,83,5
https://openalex.org/A5062801348,83,5
https://openalex.org/A5088812008,83,5
https://openalex.org/A5106486868,83,5
https://openalex.org/A5107655329,83,5
https://openalex.org/A5107893628,83,5
https://openalex.org/A5065681959,83,4
https://openalex.org/A5078326698,83,4
https://openalex.org/A5078513445,83,4
https://openalex.org/A5082169271,83,4
https://openalex.org/A5082949304,83,4
https://openalex.org/A5089342453,83,1
https://openalex.org/A5047336918,84,60
https://openalex.org/A5101883634,84,18
https://openalex.org/A5100455914,84,17
https://openalex.org/A5045155143,84,16
https://openalex.org/A5045270019,84,16
https://openalex.org/A5036051260,84,12
https://openalex.org/A5101762452,84,12
https://openalex.org/A5067196639,84,11
https://openalex.org/A5018433414,84,9
https://openalex.org/A5036175679,84,9
https://openalex.org/A5005883129,84,8
https://openalex.org/A5005955304,84,8
https://openalex.org/A5019650369,84,8
https://openalex.org/A5022894953,84,8
https://openalex.org/A5037923496,84,8
https://openalex.org/A5040460682,84,8
https://openalex.org/A5062122322,84,8
https://openalex.org/A5077262283,84,8
https://openalex.org/A5084059603,84,8
https://openalex.org/A5100354390,84,8
https://openalex.org/A5100455967,84,8
https://openalex.org/A5101110799,84,8
https://openalex.org/A5101425926,84,8
https://openalex.org/A5101563619,84,8
https://openalex.org/A5003653786,84,7
https://openalex.org/A5011880556,84,7
https://openalex.org/A5020171946,84,7
https://openalex.org/A5032792744,84,7
https://openalex.org/A5044892352,84,7
https://openalex.org/A5045494666,84,7
https://openalex.org/A5062024050,84,7
https://openalex.org/A5064681970,84,7
https://openalex.org/A5089379689,84,7
https://openalex.org/A5100380491,84,7
https://openalex.org/A5100417635,84,7
https://openalex.org/A5100633582,84,7
https://openalex.org/A5101581422,84,7
https://openalex.org/A5110970276,84,7
https://openalex.org/A5100352015,84,6
https://openalex.org/A5033816810,84,5
https://openalex.org/A5036586518,84,5
https://openalex.org/A5078483683,84,5
https://openalex.org/A5086258665,84,5
https://openalex.org/A5100383324,84,5
https://openalex.org/A5100431103,84,5
https://openalex.org/A5100609114,84,5
https://openalex.org/A5101037782,84,5
https://openalex.org/A5077307038,84,4
https://openalex.org/A5079659540,84,4
https://openalex.org/A5083745556,84,4
https://openalex.org/A5091851879,84,4
https://openalex.org/A5100327912,84,4
https://openalex.org/A5100366015,84,4
https://openalex.org/A5100404732,84,4
https://openalex.org/A5102441966,84,4
https://openalex.org/A5111532679,84,4
https://openalex.org/A5101888466,84,3
https://openalex.org/A5021434179,84,2
https://openalex.org/A5073987849,84,2
https://openalex.org/A5100703422,84,2
https://openalex.org/A5113634555,84,1
https://openalex.org/A5056067943,85,55
https://openalex.org/A5002139930,85,13
https://openalex.org/A5010106841,85,12
https://openalex.org/A5037412714,85,11
https://openalex.org/A5067547680,85,11
https://openalex.org/A5083582213,85,10
https://openalex.org/A5063375840,85,8
https://openalex.org/A5070371129,85,8
https://openalex.org/A5010146439,85,7
https://openalex.org/A5054102866,85,7
https://openalex.org/A5063294319,85,7
https://openalex.org/A5066830185,85,7
https://openalex.org/A5100750264,85,7
https://openalex.org/A5002311337,85,6
https://openalex.org/A5035313256,85,6
https://openalex.org/A5058473468,85,6
https://openalex.org/A5070139392,85,6
https://openalex.org/A5070926896,85,6
https://openalex.org/A5086688453,85,6
https://openalex.org/A5087373711,85,6
https://openalex.org/A5100420910,85,6
https://openalex.org/A5004907878,85,5
https://openalex.org/A5007428030,85,5
https://openalex.org/A5014389940,85,5
https://openalex.org/A5034004984,85,5
https://openalex.org/A5044218586,85,5
https://openalex.org/A5045877743,85,5
https://openalex.org/A5048551710,85,5
https://openalex.org/A5072990482,85,5
https://openalex.org/A5090948294,85,5
https://openalex.org/A5100424236,85,5
https://openalex.org/A5100612251,85,5
https://openalex.org/A5100645427,85,5
https://openalex.org/A5100729898,85,5
https://openalex.org/A5101193100,85,5
https://openalex.org/A5101598769,85,5
https://openalex.org/A5101954561,85,5
https://openalex.org/A5114236911,85,5
https://openalex.org/A5001033930,85,4
https://openalex.org/A5001659855,85,4
https://openalex.org/A5002748740,85,4
https://openalex.org/A5025502225,85,4
https://openalex.org/A5050711976,85,4
https://openalex.org/A5059715585,85,4
https://openalex.org/A5064925964,85,4
https://openalex.org/A5102711735,85,4
https://openalex.org/A5107993450,85,4
https://openalex.org/A5007662123,85,3
https://openalex.org/A5017142812,85,3
https://openalex.org/A5022769703,85,3
https://openalex.org/A5028272399,85,3
https://openalex.org/A5042350489,85,3
https://openalex.org/A5055399097,85,3
https://openalex.org/A5100348960,85,3
https://openalex.org/A5100421027,85,3
https://openalex.org/A5115602128,85,3
https://openalex.org/A5032702385,85,2
https://openalex.org/A5070865664,85,2
https://openalex.org/A5100456227,86,40
https://openalex.org/A5085520492,86,13
https://openalex.org/A5001724045,86,10
https://openalex.org/A5013054784,86,10
https://openalex.org/A5004895162,86,6
https://openalex.org/A5009570927,86,6
https://openalex.org/A5009741980,86,6
https://openalex.org/A5016231205,86,6
https://openalex.org/A5019759586,86,6
https://openalex.org/A5024388817,86,6
https://openalex.org/A5027828946,86,6
https://openalex.org/A5040212765,86,6
https://openalex.org/A5052625603,86,6
https://openalex.org/A5068556369,86,6
https://openalex.org/A5070893909,86,6
https://openalex.org/A5071624932,86,6
https://openalex.org/A5075606375,86,6
https://openalex.org/A5084270635,86,6
https://openalex.org/A5100351066,86,6
https://openalex.org/A5100367119,86,6
https://openalex.org/A5100383015,86,6
https://openalex.org/A5100450998,86,6
https://openalex.org/A5100681983,86,6
https://openalex.org/A5100775956,86,6
https://openalex.org/A5100852882,86,6
https://openalex.org/A5111990078,86,6
https://openalex.org/A5015046398,86,5
https://openalex.org/A5029225782,86,5
https://openalex.org/A5047135919,86,5
https://openalex.org/A5047907183,86,5
https://openalex.org/A5059234351,86,5
https://openalex.org/A5101676699,86,5
https://openalex.org/A5102387102,86,5
https://openalex.org/A5109991397,86,5
https://openalex.org/A5113919261,86,5
https://openalex.org/A5005472678,86,4
https://openalex.org/A5028483229,86,4
https://openalex.org/A5040848721,86,4
https://openalex.org/A5047214114,86,4
https://openalex.org/A5065239231,86,4
https://openalex.org/A5068171518,86,4
https://openalex.org/A5100323521,86,4
https://openalex.org/A5100631722,86,4
https://openalex.org/A5100683870,86,4
https://openalex.org/A5103224613,86,4
https://openalex.org/A5109900459,86,4
https://openalex.org/A5024708104,86,3
https://openalex.org/A5025430592,86,3
https://openalex.org/A5109333020,86,3
https://openalex.org/A5060324946,86,2
https://openalex.org/A5071228543,86,2
https://openalex.org/A5100457891,86,2
https://openalex.org/A5112628818,86,2
https://openalex.org/A5075804029,86,1
https://openalex.org/A5100393445,87,51
https://openalex.org/A5025230449,87,13
https://openalex.org/A5006380227,87,10
https://openalex.org/A5108523545,87,10
https://openalex.org/A5006352222,87,9
https://openalex.org/A5076453110,87,9
https://openalex.org/A5100734874,87,8
https://openalex.org/A5101656987,87,8
https://openalex.org/A5000689165,87,7
https://openalex.org/A5018896387,87,7
https://openalex.org/A5028755343,87,7
https://openalex.org/A5074292957,87,7
https://openalex.org/A5100398874,87,7
https://openalex.org/A5009122629,87,6
https://openalex.org/A5026604447,87,6
https://openalex.org/A5033788363,87,6
https://openalex.org/A5034805517,87,6
https://openalex.org/A5100699701,87,6
https://openalex.org/A5008082945,87,5
https://openalex.org/A5024923124,87,5
https://openalex.org/A5054294068,87,5
https://openalex.org/A5084907331,87,5
https://openalex.org/A5087193137,87,5
https://openalex.org/A5100820808,87,5
https://openalex.org/A5101356732,87,5
https://openalex.org/A5102711915,87,5
https://openalex.org/A5021268896,87,4
https://openalex.org/A5023154495,87,4
https://openalex.org/A5025593957,87,4
https://openalex.org/A5027382514,87,4
https://openalex.org/A5029998682,87,4
https://openalex.org/A5062252654,87,4
https://openalex.org/A5069988750,87,4
https://openalex.org/A5084693607,87,4
https://openalex.org/A5088621320,87,4
https://openalex.org/A5100359204,87,4
https://openalex.org/A5100431699,87,4
https://openalex.org/A5100620404,87,4
https://openalex.org/A5101465265,87,4
https://openalex.org/A5101602571,87,4
https://openalex.org/A5101877341,87,4
https://openalex.org/A5103829995,87,4
https://openalex.org/A5005229925,87,3
https://openalex.org/A5065378241,87,3
https://openalex.org/A5080392568,87,3
https://openalex.org/A5101930378,87,3
https://openalex.org/A5102850318,87,3
https://openalex.org/A5103156859,87,3
https://openalex.org/A5020843331,87,2
https://openalex.org/A5032994272,87,2
https://openalex.org/A5100699702,87,2
https://openalex.org/A5100951791,87,2
https://openalex.org/A5004787389,88,51
https://openalex.org/A5065952170,88,39
https://openalex.org/A5034498118,88,16
https://openalex.org/A5034657358,88,15
https://openalex.org/A5023360859,88,7
https://openalex.org/A5032495160,88,7
https://openalex.org/A5037416102,88,7
https://openalex.org/A5040472816,88,7
https://openalex.org/A5068502672,88,7
https://openalex.org/A5082990994,88,7
https://openalex.org/A5108640830,88,7
https://openalex.org/A5109040635,88,7
https://openalex.org/A5022563118,88,6
https://openalex.org/A5023956514,88,6
https://openalex.org/A5044244385,88,6
https://openalex.org/A5053249051,88,6
https://openalex.org/A5079079215,88,6
https://openalex.org/A5081862077,88,6
https://openalex.org/A5004191382,88,5
https://openalex.org/A5004617828,88,5
https://openalex.org/A5006581032,88,5
https://openalex.org/A5012461779,88,5
https://openalex.org/A5017774380,88,5
https://openalex.org/A5026124284,88,5
https://openalex.org/A5030990658,88,5
https://openalex.org/A5045050814,88,5
https://openalex.org/A5053071506,88,5
https://openalex.org/A5067996292,88,5
https://openalex.org/A5088157668,88,5
https://openalex.org/A5089383770,88,5
https://openalex.org/A5090982329,88,5
https://openalex.org/A5012644240,88,4
https://openalex.org/A5017236820,88,4
https://openalex.org/A5020920820,88,4
https://openalex.org/A5023062500,88,4
https://openalex.org/A5033783997,88,4
https://openalex.org/A5036214211,88,4
https://openalex.org/A5074069273,88,4
https://openalex.org/A5076331387,88,4
https://openalex.org/A5080428570,88,4
https://openalex.org/A5088671046,88,4
https://openalex.org/A5015583708,88,3
https://openalex.org/A5026464788,88,3
https://openalex.org/A5030446427,88,3
https://openalex.org/A5031820478,88,3
https://openalex.org/A5075857027,88,3
https://openalex.org/A5108714457,88,3
https://openalex.org/A5013076932,88,2
https://openalex.org/A5037110552,88,2
https://openalex.org/A5082374557,88,2
https://openalex.org/A5084813270,88,2
https://openalex.org/A5113786903,88,2
https://openalex.org/A5029626997,89,51
https://openalex.org/A5065973236,89,16
https://openalex.org/A5058936239,89,15
https://openalex.org/A5006355592,89,13
https://openalex.org/A5069969191,89,13
https://openalex.org/A5041176153,89,12
https://openalex.org/A5085036036,89,10
https://openalex.org/A5101232161,89,10
https://openalex.org/A5027418162,89,8
https://openalex.org/A5069131161,89,8
https://openalex.org/A5000039263,89,7
https://openalex.org/A5044492667,89,7
https://openalex.org/A5103154659,89,7
https://openalex.org/A5004222223,89,6
https://openalex.org/A5007083467,89,6
https://openalex.org/A5008982500,89,6
https://openalex.org/A5015950641,89,6
https://openalex.org/A5047061842,89,6
https://openalex.org/A5056500794,89,6
https://openalex.org/A5072642531,89,6
https://openalex.org/A5104831128,89,6
https://openalex.org/A5031176491,89,5
https://openalex.org/A5034720702,89,5
https://openalex.org/A5037965915,89,5
https://openalex.org/A5060138808,89,5
https://openalex.org/A5001022240,89,4
https://openalex.org/A5014672580,89,4
https://openalex.org/A5015077092,89,4
https://openalex.org/A5015802672,89,4
https://openalex.org/A5026013493,89,4
https://openalex.org/A5028079039,89,4
https://openalex.org/A5032594415,89,4
https://openalex.org/A5040239787,89,4
https://openalex.org/A5043084209,89,4
https://openalex.org/A5049375194,89,4
https://openalex.org/A5071476342,89,4
https://openalex.org/A5108450644,89,4
https://openalex.org/A5003799782,89,3
https://openalex.org/A5004713888,89,3
https://openalex.org/A5036838586,89,3
https://openalex.org/A5038028871,89,3
https://openalex.org/A5067741364,89,3
https://openalex.org/A5089565592,89,3
https://openalex.org/A5100773301,89,3
https://openalex.org/A5103385115,89,3
https://openalex.org/A5110686458,89,3
https://openalex.org/A5045545753,89,2
https://openalex.org/A5072038180,89,2
https://openalex.org/A5074033233,89,2
https://openalex.org/A5019658209,89,1
https://openalex.org/A5039480864,89,1
https://openalex.org/A5032482559,90,45
https://openalex.org/A5059301263,90,37
https://openalex.org/A5063354832,90,19
https://openalex.org/A5070801173,90,13
https://openalex.org/A5089425147,90,13
https://openalex.org/A5071112597,90,12
https://openalex.org/A5039977048,90,11
https://openalex.org/A5022023580,90,9
https://openalex.org/A5000619566,90,8
https://openalex.org/A5020554490,90,8
https://openalex.org/A5025107297,90,8
https://openalex.org/A5040544895,90,8
https://openalex.org/A5059265179,90,8
https://openalex.org/A5104359013,90,8
https://openalex.org/A5038201807,90,7
https://openalex.org/A5040799517,90,7
https://openalex.org/A5047114965,90,7
https://openalex.org/A5047768207,90,7
https://openalex.org/A5000272110,90,6
https://openalex.org/A5009711545,90,6
https://openalex.org/A5014171363,90,6
https://openalex.org/A5026353353,90,6
https://openalex.org/A5052899068,90,6
https://openalex.org/A5057481978,90,6
https://openalex.org/A5063009807,90,6
https://openalex.org/A5064422833,90,6
https://openalex.org/A5076198856,90,6
https://openalex.org/A5045770670,90,5
https://openalex.org/A5051495554,90,5
https://openalex.org/A5071275454,90,5
https://openalex.org/A5080607353,90,5
https://openalex.org/A5085541040,90,5
https://openalex.org/A5101934417,90,5
https://openalex.org/A5037234930,90,4
https://openalex.org/A5046438500,90,4
https://openalex.org/A5060765211,90,4
https://openalex.org/A5066646736,90,4
https://openalex.org/A5067320211,90,4
https://openalex.org/A5110554634,90,4
https://openalex.org/A5023053753,90,3
https://openalex.org/A5057336297,90,3
https://openalex.org/A5062121946,90,3
https://openalex.org/A5069378687,90,3
https://openalex.org/A5079980343,90,3
https://openalex.org/A5082445846,90,3
https://openalex.org/A5089835355,90,3
https://openalex.org/A5110860213,90,3
https://openalex.org/A5017294689,90,2
https://openalex.org/A5064957730,90,2
https://openalex.org/A5016680184,91,42
https://openalex.org/A5100327261,91,23
https://openalex.org/A5038800793,91,13
https://openalex.org/A5078587959,91,13
https://openalex.org/A5104295385,91,13
https://openalex.org/A5002045375,91,8
https://openalex.org/A5003681677,91,8
https://openalex.org/A5010144610,91,8
https://openalex.org/A5013123906,91,8
https://openalex.org/A5020936192,91,8
https://openalex.org/A5065802530,91,8
https://openalex.org/A5091319997,91,8
https://openalex.org/A5100460560,91,8
https://openalex.org/A5100737186,91,8
https://openalex.org/A5101549431,91,8
https://openalex.org/A5101916543,91,8
https://openalex.org/A5113583392,91,8
https://openalex.org/A5007002664,91,7
https://openalex.org/A5100727960,91,7
https://openalex.org/A5101185762,91,7
https://openalex.org/A5102397929,91,7
https://openalex.org/A5000162290,91,6
https://openalex.org/A5042184081,91,6
https://openalex.org/A5069885696,91,6
https://openalex.org/A5087591800,91,6
https://openalex.org/A5100363515,91,6
https://openalex.org/A5011197876,91,5
https://openalex.org/A5012294481,91,5
https://openalex.org/A5012886088,91,5
https://openalex.org/A5037360960,91,5
https://openalex.org/A5043467632,91,5
https://openalex.org/A5053984770,91,5
https://openalex.org/A5055375254,91,5
https://openalex.org/A5088579113,91,5
https://openalex.org/A5089654037,91,5
https://openalex.org/A5100401118,91,5
https://openalex.org/A5100603760,91,5
https://openalex.org/A5101581930,91,5
https://openalex.org/A5101745801,91,5
https://openalex.org/A5108518166,91,5
https://openalex.org/A5109441481,91,5
https://openalex.org/A5008920508,91,4
https://openalex.org/A5047969603,91,4
https://openalex.org/A5102367137,91,4
https://openalex.org/A5033614164,91,3
https://openalex.org/A5100607246,91,3
https://openalex.org/A5100937746,91,3
https://openalex.org/A5100430399,92,46
https://openalex.org/A5040476342,92,16
https://openalex.org/A5013593283,92,10
https://openalex.org/A5001213992,92,8
https://openalex.org/A5001911082,92,8
https://openalex.org/A5014624538,92,8
https://openalex.org/A5018666848,92,8
https://openalex.org/A5023014409,92,8
https://openalex.org/A5029146931,92,8
https://openalex.org/A5035625827,92,8
https://openalex.org/A5037243808,92,8
https://openalex.org/A5051276603,92,8
https://openalex.org/A5055567718,92,8
https://openalex.org/A5076336127,92,8
https://openalex.org/A5091631394,92,8
https://openalex.org/A5100362207,92,8
https://openalex.org/A5100369668,92,8
https://openalex.org/A5100453416,92,8
https://openalex.org/A5100644041,92,8
https://openalex.org/A5101815534,92,8
https://openalex.org/A5101923384,92,8
https://openalex.org/A5101974913,92,8
https://openalex.org/A5103482357,92,8
https://openalex.org/A5108050321,92,8
https://openalex.org/A5108576514,92,8
https://openalex.org/A5100405527,92,7
https://openalex.org/A5027524424,92,6
https://openalex.org/A5062180789,92,6
https://openalex.org/A5066122068,92,6
https://openalex.org/A5100344386,92,6
https://openalex.org/A5100366686,92,6
https://openalex.org/A5101418748,92,6
https://openalex.org/A5101766071,92,6
https://openalex.org/A5111422903,92,6
https://openalex.org/A5114677159,92,6
https://openalex.org/A5011724269,92,5
https://openalex.org/A5049219173,92,5
https://openalex.org/A5100710814,92,5
https://openalex.org/A5109772380,92,5
https://openalex.org/A5113356979,92,5
https://openalex.org/A5016328463,92,4
https://openalex.org/A5040516841,92,4
https://openalex.org/A5053953280,92,4
https://openalex.org/A5075758149,92,3
https://openalex.org/A5108575694,92,3
https://openalex.org/A5011249925,92,2
https://openalex.org/A5101476596,92,2
https://openalex.org/A5088043523,93,44
https://openalex.org/A5033895098,93,24
https://openalex.org/A5064338163,93,16
https://openalex.org/A5061184430,93,13
https://openalex.org/A5003325935,93,10
https://openalex.org/A5012652980,93,10
https://openalex.org/A5047641398,93,10
https://openalex.org/A5018629756,93,9
https://openalex.org/A5071513581,93,9
https://openalex.org/A5102023668,93,9
https://openalex.org/A5001834501,93,8
https://openalex.org/A5007554208,93,8
https://openalex.org/A5021548308,93,8
https://openalex.org/A5023637995,93,8
https://openalex.org/A5058330928,93,8
https://openalex.org/A5063789026,93,8
https://openalex.org/A5064232285,93,8
https://openalex.org/A5100617641,93,8
https://openalex.org/A5102756327,93,8
https://openalex.org/A5034088985,93,7
https://openalex.org/A5036100077,93,7
https://openalex.org/A5037160833,93,7
https://openalex.org/A5052880095,93,7
https://openalex.org/A5059598729,93,7
https://openalex.org/A5063186361,93,7
https://openalex.org/A5066258586,93,7
https://openalex.org/A5068482349,93,7
https://openalex.org/A5070459900,93,7
https://openalex.org/A5073237554,93,7
https://openalex.org/A5088505887,93,7
https://openalex.org/A5097511402,93,7
https://openalex.org/A5103038214,93,7
https://openalex.org/A5113823167,93,7
https://openalex.org/A5010619509,93,5
https://openalex.org/A5011643866,93,5
https://openalex.org/A5071605212,93,5
https://openalex.org/A5081535983,93,5
https://openalex.org/A5101261858,93,5
https://openalex.org/A5110674618,93,5
https://openalex.org/A5111590130,93,5
https://openalex.org/A5112170921,93,5
https://openalex.org/A5010349120,93,4
https://openalex.org/A5041787625,93,4
https://openalex.org/A5057368404,93,4
https://openalex.org/A5109514718,93,4
https://openalex.org/A5079452617,94,40
https://openalex.org/A5067563991,94,30
https://openalex.org/A5036380429,94,8
https://openalex.org/A5038196934,94,8
https://openalex.org/A5041666003,94,8
https://openalex.org/A5069984125,94,8
https://openalex.org/A5079542484,94,8
https://openalex.org/A5084553326,94,8
https://openalex.org/A5087924638,94,8
https://openalex.org/A5029115979,94,7
https://openalex.org/A5044476625,94,7
https://openalex.org/A5044809786,94,7
https://openalex.org/A5056574222,94,7
https://openalex.org/A5080792692,94,7
https://openalex.org/A5086183865,94,7
https://openalex.org/A5087072092,94,7
https://openalex.org/A5109097211,94,7
https://openalex.org/A5002087412,94,6
https://openalex.org/A5004728957,94,5
https://openalex.org/A5006939924,94,5
https://openalex.org/A5040760651,94,5
https://openalex.org/A5049928639,94,5
https://openalex.org/A5061790559,94,5
https://openalex.org/A5066702006,94,5
https://openalex.org/A5067061714,94,5
https://openalex.org/A5082975553,94,5
https://openalex.org/A5005292748,94,4
https://openalex.org/A5015478621,94,4
https://openalex.org/A5028423156,94,4
https://openalex.org/A5042066719,94,4
https://openalex.org/A5044223444,94,4
https://openalex.org/A5060334509,94,4
https://openalex.org/A5071485738,94,4
https://openalex.org/A5079841024,94,4
https://openalex.org/A5082859160,94,4
https://openalex.org/A5009541673,94,3
https://openalex.org/A5010349830,94,3
https://openalex.org/A5052428520,94,3
https://openalex.org/A5082736459,94,3
https://openalex.org/A5014617842,94,2
https://openalex.org/A5043346142,94,2
https://openalex.org/A5050318092,94,2
https://openalex.org/A5051722276,94,2
https://openalex.org/A5080049532,94,2
https://openalex.org/A5100715016,95,42
https://openalex.org/A5022376808,95,6
https://openalex.org/A5029267851,95,6
https://openalex.org/A5041330438,95,6
https://openalex.org/A5058224422,95,6
https://openalex.org/A5071279119,95,6
https://openalex.org/A5084655324,95,6
https://openalex.org/A5009049840,95,5
https://openalex.org/A5027169594,95,5
https://openalex.org/A5035833814,95,5
https://openalex.org/A5042936652,95,5
https://openalex.org/A5054336726,95,5
https://openalex.org/A5059486257,95,5
https://openalex.org/A5091357489,95,5
https://openalex.org/A5100332013,95,5
https://openalex.org/A5100342913,95,5
https://openalex.org/A5100343920,95,5
https://openalex.org/A5100388267,95,5
https://openalex.org/A5100451405,95,5
https://openalex.org/A5100609165,95,5
https://openalex.org/A5101687014,95,5
https://openalex.org/A5106406934,95,5
https://openalex.org/A5100447205,95,4
https://openalex.org/A5000064785,95,3
https://openalex.org/A5001759017,95,3
https://openalex.org/A5043873168,95,3
https://openalex.org/A5057662787,95,3
https://openalex.org/A5068904522,95,3
https://openalex.org/A5077854374,95,3
https://openalex.org/A5100399921,95,3
https://openalex.org/A5111882069,95,3
https://openalex.org/A5000580298,95,2
https://openalex.org/A5004657365,95,2
https://openalex.org/A5043027712,95,2
https://openalex.org/A5046391029,95,2
https://openalex.org/A5061179637,95,2
https://openalex.org/A5100317705,95,2
https://openalex.org/A5100372603,95,2
https://openalex.org/A5100736002,95,2
https://openalex.org/A5101409236,95,2
https://openalex.org/A5007214551,95,1
https://openalex.org/A5045178880,95,1
https://openalex.org/A5090701711,95,1
https://openalex.org/A5079066445,96,40
https://openalex.org/A5067237858,96,23
https://openalex.org/A5107747221,96,14
https://openalex.org/A5036667642,96,13
https://openalex.org/A5005939553,96,9
https://openalex.org/A5064390519,96,9
https://openalex.org/A5071870047,96,9
https://openalex.org/A5027041248,96,8
https://openalex.org/A5042269190,96,8
https://openalex.org/A5049727988,96,8
https://openalex.org/A5104065602,96,8
https://openalex.org/A5015689996,96,7
https://openalex.org/A5053537658,96,7
https://openalex.org/A5011123851,96,6
https://openalex.org/A5025882297,96,6
https://openalex.org/A5044489150,96,6
https://openalex.org/A5057109648,96,6
https://openalex.org/A5079956101,96,6
https://openalex.org/A5088702035,96,6
https://openalex.org/A5107447023,96,6
https://openalex.org/A5109959623,96,6
https://openalex.org/A5113463084,96,6
https://openalex.org/A5059120578,96,5
https://openalex.org/A5001683117,96,4
https://openalex.org/A5014576507,96,4
https://openalex.org/A5032829313,96,4
https://openalex.org/A5053794691,96,4
https://openalex.org/A5054751187,96,4
https://openalex.org/A5003667679,96,3
https://openalex.org/A5010395244,96,3
https://openalex.org/A5020537654,96,3
https://openalex.org/A5027397665,96,3
https://openalex.org/A5033506974,96,3
https://openalex.org/A5043782920,96,3
https://openalex.org/A5074739823,96,3
https://openalex.org/A5076689521,96,3
https://openalex.org/A5109416792,96,3
https://openalex.org/A5013799481,96,2
https://openalex.org/A5045534022,96,2
https://openalex.org/A5073731467,96,2
https://openalex.org/A5113675850,96,2
https://openalex.org/A5022089542,97,30
https://openalex.org/A5037093270,97,14
https://openalex.org/A5063605386,97,11
https://openalex.org/A5090537015,97,8
https://openalex.org/A5025080982,97,7
https://openalex.org/A5041678008,97,7
https://openalex.org/A5046637521,97,7
https://openalex.org/A5050708897,97,7
https://openalex.org/A5063708272,97,7
https://openalex.org/A5011205274,97,5
https://openalex.org/A5028102780,97,5
https://openalex.org/A5034516125,97,5
https://openalex.org/A5038076416,97,5
https://openalex.org/A5055678413,97,5
https://openalex.org/A5064626129,97,5
https://openalex.org/A5070487266,97,5
https://openalex.org/A5080960377,97,5
https://openalex.org/A5086784160,97,5
https://openalex.org/A5109514814,97,5
https://openalex.org/A5109577048,97,5
https://openalex.org/A5004077606,97,4
https://openalex.org/A5014828411,97,4
https://openalex.org/A5033440505,97,4
https://openalex.org/A5043606107,97,4
https://openalex.org/A5047607459,97,4
https://openalex.org/A5047895717,97,4
https://openalex.org/A5054845562,97,4
https://openalex.org/A5056125179,97,4
https://openalex.org/A5060333280,97,4
https://openalex.org/A5063489893,97,4
https://openalex.org/A5087793409,97,4
https://openalex.org/A5102969891,97,4
https://openalex.org/A5001925361,97,3
https://openalex.org/A5007690173,97,3
https://openalex.org/A5061198582,97,3
https://openalex.org/A5076908748,97,3
https://openalex.org/A5077672688,97,3
https://openalex.org/A5088668135,97,3
https://openalex.org/A5061000125,97,2
https://openalex.org/A5032618434,97,1
https://openalex.org/A5047340885,98,37
https://openalex.org/A5000234429,98,7
https://openalex.org/A5003034800,98,7
https://openalex.org/A5003991194,98,7
https://openalex.org/A5008531984,98,7
https://openalex.org/A5009322495,98,7
https://openalex.org/A5014267007,98,7
https://openalex.org/A5026189676,98,7
https://openalex.org/A5033930044,98,7
https://openalex.org/A5038795016,98,7
https://openalex.org/A5042617054,98,7
https://openalex.org/A5042754065,98,7
https://openalex.org/A5044459667,98,7
https://openalex.org/A5047585477,98,7
https://openalex.org/A5049790768,98,7
https://openalex.org/A5056550182,98,7
https://openalex.org/A5060420206,98,7
https://openalex.org/A5062660717,98,7
https://openalex.org/A5066499464,98,7
https://openalex.org/A5069666592,98,7
https://openalex.org/A5078574182,98,7
https://openalex.org/A5079843231,98,7
https://openalex.org/A5081578838,98,7
https://openalex.org/A5082713013,98,7
https://openalex.org/A5089812930,98,7
https://openalex.org/A5101557056,98,7
https://openalex.org/A5103396263,98,7
https://openalex.org/A5110870340,98,7
https://openalex.org/A5111843221,98,7
https://openalex.org/A5033579619,98,5
https://openalex.org/A5039731184,98,5
https://openalex.org/A5040591896,98,5
https://openalex.org/A5085582583,98,5
https://openalex.org/A5103164730,98,5
https://openalex.org/A5007236534,98,4
https://openalex.org/A5026335587,98,4
https://openalex.org/A5035106740,98,4
https://openalex.org/A5111947421,98,4
https://openalex.org/A5024418682,99,37
https://openalex.org/A5081875119,99,12
https://openalex.org/A5076054965,99,11
https://openalex.org/A5006501159,99,8
https://openalex.org/A5012964731,99,8
https://openalex.org/A5024963412,99,8
https://openalex.org/A5029136789,99,8
https://openalex.org/A5030975081,99,8
https://openalex.org/A5044902961,99,8
https://openalex.org/A5055007296,99,8
https://openalex.org/A5056253791,99,8
https://openalex.org/A5066933267,99,8
https://openalex.org/A5083119173,99,8
https://openalex.org/A5085478108,99,8
https://openalex.org/A5086861826,99,8
https://openalex.org/A5011232720,99,7
https://openalex.org/A5018723032,99,7
https://openalex.org/A5039181627,99,7
https://openalex.org/A5054480104,99,7
https://openalex.org/A5058767092,99,7
https://openalex.org/A5063543169,99,7
https://openalex.org/A5064878925,99,7
https://openalex.org/A5100352097,99,7
https://openalex.org/A5112171457,99,6
https://openalex.org/A5020966952,99,5
https://openalex.org/A5059632818,99,5
https://openalex.org/A5084895096,99,5
https://openalex.org/A5014587310,99,4
https://openalex.org/A5017197942,99,4
https://openalex.org/A5044138256,99,4
https://openalex.org/A5061772912,99,4
https://openalex.org/A5083659255,99,4
https://openalex.org/A5006264568,99,3
https://openalex.org/A5039064332,99,3
https://openalex.org/A5065050599,99,3
https://openalex.org/A5060008290,99,2
https://openalex.org/A5070105243,99,2
https://openalex.org/A5084820846,99,2
https://openalex.org/A5100329932,100,35
https://openalex.org/A5016169532,100,8
https://openalex.org/A5028399492,100,8
https://openalex.org/A5043092538,100,8
https://openalex.org/A5098481264,100,8
https://openalex.org/A5101715115,100,8
https://openalex.org/A5101716784,100,8
https://openalex.org/A5103216531,100,8
https://openalex.org/A5114859536,100,8
https://openalex.org/A5003355747,100,7
https://openalex.org/A5068084392,100,7
https://openalex.org/A5074180779,100,7
https://openalex.org/A5100429430,100,7
https://openalex.org/A5100676084,100,7
https://openalex.org/A5100694433,100,7
https://openalex.org/A5101977813,100,7
https://openalex.org/A5000419869,100,6
https://openalex.org/A5004183536,100,6
https://openalex.org/A5010334964,100,6
https://openalex.org/A5010748298,100,6
https://openalex.org/A5012034425,100,6
https://openalex.org/A5031341127,100,6
https://openalex.org/A5038151859,100,6
https://openalex.org/A5043050875,100,6
https://openalex.org/A5078353041,100,6
https://openalex.org/A5091372190,100,6
https://openalex.org/A5100336238,100,6
https://openalex.org/A5100721448,100,6
https://openalex.org/A5001023087,100,3
https://openalex.org/A5009465639,100,3
https://openalex.org/A5068636370,100,3
https://openalex.org/A5100629169,100,3
https://openalex.org/A5101536417,100,3
https://openalex.org/A5110120312,100,3
https://openalex.org/A5042261970,100,2
https://openalex.org/A5101834725,100,2
https://openalex.org/A5076698573,101,34
https://openalex.org/A5011362691,101,14
https://openalex.org/A5026108533,101,13
https://openalex.org/A5049591562,101,13
https://openalex.org/A5100752657,101,13
https://openalex.org/A5036794318,101,12
https://openalex.org/A5050695417,101,12
https://openalex.org/A5030761501,101,11
https://openalex.org/A5071436751,101,11
https://openalex.org/A5103062219,101,8
https://openalex.org/A5006178689,101,7
https://openalex.org/A5016168824,101,7
https://openalex.org/A5043207391,101,7
https://openalex.org/A5052816220,101,7
https://openalex.org/A5056916796,101,7
https://openalex.org/A5061692294,101,7
https://openalex.org/A5062462479,101,7
https://openalex.org/A5070172858,101,7
https://openalex.org/A5082100222,101,7
https://openalex.org/A5084047290,101,7
https://openalex.org/A5007953237,101,6
https://openalex.org/A5004164621,101,5
https://openalex.org/A5030735818,101,5
https://openalex.org/A5038311641,101,5
https://openalex.org/A5038985029,101,5
https://openalex.org/A5060755270,101,5
https://openalex.org/A5065661155,101,5
https://openalex.org/A5076254455,101,5
https://openalex.org/A5086422376,101,5
https://openalex.org/A5089432101,101,5
https://openalex.org/A5048740982,101,4
https://openalex.org/A5110072995,101,4
https://openalex.org/A5008517248,101,2
https://openalex.org/A5024203863,101,2
https://openalex.org/A5002572361,101,1
https://openalex.org/A5085490510,101,1
https://openalex.org/A5100448217,102,35
https://openalex.org/A5089250586,102,13
https://openalex.org/A5002587369,102,7
https://openalex.org/A5007826014,102,7
https://openalex.org/A5012695055,102,7
https://openalex.org/A5019378507,102,7
https://openalex.org/A5028236459,102,7
https://openalex.org/A5032628543,102,7
https://openalex.org/A5034195419,102,7
https://openalex.org/A5035319618,102,7
https://openalex.org/A5046091734,102,7
https://openalex.org/A5052177660,102,7
https://openalex.org/A5065693067,102,7
https://openalex.org/A5074727386,102,7
https://openalex.org/A5078054790,102,7
https://openalex.org/A5100400321,102,7
https://openalex.org/A5100455184,102,7
https://openalex.org/A5100692291,102,7
https://openalex.org/A5100698761,102,7
https://openalex.org/A5101808927,102,7
https://openalex.org/A5101853944,102,7
https://openalex.org/A5055261552,102,6
https://openalex.org/A5078985959,102,6
https://openalex.org/A5100346847,102,6
https://openalex.org/A5100399561,102,6
https://openalex.org/A5102425879,102,6
https://openalex.org/A5103179170,102,6
https://openalex.org/A5008150142,102,5
https://openalex.org/A5043761242,102,5
https://openalex.org/A5045483378,102,5
https://openalex.org/A5075018423,102,5
https://openalex.org/A5110440883,102,5
https://openalex.org/A5004410731,102,4
https://openalex.org/A5028492004,102,4
https://openalex.org/A5071175396,102,4
https://openalex.org/A5100452852,102,4
https://openalex.org/A5008643048,103,22
https://openalex.org/A5053957245,103,16
https://openalex.org/A5081036781,103,16
https://openalex.org/A5058700879,103,14
https://openalex.org/A5110242085,103,10
https://openalex.org/A5027816983,103,8
https://openalex.org/A5083575308,103,8
https://openalex.org/A5088372626,103,8
https://openalex.org/A5108375921,103,8
https://openalex.org/A5111495387,103,8
https://openalex.org/A5005462862,103,6
https://openalex.org/A5027548614,103,6
https://openalex.org/A5108247456,103,6
https://openalex.org/A5109152773,103,6
https://openalex.org/A5111670746,103,6
https://openalex.org/A5035276124,103,5
https://openalex.org/A5060540112,103,5
https://openalex.org/A5027555311,103,4
https://openalex.org/A5037688322,103,4
https://openalex.org/A5047420261,103,4
https://openalex.org/A5047862613,103,4
https://openalex.org/A5057412354,103,4
https://openalex.org/A5060003450,103,4
https://openalex.org/A5086793032,103,4
https://openalex.org/A5009350877,103,3
https://openalex.org/A5047129839,103,3
https://openalex.org/A5071769816,103,3
https://openalex.org/A5008077931,103,2
https://openalex.org/A5009212094,103,2
https://openalex.org/A5042498941,103,2
https://openalex.org/A5072768607,103,2
https://openalex.org/A5081121618,103,2
https://openalex.org/A5083043810,103,2
https://openalex.org/A5007153226,103,1
https://openalex.org/A5068791018,103,1
https://openalex.org/A5102246435,103,1
https://openalex.org/A5027282576,104,34
https://openalex.org/A5091508968,104,11
https://openalex.org/A5057430631,104,10
https://openalex.org/A5080269696,104,10
https://openalex.org/A5033579815,104,8
https://openalex.org/A5037255302,104,8
https://openalex.org/A5037621849,104,8
https://openalex.org/A5063503859,104,8
https://openalex.org/A5070450216,104,8
https://openalex.org/A5016190643,104,6
https://openalex.org/A5022146551,104,6
https://openalex.org/A5049558587,104,6
https://openalex.org/A5054625564,104,6
https://openalex.org/A5055062101,104,6
https://openalex.org/A5057768757,104,6
https://openalex.org/A5066314034,104,6
https://openalex.org/A5068739999,104,6
https://openalex.org/A5071046966,104,4
https://openalex.org/A5001516024,104,3
https://openalex.org/A5032331396,104,3
https://openalex.org/A5035649083,104,3
https://openalex.org/A5036631459,104,3
https://openalex.org/A5044625413,104,3
https://openalex.org/A5053951579,104,3
https://openalex.org/A5063166195,104,3
https://openalex.org/A5065510308,104,3
https://openalex.org/A5080454664,104,3
https://openalex.org/A5086561911,104,3
https://openalex.org/A5102962891,104,3
https://openalex.org/A5000306645,104,2
https://openalex.org/A5049118278,104,2
https://openalex.org/A5059719513,104,2
https://openalex.org/A5067839455,104,2
https://openalex.org/A5083968417,104,1
https://openalex.org/A5103280398,104,1
https://openalex.org/A5040217228,105,34
https://openalex.org/A5109832207,105,16
https://openalex.org/A5032369426,105,13
https://openalex.org/A5002373584,105,10
https://openalex.org/A5015178241,105,10
https://openalex.org/A5022241982,105,10
https://openalex.org/A5037344196,105,10
https://openalex.org/A5076716774,105,10
https://openalex.org/A5113443954,105,10
https://openalex.org/A5002214819,105,8
https://openalex.org/A5108139740,105,8
https://openalex.org/A5113795053,105,8
https://openalex.org/A5074059447,105,7
https://openalex.org/A5111981008,105,7
https://openalex.org/A5048337451,105,6
https://openalex.org/A5059378540,105,6
https://openalex.org/A5102045013,105,6
https://openalex.org/A5109335526,105,6
https://openalex.org/A5112131327,105,6
https://openalex.org/A5027119293,105,5
https://openalex.org/A5010655577,105,4
https://openalex.org/A5025578535,105,4
https://openalex.org/A5035863623,105,4
https://openalex.org/A5043917711,105,4
https://openalex.org/A5007189523,105,3
https://openalex.org/A5017258394,105,3
https://openalex.org/A5044205949,105,3
https://openalex.org/A5063652311,105,3
https://openalex.org/A5082205147,105,3
https://openalex.org/A5100724730,105,3
https://openalex.org/A5046969974,105,2
https://openalex.org/A5059740393,105,2
https://openalex.org/A5062135451,105,2
https://openalex.org/A5074629829,105,2
https://openalex.org/A5090592819,105,2
https://openalex.org/A5014918148,106,33
https://openalex.org/A5005383856,106,19
https://openalex.org/A5054296113,106,6
https://openalex.org/A5090328340,106,6
https://openalex.org/A5028762293,106,5
https://openalex.org/A5000327528,106,4
https://openalex.org/A5001650101,106,4
https://openalex.org/A5003943205,106,4
https://openalex.org/A5004729181,106,4
https://openalex.org/A5022678370,106,4
https://openalex.org/A5028642023,106,4
https://openalex.org/A5031629803,106,4
https://openalex.org/A5040814239,106,4
https://openalex.org/A5045850604,106,4
https://openalex.org/A5045922629,106,4
https://openalex.org/A5050897807,106,4
https://openalex.org/A5051233439,106,4
https://openalex.org/A5053388513,106,4
https://openalex.org/A5076844071,106,4
https://openalex.org/A5104779395,106,4
https://openalex.org/A5109117592,106,4
https://openalex.org/A5004237789,106,3
https://openalex.org/A5018921347,106,3
https://openalex.org/A5036659250,106,3
https://openalex.org/A5039375454,106,3
https://openalex.org/A5049280992,106,3
https://openalex.org/A5052274381,106,3
https://openalex.org/A5058049693,106,3
https://openalex.org/A5059199035,106,3
https://openalex.org/A5069070420,106,3
https://openalex.org/A5074815589,106,3
https://openalex.org/A5091130884,106,3
https://openalex.org/A5106126744,106,2
https://openalex.org/A5109029367,106,2
https://openalex.org/A5034728614,107,34
https://openalex.org/A5053385413,107,7
https://openalex.org/A5062757270,107,7
https://openalex.org/A5082779675,107,6
https://openalex.org/A5006667336,107,5
https://openalex.org/A5046604116,107,5
https://openalex.org/A5050307246,107,5
https://openalex.org/A5059585472,107,5
https://openalex.org/A5062260087,107,5
https://openalex.org/A5079841918,107,5
https://openalex.org/A5084497699,107,5
https://openalex.org/A5048101000,107,4
https://openalex.org/A5058319194,107,3
https://openalex.org/A5063531848,107,3
https://openalex.org/A5068007932,107,3
https://openalex.org/A5073893699,107,3
https://openalex.org/A5074899838,107,3
https://openalex.org/A5075699074,107,3
https://openalex.org/A5080609344,107,3
https://openalex.org/A5081865654,107,3
https://openalex.org/A5081925452,107,3
https://openalex.org/A5086980894,107,3
https://openalex.org/A5089262955,107,3
https://openalex.org/A5101397764,107,3
https://openalex.org/A5102960424,107,3
https://openalex.org/A5113885169,107,3
https://openalex.org/A5003486908,107,2
https://openalex.org/A5015108715,107,2
https://openalex.org/A5059671494,107,2
https://openalex.org/A5072766947,107,2
https://openalex.org/A5022761956,107,1
https://openalex.org/A5035948107,107,1
https://openalex.org/A5041407071,107,1
https://openalex.org/A5076828114,107,1
https://openalex.org/A5025102458,108,33
https://openalex.org/A5068331895,108,6
https://openalex.org/A5012103972,108,3
https://openalex.org/A5018043057,108,3
https://openalex.org/A5060363888,108,3
https://openalex.org/A5069298013,108,3
https://openalex.org/A5082748113,108,3
https://openalex.org/A5100741452,108,3
https://openalex.org/A5008009095,108,2
https://openalex.org/A5023563312,108,2
https://openalex.org/A5027015634,108,2
https://openalex.org/A5035231118,108,2
https://openalex.org/A5074611177,108,2
https://openalex.org/A5086767014,108,2
https://openalex.org/A5100420186,108,2
https://openalex.org/A5100615893,108,2
https://openalex.org/A5103042969,108,2
https://openalex.org/A5103253037,108,2
https://openalex.org/A5109391910,108,2
https://openalex.org/A5011776218,108,1
https://openalex.org/A5023080596,108,1
https://openalex.org/A5023232205,108,1
https://openalex.org/A5023530779,108,1
https://openalex.org/A5033243036,108,1
https://openalex.org/A5045602032,108,1
https://openalex.org/A5046567816,108,1
https://openalex.org/A5047808862,108,1
https://openalex.org/A5050638988,108,1
https://openalex.org/A5056426919,108,1
https://openalex.org/A5064410040,108,1
https://openalex.org/A5072757892,108,1
https://openalex.org/A5091203238,108,1
https://openalex.org/A5100899328,108,1
https://openalex.org/A5112157265,108,1
https://openalex.org/A5009398155,109,32
https://openalex.org/A5047457262,109,12
https://openalex.org/A5100649225,109,8
https://openalex.org/A5009773791,109,7
https://openalex.org/A5018319281,109,7
https://openalex.org/A5018950435,109,7
https://openalex.org/A5025308262,109,7
https://openalex.org/A5032181031,109,7
https://openalex.org/A5072332833,109,7
https://openalex.org/A5100341459,109,6
https://openalex.org/A5055392235,109,5
https://openalex.org/A5074243458,109,5
https://openalex.org/A5077217484,109,5
https://openalex.org/A5086797698,109,5
https://openalex.org/A5100380514,109,5
https://openalex.org/A5101521565,109,5
https://openalex.org/A5113976338,109,5
https://openalex.org/A5000234165,109,4
https://openalex.org/A5006185099,109,4
https://openalex.org/A5056677399,109,4
https://openalex.org/A5072415542,109,4
https://openalex.org/A5074817079,109,4
https://openalex.org/A5083857219,109,4
https://openalex.org/A5101688605,109,4
https://openalex.org/A5008655239,109,3
https://openalex.org/A5039755457,109,3
https://openalex.org/A5080195676,109,3
https://openalex.org/A5101565874,109,3
https://openalex.org/A5104125134,109,3
https://openalex.org/A5057177662,109,2
https://openalex.org/A5058600360,109,2
https://openalex.org/A5100574190,109,2
https://openalex.org/A5110930428,109,2
https://openalex.org/A5100401280,110,32
https://openalex.org/A5006027116,110,6
https://openalex.org/A5050550645,110,6
https://openalex.org/A5101950297,110,6
https://openalex.org/A5103173505,110,6
https://openalex.org/A5103568665,110,6
https://openalex.org/A5113519051,110,6
https://openalex.org/A5010014663,110,5
https://openalex.org/A5010379587,110,5
https://openalex.org/A5020432455,110,5
https://openalex.org/A5100348281,110,5
https://openalex.org/A5100448690,110,5
https://openalex.org/A5013799893,110,4
https://openalex.org/A5032945777,110,4
https://openalex.org/A5038259614,110,4
https://openalex.org/A5040405028,110,4
https://openalex.org/A5041392530,110,4
https://openalex.org/A5043681374,110,4
https://openalex.org/A5048125506,110,4
https://openalex.org/A5050316172,110,4
https://openalex.org/A5068804724,110,4
https://openalex.org/A5075396691,110,4
https://openalex.org/A5079120128,110,4
https://openalex.org/A5100342355,110,4
https://openalex.org/A5100346147,110,4
https://openalex.org/A5100379837,110,4
https://openalex.org/A5100620430,110,4
https://openalex.org/A5112235613,110,4
https://openalex.org/A5056706388,110,3
https://openalex.org/A5013357828,110,2
https://openalex.org/A5032757204,110,2
https://openalex.org/A5070370070,110,2
https://openalex.org/A5105350551,110,2
https://openalex.org/A5074372343,111,31
https://openalex.org/A5102921460,111,13
https://openalex.org/A5023019678,111,12
https://openalex.org/A5058147589,111,12
https://openalex.org/A5103452944,111,12
https://openalex.org/A5001055925,111,8
https://openalex.org/A5001341965,111,8
https://openalex.org/A5014109789,111,8
https://openalex.org/A5101754794,111,8
https://openalex.org/A5112682583,111,8
https://openalex.org/A5016017616,111,7
https://openalex.org/A5026357766,111,7
https://openalex.org/A5041752347,111,7
https://openalex.org/A5047098905,111,7
https://openalex.org/A5050898462,111,7
https://openalex.org/A5100840033,111,7
https://openalex.org/A5101509613,111,7
https://openalex.org/A5107145654,111,7
https://openalex.org/A5113577509,111,7
https://openalex.org/A5012964156,111,6
https://openalex.org/A5041083697,111,6
https://openalex.org/A5058974801,111,6
https://openalex.org/A5067731596,111,6
https://openalex.org/A5085182910,111,6
https://openalex.org/A5088473041,111,6
https://openalex.org/A5000149246,111,4
https://openalex.org/A5015691510,111,4
https://openalex.org/A5074815260,111,4
https://openalex.org/A5102813354,111,4
https://openalex.org/A5008649719,111,3
https://openalex.org/A5072567139,111,3
https://openalex.org/A5072834548,111,3
https://openalex.org/A5010871179,112,31
https://openalex.org/A5064721211,112,16
https://openalex.org/A5064881742,112,13
https://openalex.org/A5113547842,112,10
https://openalex.org/A5050932247,112,8
https://openalex.org/A5010532285,112,7
https://openalex.org/A5038364497,112,7
https://openalex.org/A5050166381,112,7
https://openalex.org/A5050852851,112,7
https://openalex.org/A5053334325,112,7
https://openalex.org/A5066536026,112,7
https://openalex.org/A5087259804,112,7
https://openalex.org/A5019958776,112,6
https://openalex.org/A5041333148,112,6
https://openalex.org/A5043782681,112,6
https://openalex.org/A5046775344,112,6
https://openalex.org/A5047063427,112,6
https://openalex.org/A5111593239,112,6
https://openalex.org/A5002180329,112,5
https://openalex.org/A5004753948,112,5
https://openalex.org/A5007437403,112,5
https://openalex.org/A5026992006,112,5
https://openalex.org/A5037321995,112,5
https://openalex.org/A5058905297,112,5
https://openalex.org/A5072747929,112,5
https://openalex.org/A5080499837,112,5
https://openalex.org/A5034488846,112,4
https://openalex.org/A5040958517,112,4
https://openalex.org/A5108220784,112,4
https://openalex.org/A5026689191,112,3
https://openalex.org/A5027485208,112,3
https://openalex.org/A5112025649,112,3
https://openalex.org/A5072495084,113,31
https://openalex.org/A5062841020,113,5
https://openalex.org/A5080575294,113,4
https://openalex.org/A5011176205,113,3
https://openalex.org/A5019610791,113,3
https://openalex.org/A5020279598,113,3
https://openalex.org/A5027944720,113,3
https://openalex.org/A5032389695,113,3
https://openalex.org/A5048658972,113,3
https://openalex.org/A5072713767,113,3
https://openalex.org/A5076708141,113,3
https://openalex.org/A5091640094,113,3
https://openalex.org/A5100369688,113,3
https://openalex.org/A5005154749,113,2
https://openalex.org/A5008794792,113,2
https://openalex.org/A5009169058,113,2
https://openalex.org/A5016243877,113,2
https://openalex.org/A5041723842,113,2
https://openalex.org/A5065207980,113,2
https://openalex.org/A5065355421,113,2
https://openalex.org/A5066728260,113,2
https://openalex.org/A5080237056,113,2
https://openalex.org/A5080565728,113,2
https://openalex.org/A5087011891,113,2
https://openalex.org/A5103799365,113,2
https://openalex.org/A5108137552,113,2
https://openalex.org/A5012870568,113,1
https://openalex.org/A5027179922,113,1
https://openalex.org/A5032933169,113,1
https://openalex.org/A5035951153,113,1
https://openalex.org/A5100369700,113,1
https://openalex.org/A5101903368,113,1
https://openalex.org/A5052696387,114,30
https://openalex.org/A5081836436,114,26
https://openalex.org/A5019636254,114,23
https://openalex.org/A5004970752,114,12
https://openalex.org/A5016155214,114,10
https://openalex.org/A5024041113,114,10
https://openalex.org/A5021154734,114,8
https://openalex.org/A5050600261,114,8
https://openalex.org/A5053117734,114,8
https://openalex.org/A5016362546,114,7
https://openalex.org/A5024585440,114,7
https://openalex.org/A5036322916,114,7
https://openalex.org/A5037825805,114,7
https://openalex.org/A5025435524,114,6
https://openalex.org/A5026430625,114,6
https://openalex.org/A5033750476,114,6
https://openalex.org/A5078773512,114,6
https://openalex.org/A5014678754,114,5
https://openalex.org/A5016084069,114,5
https://openalex.org/A5021017127,114,5
https://openalex.org/A5023159660,114,5
https://openalex.org/A5043754825,114,5
https://openalex.org/A5069942848,114,5
https://openalex.org/A5074086855,114,5
https://openalex.org/A5077717610,114,5
https://openalex.org/A5108379191,114,5
https://openalex.org/A5002508798,114,4
https://openalex.org/A5057157436,114,4
https://openalex.org/A5078804916,114,4
https://openalex.org/A5084438320,114,3
https://openalex.org/A5103627363,114,3
https://openalex.org/A5100786285,115,30
https://openalex.org/A5101445145,115,7
https://openalex.org/A5023961439,115,5
https://openalex.org/A5026968178,115,5
https://openalex.org/A5046207199,115,5
https://openalex.org/A5068442965,115,5
https://openalex.org/A5100608635,115,5
https://openalex.org/A5100673992,115,5
https://openalex.org/A5112742842,115,5
https://openalex.org/A5114062940,115,5
https://openalex.org/A5006255278,115,4
https://openalex.org/A5014905849,115,4
https://openalex.org/A5042211537,115,4
https://openalex.org/A5045906183,115,4
https://openalex.org/A5050067874,115,4
https://openalex.org/A5057681381,115,4
https://openalex.org/A5081232540,115,4
https://openalex.org/A5084894869,115,4
https://openalex.org/A5088467083,115,4
https://openalex.org/A5102823001,115,4
https://openalex.org/A5108750875,115,4
https://openalex.org/A5111742535,115,4
https://openalex.org/A5015199593,115,3
https://openalex.org/A5041373282,115,3
https://openalex.org/A5072543755,115,3
https://openalex.org/A5080291736,115,3
https://openalex.org/A5085032430,115,3
https://openalex.org/A5100359368,115,3
https://openalex.org/A5038036989,115,1
https://openalex.org/A5061721957,115,1
https://openalex.org/A5067999860,115,1
https://openalex.org/A5033106393,116,29
https://openalex.org/A5003311970,116,7
https://openalex.org/A5018267985,116,5
https://openalex.org/A5023117959,116,5
https://openalex.org/A5084633048,116,5
https://openalex.org/A5086648739,116,5
https://openalex.org/A5101303708,116,5
https://openalex.org/A5000720031,116,4
https://openalex.org/A5003565183,116,4
https://openalex.org/A5013897558,116,4
https://openalex.org/A5016563574,116,4
https://openalex.org/A5025174214,116,4
https://openalex.org/A5027854157,116,4
https://openalex.org/A5039323128,116,4
https://openalex.org/A5063838430,116,4
https://openalex.org/A5063908850,116,4
https://openalex.org/A5065139982,116,4
https://openalex.org/A5079007683,116,4
https://openalex.org/A5091809877,116,4
https://openalex.org/A5100616675,116,4
https://openalex.org/A5100670377,116,4
https://openalex.org/A5101497089,116,4
https://openalex.org/A5046825295,116,3
https://openalex.org/A5063290249,116,3
https://openalex.org/A5010658384,116,2
https://openalex.org/A5059820058,116,2
https://openalex.org/A5068236857,116,2
https://openalex.org/A5040773214,116,1
https://openalex.org/A5100456016,116,1
https://openalex.org/A5103177278,116,1
https://openalex.org/A5084087666,117,19
https://openalex.org/A5026246193,117,11
https://openalex.org/A5032942801,117,11
https://openalex.org/A5006932859,117,10
https://openalex.org/A5043951057,117,9
https://openalex.org/A5071280654,117,9
https://openalex.org/A5002780252,117,6
https://openalex.org/A5027026553,117,6
https://openalex.org/A5030634128,117,6
https://openalex.org/A5047453764,117,6
https://openalex.org/A5051334054,117,6
https://openalex.org/A5064937072,117,6
https://openalex.org/A5100326632,117,6
https://openalex.org/A5100402892,117,6
https://openalex.org/A5100453158,117,6
https://openalex.org/A5100745486,117,6
https://openalex.org/A5101901854,117,6
https://openalex.org/A5021797990,117,5
https://openalex.org/A5024705099,117,5
https://openalex.org/A5032478558,117,5
https://openalex.org/A5061824052,117,5
https://openalex.org/A5068264194,117,5
https://openalex.org/A5076594501,117,5
https://openalex.org/A5078719120,117,5
https://openalex.org/A5082984309,117,5
https://openalex.org/A5100320542,117,5
https://openalex.org/A5011154045,117,3
https://openalex.org/A5020429111,117,3
https://openalex.org/A5076360588,117,2
https://openalex.org/A5108289791,117,2
https://openalex.org/A5061970875,118,29
https://openalex.org/A5102146946,118,10
https://openalex.org/A5005554590,118,7
https://openalex.org/A5009277635,118,7
https://openalex.org/A5014105109,118,7
https://openalex.org/A5014956855,118,7
https://openalex.org/A5033328555,118,7
https://openalex.org/A5041746597,118,7
https://openalex.org/A5042339914,118,7
https://openalex.org/A5059939086,118,7
https://openalex.org/A5072847592,118,7
https://openalex.org/A5074010739,118,7
https://openalex.org/A5089964743,118,7
https://openalex.org/A5091329933,118,7
https://openalex.org/A5101863093,118,7
https://openalex.org/A5101963677,118,7
https://openalex.org/A5100350370,118,6
https://openalex.org/A5101708511,118,6
https://openalex.org/A5112431755,118,6
https://openalex.org/A5004124230,118,5
https://openalex.org/A5023516815,118,5
https://openalex.org/A5100350386,118,5
https://openalex.org/A5100927160,118,5
https://openalex.org/A5100681998,118,4
https://openalex.org/A5100758655,118,4
https://openalex.org/A5005799052,118,2
https://openalex.org/A5039202353,118,2
https://openalex.org/A5071895721,118,2
https://openalex.org/A5112834367,118,2
https://openalex.org/A5100332115,118,1
https://openalex.org/A5080344245,119,29
https://openalex.org/A5027140993,119,8
https://openalex.org/A5057237100,119,8
https://openalex.org/A5057964855,119,8
https://openalex.org/A5070605817,119,8
https://openalex.org/A5091514152,119,8
https://openalex.org/A5100633514,119,8
https://openalex.org/A5103203457,119,8
https://openalex.org/A5104282056,119,8
https://openalex.org/A5114150178,119,8
https://openalex.org/A5057821475,119,7
https://openalex.org/A5060885283,119,7
https://openalex.org/A5062571604,119,7
https://openalex.org/A5065920425,119,7
https://openalex.org/A5010644779,119,6
https://openalex.org/A5014603564,119,6
https://openalex.org/A5046567480,119,6
https://openalex.org/A5091325069,119,6
https://openalex.org/A5100351697,119,6
https://openalex.org/A5100382773,119,6
https://openalex.org/A5101197056,119,6
https://openalex.org/A5101531050,119,6
https://openalex.org/A5082331884,119,5
https://openalex.org/A5110719662,119,5
https://openalex.org/A5114102623,119,5
https://openalex.org/A5100334831,119,4
https://openalex.org/A5008713573,119,3
https://openalex.org/A5017502729,119,3
https://openalex.org/A5101878083,119,2
https://openalex.org/A5102019205,119,2
https://openalex.org/A5032478403,120,28
https://openalex.org/A5044382004,120,8
https://openalex.org/A5082719648,120,8
https://openalex.org/A5091515460,120,8
https://openalex.org/A5053748236,120,6
https://openalex.org/A5005910087,120,5
https://openalex.org/A5010952532,120,5
https://openalex.org/A5014499160,120,5
https://openalex.org/A5016006934,120,5
https://openalex.org/A5020617558,120,5
https://openalex.org/A5022359484,120,5
https://openalex.org/A5029473909,120,5
https://openalex.org/A5051745227,120,5
https://openalex.org/A5059509218,120,5
https://openalex.org/A5064349243,120,5
https://openalex.org/A5075765203,120,5
https://openalex.org/A5077750862,120,5
https://openalex.org/A5102758123,120,5
https://openalex.org/A5001117827,120,4
https://openalex.org/A5002033942,120,4
https://openalex.org/A5017572178,120,4
https://openalex.org/A5029004327,120,4
https://openalex.org/A5035908112,120,4
https://openalex.org/A5063806099,120,4
https://openalex.org/A5072291578,120,4
https://openalex.org/A5072310663,120,4
https://openalex.org/A5019045581,120,2
https://openalex.org/A5085170428,120,2
https://openalex.org/A5003227887,120,1
https://openalex.org/A5041467283,121,28
https://openalex.org/A5100658432,121,14
https://openalex.org/A5100637969,121,8
https://openalex.org/A5028036387,121,7
https://openalex.org/A5003438234,121,6
https://openalex.org/A5035889333,121,6
https://openalex.org/A5028933254,121,5
https://openalex.org/A5067621237,121,5
https://openalex.org/A5100408263,121,5
https://openalex.org/A5100658146,121,5
https://openalex.org/A5102886809,121,5
https://openalex.org/A5110371061,121,5
https://openalex.org/A5018748836,121,4
https://openalex.org/A5086091747,121,4
https://openalex.org/A5100736352,121,4
https://openalex.org/A5037095156,121,3
https://openalex.org/A5041741068,121,3
https://openalex.org/A5058761352,121,3
https://openalex.org/A5066124397,121,3
https://openalex.org/A5105234638,121,3
https://openalex.org/A5017287575,121,2
https://openalex.org/A5033788225,121,2
https://openalex.org/A5058813836,121,2
https://openalex.org/A5075415350,121,2
https://openalex.org/A5077260197,121,2
https://openalex.org/A5100354344,121,2
https://openalex.org/A5100700271,121,2
https://openalex.org/A5101901000,121,1
https://openalex.org/A5102105118,121,1
https://openalex.org/A5100673667,122,27
https://openalex.org/A5076196589,122,21
https://openalex.org/A5050506728,122,15
https://openalex.org/A5016974283,122,13
https://openalex.org/A5033650971,122,12
https://openalex.org/A5011691545,122,8
https://openalex.org/A5035477427,122,8
https://openalex.org/A5038216241,122,8
https://openalex.org/A5100435114,122,8
https://openalex.org/A5100705198,122,8
https://openalex.org/A5011908287,122,7
https://openalex.org/A5014614003,122,7
https://openalex.org/A5015855639,122,7
https://openalex.org/A5020520113,122,7
https://openalex.org/A5023729138,122,7
https://openalex.org/A5028818156,122,7
https://openalex.org/A5029072578,122,7
https://openalex.org/A5046809209,122,7
https://openalex.org/A5062358754,122,7
https://openalex.org/A5080348844,122,7
https://openalex.org/A5100372277,122,7
https://openalex.org/A5101481031,122,7
https://openalex.org/A5101715384,122,7
https://openalex.org/A5101839897,122,7
https://openalex.org/A5104039909,122,7
https://openalex.org/A5050813950,122,5
https://openalex.org/A5100376569,122,5
https://openalex.org/A5100653038,122,5
https://openalex.org/A5052689841,123,26
https://openalex.org/A5033040903,123,24
https://openalex.org/A5086664554,123,9
https://openalex.org/A5000898554,123,8
https://openalex.org/A5007532476,123,8
https://openalex.org/A5021399659,123,8
https://openalex.org/A5047063370,123,8
https://openalex.org/A5047303963,123,8
https://openalex.org/A5055089241,123,8
https://openalex.org/A5102837413,123,8
https://openalex.org/A5034729700,123,6
https://openalex.org/A5042776932,123,6
https://openalex.org/A5056300015,123,6
https://openalex.org/A5074005348,123,6
https://openalex.org/A5005853815,123,5
https://openalex.org/A5048300020,123,5
https://openalex.org/A5052990968,123,5
https://openalex.org/A5057337931,123,5
https://openalex.org/A5062264619,123,5
https://openalex.org/A5075708076,123,5
https://openalex.org/A5084136574,123,5
https://openalex.org/A5102866143,123,5
https://openalex.org/A5102958677,123,5
https://openalex.org/A5112078353,123,5
https://openalex.org/A5113619796,123,5
https://openalex.org/A5036197736,123,2
https://openalex.org/A5082531754,123,2
https://openalex.org/A5050678130,124,26
https://openalex.org/A5002868133,124,8
https://openalex.org/A5011277684,124,8
https://openalex.org/A5029338444,124,8
https://openalex.org/A5030579439,124,8
https://openalex.org/A5034146418,124,8
https://openalex.org/A5047150854,124,8
https://openalex.org/A5048513635,124,8
https://openalex.org/A5058062304,124,8
https://openalex.org/A5058239329,124,8
https://openalex.org/A5063007722,124,8
https://openalex.org/A5067616011,124,8
https://openalex.org/A5077896180,124,8
https://openalex.org/A5088062944,124,8
https://openalex.org/A5100729011,124,8
https://openalex.org/A5101466370,124,8
https://openalex.org/A5112997684,124,8
https://openalex.org/A5046057102,124,6
https://openalex.org/A5058916127,124,6
https://openalex.org/A5078512150,124,6
https://openalex.org/A5093406883,124,6
https://openalex.org/A5105672017,124,6
https://openalex.org/A5111085517,124,6
https://openalex.org/A5017754530,124,4
https://openalex.org/A5070000174,124,4
https://openalex.org/A5037484258,124,3
https://openalex.org/A5086010795,124,3
https://openalex.org/A5071428099,125,26
https://openalex.org/A5007653214,125,8
https://openalex.org/A5030413356,125,5
https://openalex.org/A5083196875,125,5
https://openalex.org/A5103904813,125,5
https://openalex.org/A5113903988,125,5
https://openalex.org/A5004696201,125,4
https://openalex.org/A5004814195,125,4
https://openalex.org/A5076744030,125,4
https://openalex.org/A5022798675,125,3
https://openalex.org/A5040830424,125,3
https://openalex.org/A5053847237,125,3
https://openalex.org/A5056241246,125,3
https://openalex.org/A5066379859,125,3
https://openalex.org/A5070022287,125,3
https://openalex.org/A5019033819,125,2
https://openalex.org/A5026186969,125,2
https://openalex.org/A5050863659,125,2
https://openalex.org/A5060815756,125,2
https://openalex.org/A5066094824,125,2
https://openalex.org/A5066213403,125,2
https://openalex.org/A5072153878,125,2
https://openalex.org/A5074424634,125,2
https://openalex.org/A5082884914,125,2
https://openalex.org/A5090062904,125,2
https://openalex.org/A5016870484,125,1
https://openalex.org/A5075275180,125,1
https://openalex.org/A5089975070,126,25
https://openalex.org/A5080161918,126,8
https://openalex.org/A5088224304,126,6
https://openalex.org/A5014380488,126,5
https://openalex.org/A5074400959,126,5
https://openalex.org/A5022692113,126,4
https://openalex.org/A5030406416,126,4
https://openalex.org/A5043541147,126,4
https://openalex.org/A5067220728,126,4
https://openalex.org/A5040073948,126,3
https://openalex.org/A5055429967,126,3
https://openalex.org/A5063974575,126,3
https://openalex.org/A5088934814,126,3
https://openalex.org/A5001200509,126,2
https://openalex.org/A5009878642,126,2
https://openalex.org/A5024181945,126,2
https://openalex.org/A5032539705,126,2
https://openalex.org/A5034612031,126,2
https://openalex.org/A5045851353,126,2
https://openalex.org/A5051523814,126,2
https://openalex.org/A5080988332,126,2
https://openalex.org/A5103262271,126,2
https://openalex.org/A5110024861,126,2
https://openalex.org/A5040261980,126,1
https://openalex.org/A5045422486,126,1
https://openalex.org/A5085378363,126,1
https://openalex.org/A5081286391,127,25
https://openalex.org/A5061616049,127,9
https://openalex.org/A5001668359,127,8
https://openalex.org/A5038417302,127,8
https://openalex.org/A5040517648,127,8
https://openalex.org/A5048935850,127,8
https://openalex.org/A5051851063,127,8
https://openalex.org/A5073696104,127,8
https://openalex.org/A5087068699,127,8
https://openalex.org/A5003405093,127,7
https://openalex.org/A5102975445,127,7
https://openalex.org/A5004037873,127,6
https://openalex.org/A5025261138,127,6
https://openalex.org/A5028273622,127,6
https://openalex.org/A5048586168,127,6
https://openalex.org/A5085508573,127,6
https://openalex.org/A5088441239,127,6
https://openalex.org/A5030666993,127,5
https://openalex.org/A5044978023,127,5
https://openalex.org/A5112140469,127,5
https://openalex.org/A5005666670,127,4
https://openalex.org/A5032497563,127,4
https://openalex.org/A5077775930,127,4
https://openalex.org/A5083318798,127,4
https://openalex.org/A5105295519,127,3
https://openalex.org/A5026086340,127,2
https://openalex.org/A5088453666,128,24
https://openalex.org/A5046805836,128,13
https://openalex.org/A5001962917,128,5
https://openalex.org/A5011348808,128,5
https://openalex.org/A5015305610,128,5
https://openalex.org/A5020420332,128,5
https://openalex.org/A5031643276,128,5
https://openalex.org/A5039686811,128,5
https://openalex.org/A5048493421,128,5
https://openalex.org/A5060016969,128,5
https://openalex.org/A5066098469,128,5
https://openalex.org/A5067941440,128,5
https://openalex.org/A5083392350,128,5
https://openalex.org/A5083509292,128,5
https://openalex.org/A5091662459,128,5
https://openalex.org/A5004609792,128,3
https://openalex.org/A5007609257,128,3
https://openalex.org/A5016838563,128,3
https://openalex.org/A5055504859,128,3
https://openalex.org/A5078452831,128,3
https://openalex.org/A5082132955,128,3
https://openalex.org/A5000428259,128,2
https://openalex.org/A5004043467,128,2
https://openalex.org/A5008164172,128,2
https://openalex.org/A5066160289,128,2
https://openalex.org/A5100605178,129,24
https://openalex.org/A5059052334,129,7
https://openalex.org/A5101808477,129,7
https://openalex.org/A5108834931,129,7
https://openalex.org/A5109397906,129,7
https://openalex.org/A5110647340,129,7
https://openalex.org/A5112402227,129,7
https://openalex.org/A5115589935,129,7
https://openalex.org/A5043680822,129,6
https://openalex.org/A5071457146,129,6
https://openalex.org/A5100761578,129,6
https://openalex.org/A5102189424,129,6
https://openalex.org/A5103108636,129,6
https://openalex.org/A5111570891,129,6
https://openalex.org/A5003241789,129,5
https://openalex.org/A5009638767,129,5
https://openalex.org/A5048902566,129,5
https://openalex.org/A5067749231,129,5
https://openalex.org/A5083024701,129,5
https://openalex.org/A5009243719,129,3
https://openalex.org/A5009334735,129,3
https://openalex.org/A5050989463,129,3
https://openalex.org/A5109923634,129,3
https://openalex.org/A5110156252,129,3
https://openalex.org/A5113657241,129,3
https://openalex.org/A5008734987,130,24
https://openalex.org/A5007641514,130,7
https://openalex.org/A5013683783,130,7
https://openalex.org/A5028613949,130,7
https://openalex.org/A5048135453,130,7
https://openalex.org/A5056220491,130,7
https://openalex.org/A5106748798,130,7
https://openalex.org/A5109129223,130,7
https://openalex.org/A5027224775,130,6
https://openalex.org/A5075414269,130,6
https://openalex.org/A5078202903,130,6
https://openalex.org/A5081987489,130,6
https://openalex.org/A5100686764,130,6
https://openalex.org/A5104105743,130,6
https://openalex.org/A5006394687,130,4
https://openalex.org/A5023748022,130,4
https://openalex.org/A5063644961,130,4
https://openalex.org/A5083345400,130,4
https://openalex.org/A5031112828,130,3
https://openalex.org/A5101819554,130,3
https://openalex.org/A5103627748,130,3
https://openalex.org/A5019481683,130,2
https://openalex.org/A5068539270,130,2
https://openalex.org/A5077281898,130,2
https://openalex.org/A5100727879,130,2
https://openalex.org/A5091243468,131,23
https://openalex.org/A5032963762,131,18
https://openalex.org/A5055283205,131,13
https://openalex.org/A5087244161,131,9
https://openalex.org/A5000259557,131,8
https://openalex.org/A5040583251,131,8
https://openalex.org/A5064792429,131,8
https://openalex.org/A5069972978,131,8
https://openalex.org/A5072333238,131,8
https://openalex.org/A5080660995,131,8
https://openalex.org/A5030379617,131,7
https://openalex.org/A5079803939,131,7
https://openalex.org/A5103258775,131,7
https://openalex.org/A5009946045,131,6
https://openalex.org/A5077661350,131,6
https://openalex.org/A5085558846,131,6
https://openalex.org/A5032742719,131,5
https://openalex.org/A5078854559,131,5
https://openalex.org/A5102905386,131,5
https://openalex.org/A5010993400,131,4
https://openalex.org/A5076037101,131,4
https://openalex.org/A5086501882,131,4
https://openalex.org/A5089627088,131,3
https://openalex.org/A5027647895,131,2
https://openalex.org/A5047335001,132,23
https://openalex.org/A5037120357,132,21
https://openalex.org/A5004400846,132,14
https://openalex.org/A5069337718,132,12
https://openalex.org/A5089908663,132,12
https://openalex.org/A5016241677,132,8
https://openalex.org/A5086267657,132,8
https://openalex.org/A5087140234,132,8
https://openalex.org/A5023825570,132,7
https://openalex.org/A5058200878,132,7
https://openalex.org/A5004290216,132,6
https://openalex.org/A5018003527,132,6
https://openalex.org/A5022322923,132,6
https://openalex.org/A5048277088,132,6
https://openalex.org/A5049717343,132,6
https://openalex.org/A5064260101,132,6
https://openalex.org/A5069474930,132,6
https://openalex.org/A5028606060,132,4
https://openalex.org/A5041181545,132,4
https://openalex.org/A5072361365,132,4
https://openalex.org/A5084556203,132,4
https://openalex.org/A5086272317,132,4
https://openalex.org/A5009055045,132,2
https://openalex.org/A5063932242,132,2
https://openalex.org/A5031344663,133,22
https://openalex.org/A5052376344,133,17
https://openalex.org/A5064215032,133,17
https://openalex.org/A5041084485,133,15
https://openalex.org/A5071281836,133,13
https://openalex.org/A5004840638,133,9
https://openalex.org/A5100565095,133,9
https://openalex.org/A5046895944,133,8
https://openalex.org/A5063918859,133,8
https://openalex.org/A5067819201,133,8
https://openalex.org/A5085556975,133,8
https://openalex.org/A5021825332,133,7
https://openalex.org/A5033088717,133,7
https://openalex.org/A5037844151,133,7
https://openalex.org/A5053369874,133,7
https://openalex.org/A5056668307,133,7
https://openalex.org/A5084856194,133,7
https://openalex.org/A5102752704,133,7
https://openalex.org/A5022841561,133,5
https://openalex.org/A5039178171,133,5
https://openalex.org/A5089277065,133,5
https://openalex.org/A5090353021,133,5
https://openalex.org/A5111650168,133,5
https://openalex.org/A5100447435,134,22
https://openalex.org/A5009293076,134,8
https://openalex.org/A5027481601,134,8
https://openalex.org/A5046637514,134,8
https://openalex.org/A5059105753,134,8
https://openalex.org/A5064307163,134,8
https://openalex.org/A5069225617,134,8
https://openalex.org/A5072931246,134,8
https://openalex.org/A5077174646,134,8
https://openalex.org/A5005241209,134,6
https://openalex.org/A5071004940,134,6
https://openalex.org/A5073729534,134,6
https://openalex.org/A5100436191,134,6
https://openalex.org/A5101973248,134,6
https://openalex.org/A5112197396,134,6
https://openalex.org/A5017979113,134,5
https://openalex.org/A5037306919,134,5
https://openalex.org/A5100334432,134,5
https://openalex.org/A5102925065,134,5
https://openalex.org/A5102974309,134,5
https://openalex.org/A5071851968,134,3
https://openalex.org/A5072409950,134,3
https://openalex.org/A5088540454,134,3
https://openalex.org/A5022066530,135,22
https://openalex.org/A5010195450,135,14
https://openalex.org/A5033388183,135,8
https://openalex.org/A5029780888,135,7
https://openalex.org/A5068958493,135,7
https://openalex.org/A5069626047,135,7
https://openalex.org/A5081699716,135,7
https://openalex.org/A5091439639,135,7
https://openalex.org/A5101466071,135,7
https://openalex.org/A5008725523,135,5
https://openalex.org/A5014792381,135,5
https://openalex.org/A5017089512,135,5
https://openalex.org/A5076715165,135,5
https://openalex.org/A5080409527,135,5
https://openalex.org/A5100522238,135,5
https://openalex.org/A5102193416,135,5
https://openalex.org/A5038412098,135,4
https://openalex.org/A5040857984,135,4
https://openalex.org/A5087671445,135,4
https://openalex.org/A5069117085,135,3
https://openalex.org/A5101766735,135,3
https://openalex.org/A5105370839,135,3
https://openalex.org/A5056174597,135,2
https://openalex.org/A5101494984,136,21
https://openalex.org/A5041189287,136,12
https://openalex.org/A5009694822,136,8
https://openalex.org/A5019626973,136,8
https://openalex.org/A5042715162,136,8
https://openalex.org/A5043863042,136,8
https://openalex.org/A5072057163,136,8
https://openalex.org/A5078198062,136,8
https://openalex.org/A5087782690,136,8
https://openalex.org/A5011687995,136,5
https://openalex.org/A5048325601,136,5
https://openalex.org/A5053734000,136,5
https://openalex.org/A5064614206,136,5
https://openalex.org/A5074747253,136,5
https://openalex.org/A5079205789,136,5
https://openalex.org/A5087436431,136,5
https://openalex.org/A5087678931,136,5
https://openalex.org/A5088261791,136,5
https://openalex.org/A5000909320,136,4
https://openalex.org/A5018346799,136,4
https://openalex.org/A5037396201,136,4
https://openalex.org/A5088237815,136,4
https://openalex.org/A5100395652,137,21
https://openalex.org/A5009949350,137,7
https://openalex.org/A5014855432,137,7
https://openalex.org/A5019840354,137,7
https://openalex.org/A5027470986,137,7
https://openalex.org/A5046108789,137,7
https://openalex.org/A5055440130,137,7
https://openalex.org/A5081538711,137,7
https://openalex.org/A5085838045,137,7
https://openalex.org/A5100338119,137,7
https://openalex.org/A5100422816,137,7
https://openalex.org/A5100657406,137,7
https://openalex.org/A5100708204,137,7
https://openalex.org/A5101909579,137,7
https://openalex.org/A5102675907,137,7
https://openalex.org/A5001714538,137,4
https://openalex.org/A5020202009,137,4
https://openalex.org/A5047572967,137,4
https://openalex.org/A5084224429,137,4
https://openalex.org/A5016893039,137,3
https://openalex.org/A5034089388,137,3
https://openalex.org/A5101685717,137,3
https://openalex.org/A5075302056,138,18
https://openalex.org/A5006651432,138,10
https://openalex.org/A5082830839,138,10
https://openalex.org/A5011008703,138,7
https://openalex.org/A5038710725,138,7
https://openalex.org/A5053501114,138,7
https://openalex.org/A5081293781,138,7
https://openalex.org/A5084844942,138,7
https://openalex.org/A5087471530,138,6
https://openalex.org/A5102733770,138,6
https://openalex.org/A5046575052,138,4
https://openalex.org/A5051193196,138,4
https://openalex.org/A5072470056,138,4
https://openalex.org/A5082666506,138,4
https://openalex.org/A5100347992,138,4
https://openalex.org/A5033397809,138,3
https://openalex.org/A5038710898,138,3
https://openalex.org/A5073571265,138,3
https://openalex.org/A5100595158,138,3
https://openalex.org/A5000969043,138,2
https://openalex.org/A5067285818,138,1
https://openalex.org/A5057457548,139,20
https://openalex.org/A5018799615,139,6
https://openalex.org/A5058940013,139,6
https://openalex.org/A5061359965,139,6
https://openalex.org/A5075217418,139,6
https://openalex.org/A5100446956,139,6
https://openalex.org/A5100699354,139,6
https://openalex.org/A5101192970,139,6
https://openalex.org/A5111615375,139,6
https://openalex.org/A5115603628,139,6
https://openalex.org/A5045607350,139,5
https://openalex.org/A5109938554,139,5
https://openalex.org/A5003589751,139,4
https://openalex.org/A5013119881,139,4
https://openalex.org/A5100333320,139,4
https://openalex.org/A5100677116,139,4
https://openalex.org/A5101507232,139,4
https://openalex.org/A5101715411,139,4
https://openalex.org/A5102018867,139,4
https://openalex.org/A5104071013,139,4
https://openalex.org/A5120863446,139,4
https://openalex.org/A5078604354,140,20
https://openalex.org/A5005532978,140,7
https://openalex.org/A5019702947,140,7
https://openalex.org/A5022322273,140,7
https://openalex.org/A5024569349,140,7
https://openalex.org/A5029929682,140,7
https://openalex.org/A5042781197,140,7
https://openalex.org/A5052270521,140,7
https://openalex.org/A5053736763,140,7
https://openalex.org/A5057626548,140,7
https://openalex.org/A5059078582,140,7
https://openalex.org/A5077076136,140,7
https://openalex.org/A5084684303,140,7
https://openalex.org/A5091482499,140,7
https://openalex.org/A5096786522,140,7
https://openalex.org/A5014213725,140,4
https://openalex.org/A5026228756,140,4
https://openalex.org/A5029558939,140,4
https://openalex.org/A5080963878,140,4
https://openalex.org/A5018916845,140,2
https://openalex.org/A5028511009,140,2
https://openalex.org/A5070565287,141,20
https://openalex.org/A5006980420,141,8
https://openalex.org/A5087587379,141,8
https://openalex.org/A5032456107,141,5
https://openalex.org/A5101824160,141,5
https://openalex.org/A5005835240,141,4
https://openalex.org/A5045198704,141,4
https://openalex.org/A5100387072,141,4
https://openalex.org/A5014816129,141,3
https://openalex.org/A5029571794,141,3
https://openalex.org/A5039402998,141,3
https://openalex.org/A5085905386,141,3
https://openalex.org/A5089767463,141,3
https://openalex.org/A5089825406,141,3
https://openalex.org/A5100700363,141,3
https://openalex.org/A5037774973,141,2
https://openalex.org/A5053234439,141,2
https://openalex.org/A5058654623,141,2
https://openalex.org/A5061028507,141,2
https://openalex.org/A5071093153,141,2
https://openalex.org/A5100902446,141,1
https://openalex.org/A5083807006,142,20
https://openalex.org/A5077333287,142,9
https://openalex.org/A5100360899,142,9
https://openalex.org/A5034106271,142,7
https://openalex.org/A5046402219,142,7
https://openalex.org/A5048369297,142,7
https://openalex.org/A5082882922,142,7
https://openalex.org/A5101801849,142,7
https://openalex.org/A5100444708,142,6
https://openalex.org/A5059448897,142,4
https://openalex.org/A5062492638,142,4
https://openalex.org/A5032030621,142,3
https://openalex.org/A5090164195,142,3
https://openalex.org/A5100360894,142,3
https://openalex.org/A5100360920,142,3
https://openalex.org/A5112364245,142,3
https://openalex.org/A5008147901,142,2
https://openalex.org/A5057814888,142,2
https://openalex.org/A5081498898,142,2
https://openalex.org/A5084220326,142,2
https://openalex.org/A5100360895,142,2
https://openalex.org/A5050750056,143,19
https://openalex.org/A5024263705,143,6
https://openalex.org/A5020804964,143,5
https://openalex.org/A5065453187,143,5
https://openalex.org/A5068122288,143,5
https://openalex.org/A5016885655,143,4
https://openalex.org/A5076079175,143,4
https://openalex.org/A5083212781,143,4
https://openalex.org/A5102864053,143,4
https://openalex.org/A5022899171,143,3
https://openalex.org/A5033595734,143,3
https://openalex.org/A5051606490,143,3
https://openalex.org/A5052831741,143,3
https://openalex.org/A5090680806,143,3
https://openalex.org/A5027117910,143,2
https://openalex.org/A5027926428,143,2
https://openalex.org/A5058204802,143,2
https://openalex.org/A5002467046,143,1
https://openalex.org/A5018470618,143,1
https://openalex.org/A5065919055,143,1
https://openalex.org/A5001360941,144,18
https://openalex.org/A5000969982,144,7
https://openalex.org/A5083372458,144,6
https://openalex.org/A5022296777,144,5
https://openalex.org/A5008208343,144,4
https://openalex.org/A5022392414,144,4
https://openalex.org/A5048671365,144,4
https://openalex.org/A5090057711,144,4
https://openalex.org/A5101532923,144,4
https://openalex.org/A5018768399,144,3
https://openalex.org/A5019762150,144,3
https://openalex.org/A5036596371,144,3
https://openalex.org/A5064992267,144,3
https://openalex.org/A5071045573,144,3
https://openalex.org/A5074578587,144,3
https://openalex.org/A5081789086,144,3
https://openalex.org/A5100333047,144,3
https://openalex.org/A5101925252,144,3
https://openalex.org/A5107809662,144,3
https://openalex.org/A5000991048,145,18
https://openalex.org/A5004801353,145,7
https://openalex.org/A5006869269,145,7
https://openalex.org/A5007195649,145,7
https://openalex.org/A5010222360,145,7
https://openalex.org/A5049378120,145,7
https://openalex.org/A5065289655,145,7
https://openalex.org/A5076759043,145,7
https://openalex.org/A5079119503,145,7
https://openalex.org/A5089019310,145,7
https://openalex.org/A5100929820,145,7
https://openalex.org/A5101032185,145,7
https://openalex.org/A5101772690,145,7
https://openalex.org/A5108314227,145,7
https://openalex.org/A5114211532,145,7
https://openalex.org/A5025125310,145,4
https://openalex.org/A5080112958,145,4
https://openalex.org/A5086793581,145,4
https://openalex.org/A5112684346,145,4
https://openalex.org/A5047128300,146,18
https://openalex.org/A5055278920,146,10
https://openalex.org/A5008673579,146,8
https://openalex.org/A5011282286,146,8
https://openalex.org/A5020910026,146,8
https://openalex.org/A5030096887,146,8
https://openalex.org/A5036030067,146,8
https://openalex.org/A5064791378,146,8
https://openalex.org/A5100380252,146,8
https://openalex.org/A5101461457,146,8
https://openalex.org/A5005904853,146,7
https://openalex.org/A5025067440,146,7
https://openalex.org/A5053632225,146,7
https://openalex.org/A5109987077,146,6
https://openalex.org/A5113574363,146,6
https://openalex.org/A5096922655,146,5
https://openalex.org/A5039720121,146,4
https://openalex.org/A5107790029,146,4
https://openalex.org/A5112309381,146,4
https://openalex.org/A5081149419,147,18
https://openalex.org/A5080323581,147,6
https://openalex.org/A5074519037,147,5
https://openalex.org/A5011726734,147,4
https://openalex.org/A5014749899,147,4
https://openalex.org/A5101969282,147,4
https://openalex.org/A5109806495,147,4
https://openalex.org/A5007280843,147,3
https://openalex.org/A5016506952,147,3
https://openalex.org/A5046690507,147,3
https://openalex.org/A5048498491,147,3
https://openalex.org/A5056061520,147,3
https://openalex.org/A5057210826,147,3
https://openalex.org/A5074779832,147,3
https://openalex.org/A5077123722,147,3
https://openalex.org/A5019252300,147,2
https://openalex.org/A5055688717,147,2
https://openalex.org/A5091448251,147,2
https://openalex.org/A5057594477,147,1
https://openalex.org/A5051043751,148,18
https://openalex.org/A5019927975,148,8
https://openalex.org/A5020013340,148,8
https://openalex.org/A5025350717,148,8
https://openalex.org/A5037712270,148,8
https://openalex.org/A5040292172,148,8
https://openalex.org/A5041500119,148,8
https://openalex.org/A5044120780,148,8
https://openalex.org/A5057726330,148,8
https://openalex.org/A5007508850,148,6
https://openalex.org/A5027125275,148,6
https://openalex.org/A5043728347,148,6
https://openalex.org/A5052165531,148,6
https://openalex.org/A5066227722,148,6
https://openalex.org/A5071344989,148,6
https://openalex.org/A5077722090,148,3
https://openalex.org/A5081309660,148,3
https://openalex.org/A5107845692,148,3
https://openalex.org/A5080531688,148,1
https://openalex.org/A5100371274,149,14
https://openalex.org/A5100642537,149,12
https://openalex.org/A5018666299,149,8
https://openalex.org/A5059998187,149,8
https://openalex.org/A5069634574,149,8
https://openalex.org/A5074524814,149,8
https://openalex.org/A5100461271,149,8
https://openalex.org/A5104181709,149,8
https://openalex.org/A5111067279,149,8
https://openalex.org/A5039723440,149,6
https://openalex.org/A5042143812,149,6
https://openalex.org/A5056398627,149,6
https://openalex.org/A5081811829,149,6
https://openalex.org/A5100382667,149,6
https://openalex.org/A5108829642,149,6
https://openalex.org/A5045638177,149,4
https://openalex.org/A5064805356,149,4
https://openalex.org/A5101563568,149,4
https://openalex.org/A5101620275,149,4
https://openalex.org/A5061152966,150,17
https://openalex.org/A5067924011,150,12
https://openalex.org/A5082339432,150,9
https://openalex.org/A5004012941,150,5
https://openalex.org/A5033239412,150,5
https://openalex.org/A5034183716,150,5
https://openalex.org/A5068890641,150,5
https://openalex.org/A5025255196,150,4
https://openalex.org/A5032690229,150,4
https://openalex.org/A5074907668,150,4
https://openalex.org/A5101533948,150,4
https://openalex.org/A5007087187,150,3
https://openalex.org/A5016040385,150,3
https://openalex.org/A5023079139,150,3
https://openalex.org/A5035993165,150,3
https://openalex.org/A5055538978,150,3
https://openalex.org/A5023557270,150,2
https://openalex.org/A5007432615,150,1
https://openalex.org/A5063313700,151,17
https://openalex.org/A5031518247,151,7
https://openalex.org/A5037267292,151,7
https://openalex.org/A5038756659,151,7
https://openalex.org/A5050681794,151,7
https://openalex.org/A5056522919,151,7
https://openalex.org/A5065522035,151,7
https://openalex.org/A5101631349,151,7
https://openalex.org/A5005242586,151,4
https://openalex.org/A5034967293,151,4
https://openalex.org/A5067630934,151,4
https://openalex.org/A5076515651,151,4
https://openalex.org/A5005507581,151,3
https://openalex.org/A5005616568,151,3
https://openalex.org/A5038367756,151,3
https://openalex.org/A5023352317,151,2
https://openalex.org/A5085150253,151,2
https://openalex.org/A5059975258,151,1
https://openalex.org/A5077137261,152,17
https://openalex.org/A5056662229,152,8
https://openalex.org/A5074171185,152,8
https://openalex.org/A5008824624,152,5
https://openalex.org/A5021586851,152,5
https://openalex.org/A5027431617,152,5
https://openalex.org/A5066376419,152,5
https://openalex.org/A5072315092,152,5
https://openalex.org/A5084929025,152,5
https://openalex.org/A5100610862,152,5
https://openalex.org/A5106171705,152,5
https://openalex.org/A5033927202,152,4
https://openalex.org/A5035525330,152,4
https://openalex.org/A5042230127,152,4
https://openalex.org/A5058056888,152,4
https://openalex.org/A5073621468,152,4
https://openalex.org/A5081761840,152,4
https://openalex.org/A5017825217,152,1
https://openalex.org/A5022873491,153,17
https://openalex.org/A5101448807,153,9
https://openalex.org/A5015526359,153,7
https://openalex.org/A5034340826,153,7
https://openalex.org/A5050499843,153,7
https://openalex.org/A5062663265,153,7
https://openalex.org/A5081290899,153,7
https://openalex.org/A5100451001,153,7
https://openalex.org/A5010881142,153,5
https://openalex.org/A5053909777,153,5
https://openalex.org/A5100605872,153,5
https://openalex.org/A5100629216,153,5
https://openalex.org/A5101591609,153,5
https://openalex.org/A5100326063,153,3
https://openalex.org/A5100348916,153,3
https://openalex.org/A5100376454,153,3
https://openalex.org/A5100384562,153,3
https://openalex.org/A5101448808,153,3
https://openalex.org/A5061629163,154,17
https://openalex.org/A5018654688,154,8
https://openalex.org/A5028967374,154,8
https://openalex.org/A5036008938,154,8
https://openalex.org/A5057456708,154,8
https://openalex.org/A5074483227,154,8
https://openalex.org/A5077356820,154,8
https://openalex.org/A5089165062,154,8
https://openalex.org/A5101563991,154,8
https://openalex.org/A5026654187,154,6
https://openalex.org/A5036304666,154,6
https://openalex.org/A5012724403,154,4
https://openalex.org/A5022681716,154,4
https://openalex.org/A5023483978,154,4
https://openalex.org/A5104038421,154,4
https://openalex.org/A5013018364,154,3
https://openalex.org/A5049342238,154,3
https://openalex.org/A5049806658,154,3
https://openalex.org/A5091677618,155,18
https://openalex.org/A5006866249,155,7
https://openalex.org/A5036998160,155,7
https://openalex.org/A5055707594,155,7
https://openalex.org/A5084216549,155,7
https://openalex.org/A5003862560,155,6
https://openalex.org/A5049630150,155,6
https://openalex.org/A5027112423,155,5
https://openalex.org/A5014730570,155,4
https://openalex.org/A5055454713,155,4
https://openalex.org/A5077608176,155,4
https://openalex.org/A5082006486,155,4
https://openalex.org/A5008402803,155,3
https://openalex.org/A5036672698,155,3
https://openalex.org/A5079482146,155,3
https://openalex.org/A5056680919,155,2
https://openalex.org/A5063549016,155,2
https://openalex.org/A5056421325,156,16
https://openalex.org/A5084402546,156,6
https://openalex.org/A5012463493,156,5
https://openalex.org/A5066039394,156,5
https://openalex.org/A5080211782,156,5
https://openalex.org/A5080484373,156,5
https://openalex.org/A5113226715,156,5
https://openalex.org/A5034058427,156,4
https://openalex.org/A5041330384,156,4
https://openalex.org/A5080819927,156,4
https://openalex.org/A5007322748,156,3
https://openalex.org/A5015900970,156,3
https://openalex.org/A5006211528,156,2
https://openalex.org/A5043647925,156,2
https://openalex.org/A5055711524,156,2
https://openalex.org/A5101482863,156,2
https://openalex.org/A5046731611,156,1
https://openalex.org/A5019686478,157,16
https://openalex.org/A5044201260,157,10
https://openalex.org/A5006814522,157,6
https://openalex.org/A5008418538,157,6
https://openalex.org/A5063076942,157,6
https://openalex.org/A5088534861,157,6
https://openalex.org/A5090116501,157,6
https://openalex.org/A5091816607,157,6
https://openalex.org/A5108077580,157,6
https://openalex.org/A5109945307,157,6
https://openalex.org/A5111636185,157,6
https://openalex.org/A5112826441,157,6
https://openalex.org/A5113798697,157,6
https://openalex.org/A5006925381,157,5
https://openalex.org/A5022398404,157,5
https://openalex.org/A5070420336,157,5
https://openalex.org/A5100457125,157,5
https://openalex.org/A5103473790,158,16
https://openalex.org/A5007354124,158,8
https://openalex.org/A5035068060,158,8
https://openalex.org/A5037317521,158,8
https://openalex.org/A5046600376,158,8
https://openalex.org/A5060679559,158,8
https://openalex.org/A5060951379,158,8
https://openalex.org/A5063716214,158,8
https://openalex.org/A5111443537,158,8
https://openalex.org/A5060576427,158,5
https://openalex.org/A5100459834,158,5
https://openalex.org/A5054409245,158,4
https://openalex.org/A5085052522,158,4
https://openalex.org/A5024076645,158,3
https://openalex.org/A5067967838,158,3
https://openalex.org/A5076234099,158,3
https://openalex.org/A5112748655,158,3
https://openalex.org/A5066172157,159,15
https://openalex.org/A5016721081,159,7
https://openalex.org/A5004610787,159,6
https://openalex.org/A5013631508,159,6
https://openalex.org/A5028902587,159,6
https://openalex.org/A5087026377,159,6
https://openalex.org/A5108477762,159,6
https://openalex.org/A5109512554,159,6
https://openalex.org/A5011376710,159,4
https://openalex.org/A5016327860,159,4
https://openalex.org/A5018414971,159,4
https://openalex.org/A5028642771,159,4
https://openalex.org/A5082078699,159,4
https://openalex.org/A5087189863,159,4
https://openalex.org/A5072086330,159,2
https://openalex.org/A5079558636,159,2
https://openalex.org/A5090765519,160,15
https://openalex.org/A5009488592,160,5
https://openalex.org/A5017383828,160,5
https://openalex.org/A5051535283,160,5
https://openalex.org/A5057271613,160,5
https://openalex.org/A5078528246,160,5
https://openalex.org/A5021657541,160,3
https://openalex.org/A5054401687,160,3
https://openalex.org/A5069759977,160,3
https://openalex.org/A5009273672,160,2
https://openalex.org/A5011607315,160,2
https://openalex.org/A5039761249,160,2
https://openalex.org/A5049143369,160,2
https://openalex.org/A5085145223,160,2
https://openalex.org/A5108230516,160,2
https://openalex.org/A5021584625,160,1
https://openalex.org/A5090872107,161,15
https://openalex.org/A5011283319,161,3
https://openalex.org/A5042543466,161,3
https://openalex.org/A5065733549,161,3
https://openalex.org/A5009953672,161,2
https://openalex.org/A5014305114,161,2
https://openalex.org/A5024953623,161,2
https://openalex.org/A5056251916,161,2
https://openalex.org/A5087749951,161,2
https://openalex.org/A5101478184,161,2
https://openalex.org/A5018891385,161,1
https://openalex.org/A5040618523,161,1
https://openalex.org/A5052501237,161,1
https://openalex.org/A5062906910,161,1
https://openalex.org/A5073315619,161,1
https://openalex.org/A5110395827,161,1
https://openalex.org/A5050048947,162,15
https://openalex.org/A5028157749,162,7
https://openalex.org/A5043590900,162,7
https://openalex.org/A5060404570,162,7
https://openalex.org/A5065809036,162,7
https://openalex.org/A5086974017,162,7
https://openalex.org/A5091376342,162,7
https://openalex.org/A5108073232,162,7
https://openalex.org/A5012149199,162,5
https://openalex.org/A5034967273,162,5
https://openalex.org/A5069326648,162,5
https://openalex.org/A5075387555,162,5
https://openalex.org/A5085654242,162,5
https://openalex.org/A5016538838,162,3
https://openalex.org/A5054693719,162,3
https://openalex.org/A5061757032,162,3
https://openalex.org/A5100437458,163,14
https://openalex.org/A5000777837,163,8
https://openalex.org/A5006459880,163,8
https://openalex.org/A5021370380,163,8
https://openalex.org/A5024370501,163,8
https://openalex.org/A5034970777,163,8
https://openalex.org/A5055292014,163,8
https://openalex.org/A5067962267,163,8
https://openalex.org/A5106724195,163,8
https://openalex.org/A5030934046,163,4
https://openalex.org/A5050306282,163,4
https://openalex.org/A5100414628,163,4
https://openalex.org/A5101998580,163,4
https://openalex.org/A5019139974,163,2
https://openalex.org/A5054948698,163,2
https://openalex.org/A5103873055,164,14
https://openalex.org/A5100447691,164,12
https://openalex.org/A5050309466,164,8
https://openalex.org/A5101891152,164,8
https://openalex.org/A5101513249,164,7
https://openalex.org/A5100449791,164,6
https://openalex.org/A5003239047,164,4
https://openalex.org/A5049158294,164,4
https://openalex.org/A5076676389,164,4
https://openalex.org/A5100755418,164,4
https://openalex.org/A5100947668,164,4
https://openalex.org/A5101633968,164,4
https://openalex.org/A5101888104,164,4
https://openalex.org/A5111343328,164,4
https://openalex.org/A5037936440,164,3
https://openalex.org/A5007130586,165,14
https://openalex.org/A5006801332,165,7
https://openalex.org/A5060293726,165,5
https://openalex.org/A5062082320,165,5
https://openalex.org/A5100416430,165,5
https://openalex.org/A5100776871,165,5
https://openalex.org/A5005657243,165,4
https://openalex.org/A5029474543,165,4
https://openalex.org/A5066586483,165,4
https://openalex.org/A5070128994,165,4
https://openalex.org/A5023204103,165,3
https://openalex.org/A5061702317,165,3
https://openalex.org/A5100354782,165,3
https://openalex.org/A5100441888,165,3
https://openalex.org/A5101558974,165,3
https://openalex.org/A5021210667,166,14
https://openalex.org/A5010172218,166,5
https://openalex.org/A5034989851,166,5
https://openalex.org/A5039453537,166,5
https://openalex.org/A5050933698,166,5
https://openalex.org/A5061898734,166,5
https://openalex.org/A5034174244,166,4
https://openalex.org/A5037762950,166,4
https://openalex.org/A5106760287,166,4
https://openalex.org/A5106764037,166,4
https://openalex.org/A5006095323,166,2
https://openalex.org/A5088924899,166,2
https://openalex.org/A5101928074,166,2
https://openalex.org/A5111726899,166,2
https://openalex.org/A5049285677,166,1
https://openalex.org/A5019278466,167,14
https://openalex.org/A5027730834,167,8
https://openalex.org/A5046882288,167,8
https://openalex.org/A5068715700,167,8
https://openalex.org/A5100362962,167,8
https://openalex.org/A5100447143,167,8
https://openalex.org/A5101863180,167,8
https://openalex.org/A5110373530,167,8
https://openalex.org/A5113658988,167,8
https://openalex.org/A5032736656,167,6
https://openalex.org/A5042256639,167,6
https://openalex.org/A5070113476,167,6
https://openalex.org/A5077509428,167,6
https://openalex.org/A5101773935,167,6
https://openalex.org/A5110591071,167,6
https://openalex.org/A5114994797,168,14
https://openalex.org/A5050887292,168,8
https://openalex.org/A5100438832,168,8
https://openalex.org/A5100551776,168,8
https://openalex.org/A5100556239,168,8
https://openalex.org/A5101207295,168,8
https://openalex.org/A5101440533,168,8
https://openalex.org/A5101533665,168,8
https://openalex.org/A5103180029,168,8
https://openalex.org/A5030662928,168,6
https://openalex.org/A5052961629,168,6
https://openalex.org/A5100310117,168,6
https://openalex.org/A5100352438,168,6
https://openalex.org/A5100659216,168,6
https://openalex.org/A5107298366,168,6
https://openalex.org/A5002429891,169,13
https://openalex.org/A5042503548,169,4
https://openalex.org/A5049281974,169,4
https://openalex.org/A5049393791,169,4
https://openalex.org/A5049639894,169,4
https://openalex.org/A5023617278,169,3
https://openalex.org/A5043683463,169,3
https://openalex.org/A5046973195,169,3
https://openalex.org/A5054116214,169,3
https://openalex.org/A5055244550,169,3
https://openalex.org/A5084679606,169,3
https://openalex.org/A5030724120,169,1
https://openalex.org/A5055922255,169,1
https://openalex.org/A5084047616,169,1
https://openalex.org/A5013939121,170,13
https://openalex.org/A5020885429,170,7
https://openalex.org/A5034599837,170,7
https://openalex.org/A5034768363,170,7
https://openalex.org/A5044949939,170,7
https://openalex.org/A5059794071,170,7
https://openalex.org/A5065930454,170,7
https://openalex.org/A5100757393,170,7
https://openalex.org/A5002662560,170,6
https://openalex.org/A5031284563,170,6
https://openalex.org/A5050861099,170,6
https://openalex.org/A5057140860,170,6
https://openalex.org/A5100674934,170,6
https://openalex.org/A5112470058,170,6
https://openalex.org/A5026560861,171,13
https://openalex.org/A5088031513,171,13
https://openalex.org/A5037335784,171,8
https://openalex.org/A5048700993,171,8
https://openalex.org/A5069641174,171,8
https://openalex.org/A5070520163,171,8
https://openalex.org/A5108394397,171,8
https://openalex.org/A5110449322,171,8
https://openalex.org/A5113991465,171,8
https://openalex.org/A5002840368,171,6
https://openalex.org/A5003502737,171,5
https://openalex.org/A5077616449,171,5
https://openalex.org/A5082912203,171,5
https://openalex.org/A5088895053,171,3
https://openalex.org/A5041987478,172,13
https://openalex.org/A5004328089,172,7
https://openalex.org/A5006199471,172,7
https://openalex.org/A5068093876,172,7
https://openalex.org/A5082007923,172,7
https://openalex.org/A5102030922,172,7
https://openalex.org/A5108370654,172,7
https://openalex.org/A5112663251,172,7
https://openalex.org/A5004924371,172,6
https://openalex.org/A5034929846,172,6
https://openalex.org/A5040774062,172,6
https://openalex.org/A5061073725,172,6
https://openalex.org/A5065909287,172,6
https://openalex.org/A5074046818,172,6
https://openalex.org/A5007296816,173,13
https://openalex.org/A5008775636,173,6
https://openalex.org/A5027222217,173,6
https://openalex.org/A5036845953,173,6
https://openalex.org/A5042151842,173,6
https://openalex.org/A5045219045,173,6
https://openalex.org/A5050239956,173,6
https://openalex.org/A5053108515,173,6
https://openalex.org/A5069642066,173,6
https://openalex.org/A5077989953,173,6
https://openalex.org/A5079116394,173,6
https://openalex.org/A5109455061,173,6
https://openalex.org/A5110950729,173,6
https://openalex.org/A5102836437,173,1
https://openalex.org/A5010185999,174,13
https://openalex.org/A5101701156,174,13
https://openalex.org/A5014692257,174,5
https://openalex.org/A5067465290,174,5
https://openalex.org/A5100374779,174,5
https://openalex.org/A5100783264,174,5
https://openalex.org/A5080258306,174,4
https://openalex.org/A5100340142,174,4
https://openalex.org/A5100690532,174,4
https://openalex.org/A5067652590,174,3
https://openalex.org/A5101450193,174,3
https://openalex.org/A5101543398,174,3
https://openalex.org/A5109299485,174,3
https://openalex.org/A5100671557,174,2
https://openalex.org/A5067493080,175,13
https://openalex.org/A5012185534,175,6
https://openalex.org/A5045602714,175,5
https://openalex.org/A5049388099,175,5
https://openalex.org/A5049836770,175,5
https://openalex.org/A5061189496,175,5
https://openalex.org/A5074873398,175,5
https://openalex.org/A5084131035,175,5
https://openalex.org/A5012927472,175,3
https://openalex.org/A5024909577,175,3
https://openalex.org/A5027647763,175,3
https://openalex.org/A5048615390,175,3
https://openalex.org/A5075028512,175,3
https://openalex.org/A5086944871,175,2
https://openalex.org/A5102800569,176,13
https://openalex.org/A5069329927,176,9
https://openalex.org/A5076953562,176,9
https://openalex.org/A5084450364,176,9
https://openalex.org/A5014995383,176,6
https://openalex.org/A5020927276,176,6
https://openalex.org/A5045540139,176,6
https://openalex.org/A5056717187,176,6
https://openalex.org/A5076706077,176,6
https://openalex.org/A5080543293,176,6
https://openalex.org/A5012638182,176,3
https://openalex.org/A5026858298,176,3
https://openalex.org/A5079807652,176,3
https://openalex.org/A5047601648,176,1
https://openalex.org/A5101759768,177,13
https://openalex.org/A5015833630,177,9
https://openalex.org/A5061673879,177,9
https://openalex.org/A5113691033,177,9
https://openalex.org/A5061704852,177,6
https://openalex.org/A5061987364,177,6
https://openalex.org/A5074772235,177,6
https://openalex.org/A5100340103,177,6
https://openalex.org/A5100357757,177,6
https://openalex.org/A5104197087,177,6
https://openalex.org/A5035827040,177,4
https://openalex.org/A5037387151,177,4
https://openalex.org/A5053758180,177,4
https://openalex.org/A5090474253,177,4
https://openalex.org/A5100786499,178,13
https://openalex.org/A5041727213,178,6
https://openalex.org/A5046238678,178,6
https://openalex.org/A5071341945,178,6
https://openalex.org/A5086521315,178,6
https://openalex.org/A5088627458,178,6
https://openalex.org/A5112051440,178,6
https://openalex.org/A5019770211,178,5
https://openalex.org/A5029214642,178,5
https://openalex.org/A5059345176,178,5
https://openalex.org/A5102918179,178,5
https://openalex.org/A5112881981,178,5
https://openalex.org/A5056131085,178,2
https://openalex.org/A5101771789,178,2
https://openalex.org/A5069375338,179,13
https://openalex.org/A5032343890,179,8
https://openalex.org/A5046563625,179,8
https://openalex.org/A5063689464,179,8
https://openalex.org/A5075069944,179,8
https://openalex.org/A5089967611,179,8
https://openalex.org/A5103627040,179,8
https://openalex.org/A5110328235,179,8
https://openalex.org/A5111482792,179,8
https://openalex.org/A5058452657,179,5
https://openalex.org/A5063948113,179,5
https://openalex.org/A5064593698,179,5
https://openalex.org/A5074236126,179,5
https://openalex.org/A5086350893,179,5
https://openalex.org/A5061797775,180,13
https://openalex.org/A5100754909,180,8
https://openalex.org/A5047481298,180,5
https://openalex.org/A5090298572,180,5
https://openalex.org/A5100391080,180,5
https://openalex.org/A5100695483,180,5
https://openalex.org/A5101779489,180,5
https://openalex.org/A5103072957,180,5
https://openalex.org/A5045657176,180,4
https://openalex.org/A5049702324,180,4
https://openalex.org/A5053473228,180,4
https://openalex.org/A5100632228,180,4
https://openalex.org/A5101654399,180,4
https://openalex.org/A5108553123,180,3
https://openalex.org/A5081393566,181,12
https://openalex.org/A5103324245,181,12
https://openalex.org/A5036940014,181,9
https://openalex.org/A5046293601,181,9
https://openalex.org/A5037754702,181,7
https://openalex.org/A5066925770,181,7
https://openalex.org/A5101653500,181,7
https://openalex.org/A5102768725,181,7
https://openalex.org/A5007426895,181,5
https://openalex.org/A5018668652,181,5
https://openalex.org/A5000083284,181,2
https://openalex.org/A5054952724,181,2
https://openalex.org/A5082114795,181,2
https://openalex.org/A5073972555,182,12
https://openalex.org/A5004879177,182,6
https://openalex.org/A5030861098,182,4
https://openalex.org/A5033550190,182,4
https://openalex.org/A5033680546,182,4
https://openalex.org/A5055423112,182,4
https://openalex.org/A5063097936,182,4
https://openalex.org/A5074714218,182,4
https://openalex.org/A5077407955,182,4
https://openalex.org/A5002946055,182,3
https://openalex.org/A5059705726,182,3
https://openalex.org/A5025408105,182,2
https://openalex.org/A5029619628,182,2
https://openalex.org/A5068268204,183,12
https://openalex.org/A5021287757,183,4
https://openalex.org/A5004096188,183,3
https://openalex.org/A5025877672,183,3
https://openalex.org/A5029628186,183,3
https://openalex.org/A5033413102,183,3
https://openalex.org/A5058667349,183,3
https://openalex.org/A5060051598,183,3
https://openalex.org/A5066563019,183,3
https://openalex.org/A5088935177,183,3
https://openalex.org/A5018661511,183,2
https://openalex.org/A5021866155,183,2
https://openalex.org/A5069589495,183,2
https://openalex.org/A5043862313,184,12
https://openalex.org/A5005986542,184,6
https://openalex.org/A5010781493,184,6
https://openalex.org/A5029312296,184,6
https://openalex.org/A5033783724,184,6
https://openalex.org/A5040974786,184,6
https://openalex.org/A5046814202,184,6
https://openalex.org/A5054607438,184,6
https://openalex.org/A5061512726,184,6
https://openalex.org/A5073453157,184,6
https://openalex.org/A5100739804,184,6
https://openalex.org/A5101002496,184,6
https://openalex.org/A5108110844,184,6
https://openalex.org/A5019811597,185,12
https://openalex.org/A5006079332,185,6
https://openalex.org/A5013839518,185,6
https://openalex.org/A5044543145,185,6
https://openalex.org/A5079986193,185,6
https://openalex.org/A5086068234,185,6
https://openalex.org/A5108302684,185,6
https://openalex.org/A5007674089,185,3
https://openalex.org/A5046474054,185,3
https://openalex.org/A5060058360,185,3
https://openalex.org/A5062455506,185,3
https://openalex.org/A5077341122,185,3
https://openalex.org/A5082213844,185,3
https://openalex.org/A5111986650,186,12
https://openalex.org/A5006600770,186,5
https://openalex.org/A5011733796,186,5
https://openalex.org/A5024858928,186,5
https://openalex.org/A5062678539,186,5
https://openalex.org/A5063597709,186,5
https://openalex.org/A5083821892,186,5
https://openalex.org/A5100412369,186,5
https://openalex.org/A5100673531,186,5
https://openalex.org/A5101490538,186,5
https://openalex.org/A5112374286,186,5
https://openalex.org/A5022685274,186,2
https://openalex.org/A5102153304,186,2
https://openalex.org/A5056169745,187,12
https://openalex.org/A5071179540,187,12
https://openalex.org/A5010381818,187,8
https://openalex.org/A5032013420,187,8
https://openalex.org/A5049992777,187,8
https://openalex.org/A5058543238,187,8
https://openalex.org/A5060845361,187,8
https://openalex.org/A5062758646,187,8
https://openalex.org/A5070380069,187,8
https://openalex.org/A5059105825,187,5
https://openalex.org/A5102986128,187,5
https://openalex.org/A5108655107,187,5
https://openalex.org/A5109135835,187,5
https://openalex.org/A5085176870,188,12
https://openalex.org/A5060617572,188,7
https://openalex.org/A5066687679,188,7
https://openalex.org/A5100676256,188,7
https://openalex.org/A5101211547,188,7
https://openalex.org/A5104099018,188,7
https://openalex.org/A5110704242,188,7
https://openalex.org/A5115694882,188,7
https://openalex.org/A5012431459,188,5
https://openalex.org/A5024741015,188,5
https://openalex.org/A5073682658,188,5
https://openalex.org/A5100329418,188,5
https://openalex.org/A5100363117,188,5
https://openalex.org/A5052819678,189,12
https://openalex.org/A5016751147,189,7
https://openalex.org/A5033603014,189,7
https://openalex.org/A5036559939,189,7
https://openalex.org/A5052361151,189,7
https://openalex.org/A5074283571,189,7
https://openalex.org/A5108238269,189,7
https://openalex.org/A5109967974,189,7
https://openalex.org/A5020104676,189,5
https://openalex.org/A5028072186,189,5
https://openalex.org/A5073561211,189,5
https://openalex.org/A5077680488,189,5
https://openalex.org/A5083791547,189,5
https://openalex.org/A5101462903,190,12
https://openalex.org/A5055470439,190,6
https://openalex.org/A5076895756,190,5
https://openalex.org/A5062205470,190,4
https://openalex.org/A5088891890,190,4
https://openalex.org/A5100645171,190,4
https://openalex.org/A5047247891,190,3
https://openalex.org/A5059753795,190,3
https://openalex.org/A5084525997,190,3
https://openalex.org/A5016845571,190,2
https://openalex.org/A5078726076,190,2
https://openalex.org/A5100604981,190,2
https://openalex.org/A5109846203,190,2
https://openalex.org/A5040323736,191,11
https://openalex.org/A5039162303,191,3
https://openalex.org/A5000032948,191,2
https://openalex.org/A5014143791,191,2
https://openalex.org/A5049235940,191,2
https://openalex.org/A5066396148,191,2
https://openalex.org/A5068752814,191,2
https://openalex.org/A5076735221,191,2
https://openalex.org/A5021290826,191,1
https://openalex.org/A5044331367,191,1
https://openalex.org/A5102985234,191,1
https://openalex.org/A5110096032,191,1
https://openalex.org/A5011822190,192,11
https://openalex.org/A5024993858,192,3
https://openalex.org/A5030497488,192,3
https://openalex.org/A5012514362,192,2
https://openalex.org/A5014368334,192,2
https://openalex.org/A5028572365,192,2
https://openalex.org/A5030259400,192,2
https://openalex.org/A5004307122,192,1
https://openalex.org/A5007702810,192,1
https://openalex.org/A5021333390,192,1
https://openalex.org/A5046449396,192,1
https://openalex.org/A5113495291,192,1
https://openalex.org/A5063456893,193,11
https://openalex.org/A5031562992,193,7
https://openalex.org/A5014141248,193,4
https://openalex.org/A5039648368,193,4
https://openalex.org/A5103914020,193,4
https://openalex.org/A5033793363,193,3
https://openalex.org/A5086940999,193,3
https://openalex.org/A5011534681,193,2
https://openalex.org/A5077694071,193,2
https://openalex.org/A5085472089,193,2
https://openalex.org/A5098566722,193,2
https://openalex.org/A5103258162,193,2
https://openalex.org/A5072392110,194,11
https://openalex.org/A5069420646,194,3
https://openalex.org/A5085973114,194,3
https://openalex.org/A5089030792,194,3
https://openalex.org/A5025881232,194,2
https://openalex.org/A5056248802,194,2
https://openalex.org/A5027580528,194,1
https://openalex.org/A5033198222,194,1
https://openalex.org/A5065086423,194,1
https://openalex.org/A5100844316,194,1
https://openalex.org/A5104047850,194,1
https://openalex.org/A5112605942,194,1
https://openalex.org/A5066732295,195,11
https://openalex.org/A5028191957,195,10
https://openalex.org/A5007638901,195,6
https://openalex.org/A5025142840,195,6
https://openalex.org/A5027767897,195,6
https://openalex.org/A5040821848,195,6
https://openalex.org/A5080433925,195,6
https://openalex.org/A5000533982,195,5
https://openalex.org/A5021907138,195,5
https://openalex.org/A5047792973,195,5
https://openalex.org/A5071010612,195,5
https://openalex.org/A5108621713,196,10
https://openalex.org/A5002370856,196,2
https://openalex.org/A5013025619,196,2
https://openalex.org/A5022117544,196,2
https://openalex.org/A5025484038,196,2
https://openalex.org/A5043397039,196,2
https://openalex.org/A5061541124,196,2
https://openalex.org/A5084845287,196,2
https://openalex.org/A5091092174,196,2
https://openalex.org/A5024838565,196,1
https://openalex.org/A5036435050,196,1
https://openalex.org/A5002716088,197,11
https://openalex.org/A5013630337,197,7
https://openalex.org/A5018307768,197,7
https://openalex.org/A5020530598,197,7
https://openalex.org/A5029826840,197,7
https://openalex.org/A5035496275,197,7
https://openalex.org/A5044367456,197,7
https://openalex.org/A5064082158,197,7
https://openalex.org/A5003712779,197,3
https://openalex.org/A5056136632,197,3
https://openalex.org/A5064431102,197,3
https://openalex.org/A5091451403,198,10
https://openalex.org/A5002731323,198,8
https://openalex.org/A5011577349,198,8
https://openalex.org/A5026803305,198,8
https://openalex.org/A5040740891,198,8
https://openalex.org/A5056119790,198,8
https://openalex.org/A5056249039,198,8
https://openalex.org/A5079055699,198,8
https://openalex.org/A5110913408,198,8
https://openalex.org/A5012305407,198,2
https://openalex.org/A5085255411,198,2
https://openalex.org/A5033369208,199,7
https://openalex.org/A5009634909,199,5
https://openalex.org/A5008588891,199,3
https://openalex.org/A5017680171,199,3
https://openalex.org/A5044895611,199,3
https://openalex.org/A5005123163,199,2
https://openalex.org/A5043898437,199,1
https://openalex.org/A5069125060,199,1
https://openalex.org/A5076063035,199,1
https://openalex.org/A5077832924,199,1
https://openalex.org/A5113443822,199,1
https://openalex.org/A5020639074,200,8
https://openalex.org/A5005902842,200,7
https://openalex.org/A5020779806,200,5
https://openalex.org/A5026833619,200,5
https://openalex.org/A5051223153,200,5
https://openalex.org/A5089499421,200,5
https://openalex.org/A5008529855,200,3
https://openalex.org/A5024216881,200,3
https://openalex.org/A5026117622,200,3
https://openalex.org/A5011273002,200,2
https://openalex.org/A5077665076,200,2
https://openalex.org/A5101757276,201,10
https://openalex.org/A5010063991,201,9
https://openalex.org/A5019230473,201,8
https://openalex.org/A5041575146,201,7
https://openalex.org/A5089009282,201,7
https://openalex.org/A5009058315,201,5
https://openalex.org/A5021091118,201,5
https://openalex.org/A5029209441,201,5
https://openalex.org/A5070052035,201,5
https://openalex.org/A5111988567,201,5
https://openalex.org/A5011860154,201,4
https://openalex.org/A5038955179,202,10
https://openalex.org/A5009952799,202,3
https://openalex.org/A5016122595,202,3
https://openalex.org/A5017119226,202,3
https://openalex.org/A5017187714,202,3
https://openalex.org/A5027333530,202,3
https://openalex.org/A5100807045,202,3
https://openalex.org/A5011373432,202,2
https://openalex.org/A5024945862,202,2
https://openalex.org/A5035851443,202,2
https://openalex.org/A5066215365,202,2
https://openalex.org/A5014921097,203,10
https://openalex.org/A5017391319,203,10
https://openalex.org/A5047032131,203,10
https://openalex.org/A5110627453,203,10
https://openalex.org/A5023899979,203,7
https://openalex.org/A5028772801,203,7
https://openalex.org/A5083562598,203,7
https://openalex.org/A5090727444,203,7
https://openalex.org/A5065241005,203,6
https://openalex.org/A5076595090,203,6
https://openalex.org/A5102836237,203,6
https://openalex.org/A5085100954,204,10
https://openalex.org/A5016521955,204,3
https://openalex.org/A5033186377,204,3
https://openalex.org/A5033630575,204,3
https://openalex.org/A5039419237,204,3
https://openalex.org/A5061838992,204,3
https://openalex.org/A5063334612,204,3
https://openalex.org/A5084061899,204,3
https://openalex.org/A5061292207,204,2
https://openalex.org/A5073458772,204,2
https://openalex.org/A5036678671,204,1
https://openalex.org/A5076779869,205,10
https://openalex.org/A5108752323,205,3
https://openalex.org/A5019883470,205,2
https://openalex.org/A5112605037,205,2
https://openalex.org/A5017988879,205,1
https://openalex.org/A5035032305,205,1
https://openalex.org/A5046614026,205,1
https://openalex.org/A5072314308,205,1
https://openalex.org/A5081530719,205,1
https://openalex.org/A5100439556,205,1
https://openalex.org/A5112649915,205,1
https://openalex.org/A5019503421,206,10
https://openalex.org/A5037671929,206,10
https://openalex.org/A5071329338,206,10
https://openalex.org/A5077496821,206,10
https://openalex.org/A5100689941,206,10
https://openalex.org/A5110934798,206,10
https://openalex.org/A5018160991,206,8
https://openalex.org/A5040844621,206,8
https://openalex.org/A5100413123,206,8
https://openalex.org/A5081854558,206,7
https://openalex.org/A5100349798,206,7
https://openalex.org/A5021833788,207,10
https://openalex.org/A5037148305,207,8
https://openalex.org/A5040139742,207,8
https://openalex.org/A5056586214,207,8
https://openalex.org/A5087735042,207,8
https://openalex.org/A5100397613,207,8
https://openalex.org/A5101452722,207,8
https://openalex.org/A5101671267,207,8
https://openalex.org/A5108048725,207,8
https://openalex.org/A5040700924,207,2
https://openalex.org/A5062964215,207,2
https://openalex.org/A5086442008,208,10
https://openalex.org/A5069985910,208,4
https://openalex.org/A5077412532,208,4
https://openalex.org/A5109172678,208,4
https://openalex.org/A5113518604,208,4
https://openalex.org/A5030053778,208,3
https://openalex.org/A5096551720,208,3
https://openalex.org/A5111776549,208,3
https://openalex.org/A5024654426,208,1
https://openalex.org/A5111565532,208,1
https://openalex.org/A5112249552,208,1
https://openalex.org/A5063955285,209,10
https://openalex.org/A5073670054,209,10
https://openalex.org/A5062193230,209,4
https://openalex.org/A5067971516,209,4
https://openalex.org/A5073457989,209,4
https://openalex.org/A5042845111,209,3
https://openalex.org/A5043183047,209,3
https://openalex.org/A5052574009,209,3
https://openalex.org/A5066562518,209,3
https://openalex.org/A5032451465,209,2
https://openalex.org/A5035807043,209,2
https://openalex.org/A5044810664,210,10
https://openalex.org/A5087293181,210,10
https://openalex.org/A5087334854,210,10
https://openalex.org/A5038461315,210,6
https://openalex.org/A5054929973,210,5
https://openalex.org/A5108410566,210,5
https://openalex.org/A5035092950,210,4
https://openalex.org/A5040014977,210,4
https://openalex.org/A5054185030,210,4
https://openalex.org/A5082765103,210,4
https://openalex.org/A5086107192,210,4
https://openalex.org/A5049293054,211,9
https://openalex.org/A5026688050,211,5
https://openalex.org/A5087396510,211,5
https://openalex.org/A5087763138,211,5
https://openalex.org/A5100448563,211,5
https://openalex.org/A5112188599,211,5
https://openalex.org/A5001305218,211,3
https://openalex.org/A5042005042,211,3
https://openalex.org/A5061753589,211,3
https://openalex.org/A5073051768,211,1
https://openalex.org/A5074394862,212,9
https://openalex.org/A5102386994,212,7
https://openalex.org/A5040057930,212,5
https://openalex.org/A5002351457,212,3
https://openalex.org/A5009552418,212,3
https://openalex.org/A5024960505,212,3
https://openalex.org/A5032609598,212,2
https://openalex.org/A5045192680,212,2
https://openalex.org/A5063627760,212,2
https://openalex.org/A5113575601,212,2
https://openalex.org/A5081376690,213,9
https://openalex.org/A5084180560,213,9
https://openalex.org/A5100743430,213,9
https://openalex.org/A5102011162,213,9
https://openalex.org/A5002590227,213,8
https://openalex.org/A5092089398,213,8
https://openalex.org/A5100688675,213,8
https://openalex.org/A5102541249,213,8
https://openalex.org/A5112723741,213,8
https://openalex.org/A5068627537,213,4
https://openalex.org/A5014829765,214,9
https://openalex.org/A5003509590,214,5
https://openalex.org/A5043342653,214,5
https://openalex.org/A5045719162,214,5
https://openalex.org/A5064987258,214,5
https://openalex.org/A5070284513,214,5
https://openalex.org/A5018742841,214,3
https://openalex.org/A5043908198,214,3
https://openalex.org/A5062503913,214,3
https://openalex.org/A5029118396,214,1
https://openalex.org/A5028783703,215,9
https://openalex.org/A5003611371,215,5
https://openalex.org/A5016703254,215,5
https://openalex.org/A5037731704,215,5
https://openalex.org/A5089136073,215,5
https://openalex.org/A5103050420,215,5
https://openalex.org/A5037252758,215,4
https://openalex.org/A5059745520,215,4
https://openalex.org/A5068360817,215,4
https://openalex.org/A5103417026,215,4
https://openalex.org/A5050073085,216,9
https://openalex.org/A5068763840,216,9
https://openalex.org/A5008020307,216,5
https://openalex.org/A5021956373,216,5
https://openalex.org/A5066702972,216,5
https://openalex.org/A5069603059,216,5
https://openalex.org/A5074289360,216,5
https://openalex.org/A5074994048,216,5
https://openalex.org/A5079079128,216,5
https://openalex.org/A5087469787,216,5
https://openalex.org/A5050026032,217,9
https://openalex.org/A5021845565,217,4
https://openalex.org/A5028575182,217,4
https://openalex.org/A5048227238,217,4
https://openalex.org/A5090324827,217,4
https://openalex.org/A5042307565,217,2
https://openalex.org/A5108441406,217,2
https://openalex.org/A5008590284,217,1
https://openalex.org/A5058747534,217,1
https://openalex.org/A5102914714,217,1
https://openalex.org/A5079294298,218,5
https://openalex.org/A5105401867,218,5
https://openalex.org/A5009072305,218,4
https://openalex.org/A5019988066,218,4
https://openalex.org/A5022662591,218,4
https://openalex.org/A5045865274,218,4
https://openalex.org/A5079511900,218,4
https://openalex.org/A5105419843,218,4
https://openalex.org/A5108133844,218,4
https://openalex.org/A5108156362,218,4
https://openalex.org/A5100353357,219,9
https://openalex.org/A5009767255,219,5
https://openalex.org/A5056663905,219,5
https://openalex.org/A5068135140,219,5
https://openalex.org/A5102192857,219,5
https://openalex.org/A5111785304,219,5
https://openalex.org/A5011751975,219,4
https://openalex.org/A5015407151,219,4
https://openalex.org/A5057148868,219,4
https://openalex.org/A5075814025,219,4
https://openalex.org/A5091517270,220,7
https://openalex.org/A5070916458,220,3
https://openalex.org/A5010271912,220,2
https://openalex.org/A5017925722,220,2
https://openalex.org/A5030671134,220,2
https://openalex.org/A5068566836,220,2
https://openalex.org/A5029935112,220,1
https://openalex.org/A5030376255,220,1
https://openalex.org/A5084132905,220,1
https://openalex.org/A5089014558,220,1
https://openalex.org/A5045790313,221,9
https://openalex.org/A5014622100,221,8
https://openalex.org/A5037896808,221,8
https://openalex.org/A5040786846,221,8
https://openalex.org/A5048006745,221,8
https://openalex.org/A5060343018,221,8
https://openalex.org/A5072486378,221,8
https://openalex.org/A5090930804,221,8
https://openalex.org/A5109105615,221,8
https://openalex.org/A5066381055,221,1
https://openalex.org/A5015269440,222,9
https://openalex.org/A5079394054,222,3
https://openalex.org/A5027467743,222,2
https://openalex.org/A5052404353,222,2
https://openalex.org/A5062402898,222,2
https://openalex.org/A5064051283,222,2
https://openalex.org/A5076888374,222,2
https://openalex.org/A5080008317,222,2
https://openalex.org/A5081035673,222,2
https://openalex.org/A5091136058,222,2
https://openalex.org/A5000072903,223,8
https://openalex.org/A5011759109,223,8
https://openalex.org/A5012352345,223,8
https://openalex.org/A5054187595,223,8
https://openalex.org/A5079078386,223,8
https://openalex.org/A5084635125,223,8
https://openalex.org/A5085786759,223,8
https://openalex.org/A5100322348,223,8
https://openalex.org/A5100713650,223,8
https://openalex.org/A5001775749,224,8
https://openalex.org/A5005539896,224,8
https://openalex.org/A5011282399,224,8
https://openalex.org/A5017011444,224,8
https://openalex.org/A5019514344,224,8
https://openalex.org/A5028705781,224,8
https://openalex.org/A5055791988,224,8
https://openalex.org/A5072485453,224,8
https://openalex.org/A5085642536,224,8
https://openalex.org/A5045466222,225,8
https://openalex.org/A5041684266,225,5
https://openalex.org/A5045876949,225,4
https://openalex.org/A5064322359,225,3
https://openalex.org/A5002225631,225,2
https://openalex.org/A5012202591,225,2
https://openalex.org/A5035233797,225,2
https://openalex.org/A5040999966,225,2
https://openalex.org/A5046130488,225,2
https://openalex.org/A5002544231,226,8
https://openalex.org/A5011365242,226,8
https://openalex.org/A5028819159,226,8
https://openalex.org/A5038502391,226,8
https://openalex.org/A5046924608,226,8
https://openalex.org/A5049150111,226,8
https://openalex.org/A5051049047,226,8
https://openalex.org/A5078200208,226,8
https://openalex.org/A5105457488,226,8
https://openalex.org/A5004372768,227,8
https://openalex.org/A5036782945,227,8
https://openalex.org/A5041654330,227,8
https://openalex.org/A5056123945,227,8
https://openalex.org/A5062097430,227,8
https://openalex.org/A5068585647,227,8
https://openalex.org/A5077102656,227,8
https://openalex.org/A5082588468,227,8
https://openalex.org/A5083197273,227,8
https://openalex.org/A5055877209,228,8
https://openalex.org/A5006849637,228,5
https://openalex.org/A5016923428,228,5
https://openalex.org/A5019635887,228,5
https://openalex.org/A5020232240,228,5
https://openalex.org/A5024946293,228,5
https://openalex.org/A5006868514,228,3
https://openalex.org/A5040222627,228,3
https://openalex.org/A5064847832,228,3
https://openalex.org/A5052445343,229,8
https://openalex.org/A5007227752,229,5
https://openalex.org/A5021620235,229,5
https://openalex.org/A5041955556,229,5
https://openalex.org/A5060162318,229,5
https://openalex.org/A5102957416,229,5
https://openalex.org/A5031926280,229,3
https://openalex.org/A5035328580,229,3
https://openalex.org/A5055004602,229,3
https://openalex.org/A5031343625,230,8
https://openalex.org/A5050972850,230,8
https://openalex.org/A5059509038,230,8
https://openalex.org/A5009404760,230,7
https://openalex.org/A5011948463,230,7
https://openalex.org/A5067676644,230,7
https://openalex.org/A5089839147,230,7
https://openalex.org/A5113712540,230,7
https://openalex.org/A5064267619,230,3
https://openalex.org/A5055808555,231,8
https://openalex.org/A5028413174,231,5
https://openalex.org/A5061118907,231,5
https://openalex.org/A5075384138,231,5
https://openalex.org/A5076579845,231,5
https://openalex.org/A5104362198,231,5
https://openalex.org/A5016443364,231,3
https://openalex.org/A5030961493,231,3
https://openalex.org/A5074553039,231,3
https://openalex.org/A5020101239,232,8
https://openalex.org/A5021609298,232,8
https://openalex.org/A5079383829,232,8
https://openalex.org/A5031388295,232,7
https://openalex.org/A5037866835,232,7
https://openalex.org/A5048092308,232,7
https://openalex.org/A5058154612,232,7
https://openalex.org/A5087409289,232,7
https://openalex.org/A5088019235,232,3
https://openalex.org/A5060834533,233,8
https://openalex.org/A5022864448,233,4
https://openalex.org/A5034588765,233,4
https://openalex.org/A5035754267,233,4
https://openalex.org/A5040961295,233,4
https://openalex.org/A5045965506,233,4
https://openalex.org/A5071680073,233,4
https://openalex.org/A5076449575,233,4
https://openalex.org/A5112241539,233,4
https://openalex.org/A5065140782,234,8
https://openalex.org/A5060359244,234,7
https://openalex.org/A5066074539,234,7
https://openalex.org/A5023611069,234,6
https://openalex.org/A5036462176,234,6
https://openalex.org/A5075141755,234,6
https://openalex.org/A5100546524,234,6
https://openalex.org/A5101511740,234,2
https://openalex.org/A5101811365,234,2
https://openalex.org/A5108696289,235,8
https://openalex.org/A5034775457,235,6
https://openalex.org/A5084201143,235,6
https://openalex.org/A5039779821,235,5
https://openalex.org/A5100455024,235,5
https://openalex.org/A5103437696,235,5
https://openalex.org/A5028613724,235,3
https://openalex.org/A5024949637,235,2
https://openalex.org/A5037674550,235,2
https://openalex.org/A5100730414,236,8
https://openalex.org/A5050166453,236,7
https://openalex.org/A5100737019,236,7
https://openalex.org/A5072916702,236,5
https://openalex.org/A5038271968,236,4
https://openalex.org/A5079790929,236,4
https://openalex.org/A5081112632,236,4
https://openalex.org/A5101985034,236,4
https://openalex.org/A5101683306,236,1
https://openalex.org/A5028493599,237,7
https://openalex.org/A5000738730,237,4
https://openalex.org/A5030751504,237,4
https://openalex.org/A5052308140,237,4
https://openalex.org/A5071893787,237,4
https://openalex.org/A5061951606,237,3
https://openalex.org/A5071144367,237,3
https://openalex.org/A5101957153,237,3
https://openalex.org/A5055087288,238,7
https://openalex.org/A5000762852,238,6
https://openalex.org/A5035021472,238,6
https://openalex.org/A5004266782,238,4
https://openalex.org/A5044244484,238,4
https://openalex.org/A5064168429,238,4
https://openalex.org/A5078266929,238,4
https://openalex.org/A5038400645,238,1
https://openalex.org/A5000975021,239,7
https://openalex.org/A5002527622,239,7
https://openalex.org/A5004134021,239,7
https://openalex.org/A5006865058,239,7
https://openalex.org/A5013132420,239,7
https://openalex.org/A5013874376,239,7
https://openalex.org/A5015454060,239,7
https://openalex.org/A5109964449,239,7
https://openalex.org/A5038676026,240,7
https://openalex.org/A5000985945,240,5
https://openalex.org/A5018814006,240,5
https://openalex.org/A5031772681,240,5
https://openalex.org/A5078854904,240,5
https://openalex.org/A5113646752,240,5
https://openalex.org/A5013004306,240,2
https://openalex.org/A5034951704,240,2
https://openalex.org/A5066107153,241,7
https://openalex.org/A5001760520,241,5
https://openalex.org/A5013209661,241,5
https://openalex.org/A5044175375,241,5
https://openalex.org/A5071844983,241,5
https://openalex.org/A5110175602,241,5
https://openalex.org/A5033119791,241,2
https://openalex.org/A5065156909,241,2
https://openalex.org/A5072281431,242,7
https://openalex.org/A5006869810,242,4
https://openalex.org/A5008628155,242,4
https://openalex.org/A5078801213,242,4
https://openalex.org/A5082662444,242,4
https://openalex.org/A5002392917,242,3
https://openalex.org/A5017545507,242,3
https://openalex.org/A5075904541,242,3
https://openalex.org/A5012632282,243,7
https://openalex.org/A5013892197,243,7
https://openalex.org/A5002593811,243,4
https://openalex.org/A5008123348,243,4
https://openalex.org/A5023707626,243,4
https://openalex.org/A5040750576,243,4
https://openalex.org/A5065124504,243,4
https://openalex.org/A5103852975,243,4
https://openalex.org/A5040846333,244,7
https://openalex.org/A5015252379,244,5
https://openalex.org/A5033461163,244,5
https://openalex.org/A5065492071,244,5
https://openalex.org/A5082101542,244,5
https://openalex.org/A5082180400,244,5
https://openalex.org/A5003305169,244,2
https://openalex.org/A5054473822,244,2
https://openalex.org/A5100748612,245,7
https://openalex.org/A5003792009,245,3
https://openalex.org/A5020563944,245,3
https://openalex.org/A5025744582,245,3
https://openalex.org/A5073730598,245,3
https://openalex.org/A5100636968,245,3
https://openalex.org/A5100765885,245,3
https://openalex.org/A5052169469,245,1
https://openalex.org/A5021334672,246,7
https://openalex.org/A5022489655,246,5
https://openalex.org/A5026230181,246,5
https://openalex.org/A5036083132,246,5
https://openalex.org/A5066427994,246,5
https://openalex.org/A5089519482,246,5
https://openalex.org/A5004258058,246,2
https://openalex.org/A5081801388,246,2
https://openalex.org/A5100624179,247,7
https://openalex.org/A5006338320,247,6
https://openalex.org/A5025901625,247,6
https://openalex.org/A5040592626,247,6
https://openalex.org/A5075167426,247,6
https://openalex.org/A5109939723,247,6
https://openalex.org/A5111727436,247,6
https://openalex.org/A5076135086,247,1
https://openalex.org/A5010889372,248,7
https://openalex.org/A5028476678,248,7
https://openalex.org/A5051160322,248,7
https://openalex.org/A5057209464,248,7
https://openalex.org/A5064816730,248,7
https://openalex.org/A5072947315,248,7
https://openalex.org/A5075805993,248,7
https://openalex.org/A5090578804,248,7
https://openalex.org/A5052194553,249,7
https://openalex.org/A5024109890,249,6
https://openalex.org/A5067806576,249,5
https://openalex.org/A5034738954,249,4
https://openalex.org/A5081486081,249,4
https://openalex.org/A5012306079,249,3
https://openalex.org/A5046588342,249,3
https://openalex.org/A5070315615,249,2
https://openalex.org/A5012889070,250,7
https://openalex.org/A5065865134,250,7
https://openalex.org/A5071066639,250,7
https://openalex.org/A5073980632,250,7
https://openalex.org/A5083098684,250,7
https://openalex.org/A5085221831,250,7
https://openalex.org/A5101740568,250,7
https://openalex.org/A5110843713,250,7
https://openalex.org/A5024215194,251,7
https://openalex.org/A5101789547,251,7
https://openalex.org/A5018323918,251,5
https://openalex.org/A5061444674,251,5
https://openalex.org/A5071018542,251,5
https://openalex.org/A5109090536,251,5
https://openalex.org/A5072800872,251,3
https://openalex.org/A5079684636,251,3
https://openalex.org/A5034089559,252,7
https://openalex.org/A5020043714,252,5
https://openalex.org/A5033796935,252,5
https://openalex.org/A5044817673,252,5
https://openalex.org/A5057478255,252,5
https://openalex.org/A5101829642,252,5
https://openalex.org/A5020087333,252,1
https://openalex.org/A5057110110,252,1
https://openalex.org/A5069287307,253,7
https://openalex.org/A5029720124,253,3
https://openalex.org/A5041944945,253,3
https://openalex.org/A5060658955,253,3
https://openalex.org/A5065756527,253,3
https://openalex.org/A5102005690,253,3
https://openalex.org/A5102970054,253,3
https://openalex.org/A5024136020,253,1
https://openalex.org/A5008536718,254,6
https://openalex.org/A5038602785,254,3
https://openalex.org/A5073384505,254,3
https://openalex.org/A5081804921,254,3
https://openalex.org/A5000136720,254,1
https://openalex.org/A5103994864,254,1
https://openalex.org/A5113778779,254,1
https://openalex.org/A5066593729,255,6
https://openalex.org/A5000161232,255,2
https://openalex.org/A5017849720,255,2
https://openalex.org/A5075633645,255,2
https://openalex.org/A5107251908,255,2
https://openalex.org/A5054035856,255,1
https://openalex.org/A5113813402,255,1
https://openalex.org/A5040730614,256,6
https://openalex.org/A5014320446,256,3
https://openalex.org/A5039181456,256,3
https://openalex.org/A5061691178,256,3
https://openalex.org/A5081381214,256,3
https://openalex.org/A5000317708,256,2
https://openalex.org/A5082796790,256,2
https://openalex.org/A5007930376,257,6
https://openalex.org/A5031853093,257,6
https://openalex.org/A5051485884,257,6
https://openalex.org/A5053238545,257,6
https://openalex.org/A5000705288,257,5
https://openalex.org/A5064872101,257,5
https://openalex.org/A5026532430,257,4
https://openalex.org/A5000807690,258,6
https://openalex.org/A5013423234,258,6
https://openalex.org/A5027209350,258,6
https://openalex.org/A5078725923,258,6
https://openalex.org/A5083118624,258,6
https://openalex.org/A5092800066,258,6
https://openalex.org/A5113001063,258,6
https://openalex.org/A5001454987,259,6
https://openalex.org/A5016064243,259,6
https://openalex.org/A5033062026,259,6
https://openalex.org/A5087497615,259,6
https://openalex.org/A5100459378,259,6
https://openalex.org/A5100767491,259,6
https://openalex.org/A5101631682,259,6
https://openalex.org/A5001894156,260,6
https://openalex.org/A5010458603,260,6
https://openalex.org/A5025192884,260,6
https://openalex.org/A5028754896,260,6
https://openalex.org/A5062205384,260,6
https://openalex.org/A5101490440,260,6
https://openalex.org/A5109794725,260,6
https://openalex.org/A5002490736,261,6
https://openalex.org/A5012340152,261,6
https://openalex.org/A5024656012,261,6
https://openalex.org/A5030417099,261,6
https://openalex.org/A5055740398,261,6
https://openalex.org/A5057941803,261,6
https://openalex.org/A5075243881,261,6
https://openalex.org/A5002601219,262,6
https://openalex.org/A5011898604,262,6
https://openalex.org/A5028842813,262,6
https://openalex.org/A5060232141,262,6
https://openalex.org/A5100369134,262,6
https://openalex.org/A5101832347,262,6
https://openalex.org/A5101990760,262,6
https://openalex.org/A5055734208,263,6
https://openalex.org/A5084730447,263,6
https://openalex.org/A5002874139,263,4
https://openalex.org/A5018102537,263,4
https://openalex.org/A5024260775,263,4
https://openalex.org/A5005614672,263,3
https://openalex.org/A5112865071,263,3
https://openalex.org/A5101468041,264,6
https://openalex.org/A5003905273,264,4
https://openalex.org/A5009273449,264,4
https://openalex.org/A5027702530,264,4
https://openalex.org/A5040465673,264,4
https://openalex.org/A5029412894,264,2
https://openalex.org/A5085255595,264,2
https://openalex.org/A5004497016,265,6
https://openalex.org/A5006257131,265,6
https://openalex.org/A5006468847,265,6
https://openalex.org/A5054912372,265,6
https://openalex.org/A5059517063,265,6
https://openalex.org/A5060620084,265,6
https://openalex.org/A5103554771,265,6
https://openalex.org/A5005399074,266,6
https://openalex.org/A5038604576,266,6
https://openalex.org/A5040091372,266,6
https://openalex.org/A5051743081,266,6
https://openalex.org/A5070158936,266,6
https://openalex.org/A5087631107,266,6
https://openalex.org/A5100368754,266,6
https://openalex.org/A5016373431,267,6
https://openalex.org/A5040974704,267,6
https://openalex.org/A5075398618,267,6
https://openalex.org/A5007841913,267,5
https://openalex.org/A5023312789,267,5
https://openalex.org/A5052090709,267,5
https://openalex.org/A5089161061,267,3
https://openalex.org/A5011481532,268,6
https://openalex.org/A5022226726,268,6
https://openalex.org/A5032614226,268,6
https://openalex.org/A5051315436,268,6
https://openalex.org/A5059829351,268,6
https://openalex.org/A5069544652,268,6
https://openalex.org/A5074030283,268,6
https://openalex.org/A5037882098,269,6
https://openalex.org/A5013311390,269,2
https://openalex.org/A5047234347,269,2
https://openalex.org/A5042716376,269,1
https://openalex.org/A5053589098,269,1
https://openalex.org/A5067896668,269,1
https://openalex.org/A5078003489,269,1
https://openalex.org/A5038971800,270,6
https://openalex.org/A5013352366,270,4
https://openalex.org/A5014626257,270,4
https://openalex.org/A5052307041,270,4
https://openalex.org/A5058403529,270,4
https://openalex.org/A5035027604,270,2
https://openalex.org/A5061472526,270,2
https://openalex.org/A5014307099,271,6
https://openalex.org/A5024087031,271,6
https://openalex.org/A5025325201,271,6
https://openalex.org/A5045644308,271,6
https://openalex.org/A5065023939,271,6
https://openalex.org/A5108701736,271,6
https://openalex.org/A5108714133,271,6
https://openalex.org/A5088136048,272,6
https://openalex.org/A5014907930,272,5
https://openalex.org/A5031744614,272,5
https://openalex.org/A5073770015,272,5
https://openalex.org/A5089042219,272,5
https://openalex.org/A5103085873,272,5
https://openalex.org/A5023030002,272,1
https://openalex.org/A5018352766,273,6
https://openalex.org/A5026610143,273,6
https://openalex.org/A5084737881,273,6
https://openalex.org/A5100388668,273,6
https://openalex.org/A5100613098,273,6
https://openalex.org/A5100675358,273,6
https://openalex.org/A5102564923,273,6
https://openalex.org/A5025611189,274,6
https://openalex.org/A5037157657,274,6
https://openalex.org/A5037246335,274,6
https://openalex.org/A5045025067,274,6
https://openalex.org/A5046080837,274,6
https://openalex.org/A5065168968,274,6
https://openalex.org/A5112278445,274,6
https://openalex.org/A5027783322,275,6
https://openalex.org/A5027968788,275,6
https://openalex.org/A5031302764,275,6
https://openalex.org/A5038689239,275,6
https://openalex.org/A5046443855,275,6
https://openalex.org/A5086077290,275,6
https://openalex.org/A5109295857,275,6
https://openalex.org/A5030859194,276,6
https://openalex.org/A5048337372,276,2
https://openalex.org/A5058049725,276,2
https://openalex.org/A5065281472,276,2
https://openalex.org/A5087215613,276,2
https://openalex.org/A5034672538,276,1
https://openalex.org/A5101665677,276,1
https://openalex.org/A5032310854,277,6
https://openalex.org/A5042433819,277,6
https://openalex.org/A5068161146,277,6
https://openalex.org/A5100328250,277,6
https://openalex.org/A5100451296,277,6
https://openalex.org/A5100641927,277,6
https://openalex.org/A5100657231,277,6
https://openalex.org/A5034953242,278,6
https://openalex.org/A5036222512,278,6
https://openalex.org/A5043168732,278,6
https://openalex.org/A5100373619,278,6
https://openalex.org/A5100598635,278,6
https://openalex.org/A5101274295,278,6
https://openalex.org/A5102801950,278,6
https://openalex.org/A5037204027,279,6
https://openalex.org/A5044778419,279,6
https://openalex.org/A5050399467,279,6
https://openalex.org/A5061071203,279,6
https://openalex.org/A5062401133,279,6
https://openalex.org/A5073153681,279,6
https://openalex.org/A5091120007,279,6
https://openalex.org/A5055435715,280,6
https://openalex.org/A5070335453,280,6
https://openalex.org/A5073581608,280,6
https://openalex.org/A5100569654,280,6
https://openalex.org/A5100615989,280,6
https://openalex.org/A5100741526,280,6
https://openalex.org/A5101484471,280,6
https://openalex.org/A5008429967,281,5
https://openalex.org/A5059362347,281,3
https://openalex.org/A5074278417,281,3
https://openalex.org/A5101889147,281,3
https://openalex.org/A5000044903,281,2
https://openalex.org/A5046648715,281,2
https://openalex.org/A5000880537,282,5
https://openalex.org/A5036867612,282,5
https://openalex.org/A5049937068,282,5
https://openalex.org/A5058396658,282,5
https://openalex.org/A5072225338,282,5
https://openalex.org/A5073286477,282,5
https://openalex.org/A5001308754,283,5
https://openalex.org/A5027086183,283,5
https://openalex.org/A5029129300,283,5
https://openalex.org/A5031461768,283,5
https://openalex.org/A5083541652,283,5
https://openalex.org/A5091389844,283,5
https://openalex.org/A5001785082,284,5
https://openalex.org/A5030227586,284,5
https://openalex.org/A5032821860,284,5
https://openalex.org/A5040295832,284,5
https://openalex.org/A5043880276,284,5
https://openalex.org/A5068945782,284,5
https://openalex.org/A5086308811,285,5
https://openalex.org/A5002233187,285,4
https://openalex.org/A5041232026,285,4
https://openalex.org/A5049765815,285,4
https://openalex.org/A5111458484,285,4
https://openalex.org/A5017025292,285,1
https://openalex.org/A5003138443,286,5
https://openalex.org/A5038212708,286,5
https://openalex.org/A5042045761,286,5
https://openalex.org/A5061713838,286,5
https://openalex.org/A5101472713,286,5
https://openalex.org/A5101802655,286,5
https://openalex.org/A5028375560,287,5
https://openalex.org/A5074870255,287,5
https://openalex.org/A5003218858,287,4
https://openalex.org/A5006521642,287,4
https://openalex.org/A5075398704,287,4
https://openalex.org/A5016658563,287,2
https://openalex.org/A5007105250,288,5
https://openalex.org/A5008645875,288,5
https://openalex.org/A5018000308,288,5
https://openalex.org/A5100323687,288,5
https://openalex.org/A5100705793,288,5
https://openalex.org/A5102826813,288,5
https://openalex.org/A5008614548,289,5
https://openalex.org/A5016019821,289,5
https://openalex.org/A5056185931,289,5
https://openalex.org/A5077212585,289,5
https://openalex.org/A5080977078,289,5
https://openalex.org/A5111150148,289,5
https://openalex.org/A5008645923,290,5
https://openalex.org/A5020344477,290,5
https://openalex.org/A5073101173,290,5
https://openalex.org/A5080328866,290,5
https://openalex.org/A5109839341,290,5
https://openalex.org/A5113588791,290,5
https://openalex.org/A5081249087,291,5
https://openalex.org/A5025713059,291,3
https://openalex.org/A5090572882,291,3
https://openalex.org/A5108125972,291,3
https://openalex.org/A5008674526,291,2
https://openalex.org/A5035122795,291,2
https://openalex.org/A5009032240,292,5
https://openalex.org/A5023942291,292,5
https://openalex.org/A5063903016,292,5
https://openalex.org/A5036393534,292,4
https://openalex.org/A5039409207,292,4
https://openalex.org/A5044583545,292,3
https://openalex.org/A5091022089,293,5
https://openalex.org/A5009355477,293,3
https://openalex.org/A5009882362,293,3
https://openalex.org/A5035426350,293,3
https://openalex.org/A5051317487,293,2
https://openalex.org/A5080631815,293,2
https://openalex.org/A5009457324,294,5
https://openalex.org/A5030086247,294,5
https://openalex.org/A5038145406,294,5
https://openalex.org/A5056079692,294,5
https://openalex.org/A5059208622,294,5
https://openalex.org/A5074451560,294,5
https://openalex.org/A5009991655,295,5
https://openalex.org/A5013050263,295,5
https://openalex.org/A5051293207,295,5
https://openalex.org/A5069311949,295,5
https://openalex.org/A5103048025,295,5
https://openalex.org/A5113959532,295,5
https://openalex.org/A5010743073,296,5
https://openalex.org/A5035961443,296,5
https://openalex.org/A5100340910,296,5
https://openalex.org/A5101317450,296,5
https://openalex.org/A5101657058,296,5
https://openalex.org/A5103183732,296,5
https://openalex.org/A5013529931,297,5
https://openalex.org/A5017078013,297,5
https://openalex.org/A5049084929,297,5
https://openalex.org/A5072787311,297,5
https://openalex.org/A5101438520,297,5
https://openalex.org/A5108731811,297,5
https://openalex.org/A5070489486,298,5
https://openalex.org/A5017530042,298,2
https://openalex.org/A5023009454,298,2
https://openalex.org/A5055933459,298,2
https://openalex.org/A5067053427,298,2
https://openalex.org/A5109560598,298,1
https://openalex.org/A5027253160,299,5
https://openalex.org/A5028768405,299,5
https://openalex.org/A5114374034,299,5
https://openalex.org/A5035702159,299,4
https://openalex.org/A5049295437,299,4
https://openalex.org/A5112828028,299,3
https://openalex.org/A5030430456,300,5
https://openalex.org/A5043926040,300,5
https://openalex.org/A5056023044,300,5
https://openalex.org/A5061331252,300,5
https://openalex.org/A5076807839,300,5
https://openalex.org/A5089425045,300,5
https://openalex.org/A5035315636,301,5
https://openalex.org/A5054748405,301,5
https://openalex.org/A5062081971,301,5
https://openalex.org/A5064763779,301,5
https://openalex.org/A5073349048,301,5
https://openalex.org/A5100776720,301,5
https://openalex.org/A5054439389,302,5
https://openalex.org/A5038615036,302,4
https://openalex.org/A5049792449,302,4
https://openalex.org/A5078255092,302,4
https://openalex.org/A5085629068,302,4
https://openalex.org/A5043872748,302,1
https://openalex.org/A5067570932,303,5
https://openalex.org/A5070135290,303,5
https://openalex.org/A5100321588,303,5
https://openalex.org/A5100567201,303,5
https://openalex.org/A5101895104,303,5
https://openalex.org/A5102505955,303,5
https://openalex.org/A5069227151,304,5
https://openalex.org/A5089763436,304,3
https://openalex.org/A5100751540,304,3
https://openalex.org/A5101457864,304,3
https://openalex.org/A5102764378,304,2
https://openalex.org/A5110549659,304,2
https://openalex.org/A5073010651,305,4
https://openalex.org/A5000066138,305,2
https://openalex.org/A5052396839,305,2
https://openalex.org/A5047286124,305,1
https://openalex.org/A5054766801,305,1
https://openalex.org/A5001097474,306,4
https://openalex.org/A5078049762,306,4
https://openalex.org/A5102770405,306,3
https://openalex.org/A5103152854,306,3
https://openalex.org/A5048673787,306,2
https://openalex.org/A5021991324,307,4
https://openalex.org/A5001242734,307,3
https://openalex.org/A5003122764,307,3
https://openalex.org/A5035784519,307,3
https://openalex.org/A5025855278,307,1
https://openalex.org/A5001528235,308,4
https://openalex.org/A5021464951,308,4
https://openalex.org/A5063129213,308,4
https://openalex.org/A5050952724,308,3
https://openalex.org/A5082031432,308,3
https://openalex.org/A5001610203,309,4
https://openalex.org/A5024650036,309,4
https://openalex.org/A5027869544,309,4
https://openalex.org/A5063089676,309,4
https://openalex.org/A5086210260,309,4
https://openalex.org/A5001694837,310,4
https://openalex.org/A5003680815,310,4
https://openalex.org/A5022054335,310,4
https://openalex.org/A5079015203,310,4
https://openalex.org/A5108976650,310,4
https://openalex.org/A5002007070,311,4
https://openalex.org/A5013183780,311,4
https://openalex.org/A5035999040,311,4
https://openalex.org/A5079617036,311,4
https://openalex.org/A5112638197,311,4
https://openalex.org/A5002073039,312,4
https://openalex.org/A5023405697,312,2
https://openalex.org/A5045202189,312,2
https://openalex.org/A5051204759,312,1
https://openalex.org/A5109330693,312,1
https://openalex.org/A5084918963,313,4
https://openalex.org/A5003197972,313,3
https://openalex.org/A5009207162,313,3
https://openalex.org/A5091774957,313,3
https://openalex.org/A5065691056,313,1
https://openalex.org/A5003395962,314,4
https://openalex.org/A5029971817,314,4
https://openalex.org/A5085442687,314,4
https://openalex.org/A5100898497,314,4
https://openalex.org/A5108209151,314,4
https://openalex.org/A5003520539,315,4
https://openalex.org/A5037648751,315,4
https://openalex.org/A5061587115,315,4
https://openalex.org/A5086328631,315,4
https://openalex.org/A5101586319,315,4
https://openalex.org/A5005439864,316,4
https://openalex.org/A5008864337,316,2
https://openalex.org/A5070752432,316,2
https://openalex.org/A5083851497,316,2
https://openalex.org/A5112991737,316,2
https://openalex.org/A5054478253,317,4
https://openalex.org/A5030852680,317,3
https://openalex.org/A5005537718,317,2
https://openalex.org/A5077561974,317,2
https://openalex.org/A5011899466,317,1
https://openalex.org/A5007437458,318,4
https://openalex.org/A5013502953,318,4
https://openalex.org/A5025842562,318,4
https://openalex.org/A5028615475,318,4
https://openalex.org/A5060534541,318,4
https://openalex.org/A5007620149,319,4
https://openalex.org/A5031334559,319,4
https://openalex.org/A5042831132,319,4
https://openalex.org/A5057205161,319,4
https://openalex.org/A5061836283,319,4
https://openalex.org/A5008156463,320,4
https://openalex.org/A5038178852,320,4
https://openalex.org/A5059651484,320,4
https://openalex.org/A5072835142,320,4
https://openalex.org/A5100390697,320,4
https://openalex.org/A5010431622,321,4
https://openalex.org/A5028806001,321,4
https://openalex.org/A5078903884,321,4
https://openalex.org/A5101283080,321,4
https://openalex.org/A5113051877,321,4
https://openalex.org/A5070346701,322,4
https://openalex.org/A5010539758,322,2
https://openalex.org/A5039806288,322,2
https://openalex.org/A5083400955,322,2
https://openalex.org/A5103291918,322,2
https://openalex.org/A5010562415,323,4
https://openalex.org/A5054348632,323,4
https://openalex.org/A5061378816,323,4
https://openalex.org/A5073871290,323,4
https://openalex.org/A5090782973,323,4
https://openalex.org/A5010713031,324,4
https://openalex.org/A5034887021,324,4
https://openalex.org/A5080203388,324,4
https://openalex.org/A5087914116,324,4
https://openalex.org/A5101678958,324,4
https://openalex.org/A5013469439,325,4
https://openalex.org/A5024302139,325,4
https://openalex.org/A5100411153,325,4
https://openalex.org/A5100441960,325,4
https://openalex.org/A5100749953,325,4
https://openalex.org/A5072853267,326,4
https://openalex.org/A5073580129,326,2
https://openalex.org/A5101997511,326,2
https://openalex.org/A5013567943,326,1
https://openalex.org/A5066461524,326,1
https://openalex.org/A5013741842,327,4
https://openalex.org/A5059061506,327,4
https://openalex.org/A5064433719,327,4
https://openalex.org/A5100380043,327,4
https://openalex.org/A5102855344,327,4
https://openalex.org/A5014716343,328,4
https://openalex.org/A5022948128,328,4
https://openalex.org/A5039326711,328,4
https://openalex.org/A5100647548,328,4
https://openalex.org/A5101650262,328,4
https://openalex.org/A5018524923,329,4
https://openalex.org/A5046454905,329,4
https://openalex.org/A5047464344,329,4
https://openalex.org/A5058894227,329,4
https://openalex.org/A5101734061,329,4
https://openalex.org/A5019183264,330,4
https://openalex.org/A5079952957,330,4
https://openalex.org/A5062240413,330,3
https://openalex.org/A5067573312,330,3
https://openalex.org/A5088077833,330,2
https://openalex.org/A5019201625,331,4
https://openalex.org/A5052157786,331,4
https://openalex.org/A5085824347,331,4
https://openalex.org/A5088909828,331,4
https://openalex.org/A5100355859,331,4
https://openalex.org/A5019248678,332,4
https://openalex.org/A5028806505,332,4
https://openalex.org/A5037409643,332,4
https://openalex.org/A5055473063,332,4
https://openalex.org/A5083319557,332,4
https://openalex.org/A5019284998,333,4
https://openalex.org/A5051448088,333,4
https://openalex.org/A5062364908,333,4
https://openalex.org/A5074552426,333,4
https://openalex.org/A5108095605,333,4
https://openalex.org/A5021362510,334,4
https://openalex.org/A5029060809,334,4
https://openalex.org/A5053978096,334,4
https://openalex.org/A5058956807,334,4
https://openalex.org/A5067296366,334,4
https://openalex.org/A5021827617,335,4
https://openalex.org/A5109587088,335,4
https://openalex.org/A5036384670,335,3
https://openalex.org/A5100336334,335,3
https://openalex.org/A5090597599,335,2
https://openalex.org/A5051687457,336,4
https://openalex.org/A5030650456,336,3
https://openalex.org/A5039431216,336,2
https://openalex.org/A5044514558,336,2
https://openalex.org/A5022139141,336,1
https://openalex.org/A5037727403,337,4
https://openalex.org/A5083899273,337,2
https://openalex.org/A5100612627,337,2
https://openalex.org/A5101305177,337,2
https://openalex.org/A5103000598,337,2
https://openalex.org/A5043554729,338,4
https://openalex.org/A5054147588,338,4
https://openalex.org/A5057969700,338,4
https://openalex.org/A5074118576,338,4
https://openalex.org/A5082534171,338,4
https://openalex.org/A5067897386,339,4
https://openalex.org/A5043834714,339,2
https://openalex.org/A5054294717,339,2
https://openalex.org/A5063126579,339,2
https://openalex.org/A5102730787,339,2
https://openalex.org/A5100345666,340,4
https://openalex.org/A5100451922,340,4
https://openalex.org/A5100454370,340,4
https://openalex.org/A5100624915,340,4
https://openalex.org/A5100778369,340,4
https://openalex.org/A5009440845,341,3
https://openalex.org/A5032846022,341,2
https://openalex.org/A5101816659,341,2
https://openalex.org/A5000519105,341,1
https://openalex.org/A5000581052,342,3
https://openalex.org/A5037013109,342,3
https://openalex.org/A5053550328,342,3
https://openalex.org/A5064830514,342,3
https://openalex.org/A5001076668,343,3
https://openalex.org/A5017411062,343,3
https://openalex.org/A5083127396,343,3
https://openalex.org/A5089301391,343,3
https://openalex.org/A5001770849,344,3
https://openalex.org/A5022335656,344,3
https://openalex.org/A5036290517,344,3
https://openalex.org/A5050812782,344,3
https://openalex.org/A5005560875,345,3
https://openalex.org/A5032121234,345,3
https://openalex.org/A5022970868,345,2
https://openalex.org/A5069264476,345,2
https://openalex.org/A5005662654,346,3
https://openalex.org/A5037695522,346,3
https://openalex.org/A5066690310,346,3
https://openalex.org/A5110351709,346,3
https://openalex.org/A5005998747,347,3
https://openalex.org/A5012661788,347,3
https://openalex.org/A5102858517,347,3
https://openalex.org/A5113595717,347,3
https://openalex.org/A5007219281,348,3
https://openalex.org/A5020863031,348,3
https://openalex.org/A5034665091,348,3
https://openalex.org/A5102873173,348,3
https://openalex.org/A5007241438,349,3
https://openalex.org/A5019480291,349,3
https://openalex.org/A5045560077,349,3
https://openalex.org/A5076776669,349,3
https://openalex.org/A5008053208,350,3
https://openalex.org/A5047801213,350,3
https://openalex.org/A5069432042,350,3
https://openalex.org/A5081390951,350,3
https://openalex.org/A5009626152,351,3
https://openalex.org/A5067206104,351,3
https://openalex.org/A5086887575,351,3
https://openalex.org/A5111994814,351,3
https://openalex.org/A5050286782,352,3
https://openalex.org/A5010992173,352,1
https://openalex.org/A5022864247,352,1
https://openalex.org/A5088154863,352,1
https://openalex.org/A5011821114,353,3
https://openalex.org/A5018209878,353,3
https://openalex.org/A5070164335,353,3
https://openalex.org/A5102727799,353,3
https://openalex.org/A5012679482,354,3
https://openalex.org/A5022030754,354,3
https://openalex.org/A5057698319,354,3
https://openalex.org/A5106430515,354,3
https://openalex.org/A5013565832,355,3
https://openalex.org/A5044851119,355,3
https://openalex.org/A5101514504,355,3
https://openalex.org/A5112060572,355,3
https://openalex.org/A5017621115,356,3
https://openalex.org/A5026024797,356,3
https://openalex.org/A5077152506,356,3
https://openalex.org/A5089143868,356,3
https://openalex.org/A5019778933,357,3
https://openalex.org/A5055906211,357,3
https://openalex.org/A5077513889,357,3
https://openalex.org/A5081061938,357,3
https://openalex.org/A5027925493,358,3
https://openalex.org/A5110141529,358,3
https://openalex.org/A5043264271,358,2
https://openalex.org/A5113779030,358,2
https://openalex.org/A5030777977,359,3
https://openalex.org/A5030154020,359,2
https://openalex.org/A5050781477,359,2
https://openalex.org/A5062911752,359,1
https://openalex.org/A5038775913,360,3
https://openalex.org/A5050116356,360,3
https://openalex.org/A5069651646,360,3
https://openalex.org/A5081618399,360,3
https://openalex.org/A5044723722,361,3
https://openalex.org/A5053771548,361,3
https://openalex.org/A5065279927,361,3
https://openalex.org/A5101861830,361,3
https://openalex.org/A5088086711,362,3
https://openalex.org/A5048004492,362,1
https://openalex.org/A5084468584,362,1
https://openalex.org/A5102750774,362,1
https://openalex.org/A5051884700,363,3
https://openalex.org/A5083918574,363,3
https://openalex.org/A5103280619,363,3
https://openalex.org/A5106941500,363,3
https://openalex.org/A5053204096,364,3
https://openalex.org/A5068863125,364,3
https://openalex.org/A5082312494,364,3
https://openalex.org/A5102940578,364,3
https://openalex.org/A5061916668,365,3
https://openalex.org/A5100449638,365,3
https://openalex.org/A5100753210,365,3
https://openalex.org/A5101563320,365,3
https://openalex.org/A5000025221,366,2
https://openalex.org/A5031417487,366,2
https://openalex.org/A5058992999,366,2
https://openalex.org/A5000878033,367,2
https://openalex.org/A5025236648,367,2
https://openalex.org/A5053835888,367,2
https://openalex.org/A5001769468,368,2
https://openalex.org/A5057262624,368,2
https://openalex.org/A5101739005,368,2
https://openalex.org/A5002144560,369,2
https://openalex.org/A5060904254,369,2
https://openalex.org/A5109273315,369,2
https://openalex.org/A5068231975,370,2
https://openalex.org/A5005617281,370,1
https://openalex.org/A5055334541,370,1
https://openalex.org/A5082395980,371,2
https://openalex.org/A5005865945,371,1
https://openalex.org/A5058632633,371,1
https://openalex.org/A5008566881,372,2
https://openalex.org/A5100360502,372,2
https://openalex.org/A5100745866,372,2
https://openalex.org/A5010721627,373,2
https://openalex.org/A5070911663,373,2
https://openalex.org/A5101976280,373,2
https://openalex.org/A5014359940,374,2
https://openalex.org/A5019962493,374,2
https://openalex.org/A5033563273,374,2
https://openalex.org/A5015651100,375,2
https://openalex.org/A5027701257,375,2
https://openalex.org/A5070312562,375,2
https://openalex.org/A5026667359,376,2
https://openalex.org/A5039337520,376,2
https://openalex.org/A5041039123,376,2
https://openalex.org/A5028360618,377,2
https://openalex.org/A5061244760,377,2
https://openalex.org/A5104031490,377,2
https://openalex.org/A5030928094,378,2
https://openalex.org/A5075117735,378,2
https://openalex.org/A5082283204,378,2
https://openalex.org/A5102925288,379,2
https://openalex.org/A5032805617,379,1
https://openalex.org/A5049061155,379,1
https://openalex.org/A5035929676,380,2
https://openalex.org/A5060631280,380,2
https://openalex.org/A5065557169,380,2
https://openalex.org/A5039190362,381,2
https://openalex.org/A5058543854,381,2
https://openalex.org/A5091892586,381,2
https://openalex.org/A5040247893,382,2
https://openalex.org/A5064624426,382,2
https://openalex.org/A5065213784,382,2
https://openalex.org/A5047166410,383,2
https://openalex.org/A5076971366,383,2
https://openalex.org/A5085162107,383,2
https://openalex.org/A5058826854,384,2
https://openalex.org/A5072805217,384,2
https://openalex.org/A5090147268,384,2
https://openalex.org/A5059430592,385,2
https://openalex.org/A5081231589,385,2
https://openalex.org/A5102845677,385,2
https://openalex.org/A5074125073,386,2
https://openalex.org/A5100606726,386,2
https://openalex.org/A5101476500,386,2
https://openalex.org/A5001887300,387,1
https://openalex.org/A5056931132,387,1
https://openalex.org/A5005160708,388,1
https://openalex.org/A5073660378,388,1
https://openalex.org/A5005652247,389,1
https://openalex.org/A5058457102,389,1
https://openalex.org/A5010677626,390,1
https://openalex.org/A5070390987,390,1
https://openalex.org/A5012789968,391,1
https://openalex.org/A5078609284,391,1
https://openalex.org/A5013862232,392,1
https://openalex.org/A5066249339,392,1
https://openalex.org/A5018297686,393,1
https://openalex.org/A5054792776,393,1
https://openalex.org/A5033663242,394,1
https://openalex.org/A5055984700,394,1
https://openalex.org/A5036523068,395,1
https://openalex.org/A5060903289,395,1
https://openalex.org/A5043382223,396,1
https://openalex.org/A5088891017,396,1
https://openalex.org/A5054002619,397,1
https://openalex.org/A5056166213,397,1
https://openalex.org/A5065301160,398,1
https://openalex.org/A5111667138,398,1
https://openalex.org/A5089601215,399,1
https://openalex.org/A5109835690,399,1
https://openalex.org/A5002176910,400,0
https://openalex.org/A5029365001,401,0
https://openalex.org/A5029472989,402,0
https://openalex.org/A5065953496,403,0
https://openalex.org/A5074270541,404,0
https://openalex.org/A5074509683,405,0
https://openalex.org/A5109918661,406,0
https://openalex.org/A5110391597,407,0
